ISO-10303-21;
HEADER;
/* Generated by software containing ST-Developer
 * from STEP Tools, Inc. (www.steptools.com) 
 */

FILE_DESCRIPTION(
/* description */ (''),
/* implementation_level */ '2;1');

FILE_NAME(
/* name */ 'arm mount.step',
/* time_stamp */ '2026-08-23T12:53:17+05:30',
/* author */ (''),
/* organization */ (''),
/* preprocessor_version */ 'ST-DEVELOPER v20.1',
/* originating_system */ 'Autodesk Translation Framework v15.8.0.0',
/* authorisation */ '');

FILE_SCHEMA (('AUTOMOTIVE_DESIGN { 1 0 10303 214 3 1 1 }'));
ENDSEC;

DATA;
#10=MECHANICAL_DESIGN_GEOMETRIC_PRESENTATION_REPRESENTATION('',(#19,#20),
#3492);
#11=ITEM_DEFINED_TRANSFORMATION($,$,#2140,#2311);
#12=(
REPRESENTATION_RELATIONSHIP($,$,#3503,#3502)
REPRESENTATION_RELATIONSHIP_WITH_TRANSFORMATION(#11)
SHAPE_REPRESENTATION_RELATIONSHIP()
);
#13=CONTEXT_DEPENDENT_SHAPE_REPRESENTATION(#12,#3501);
#14=NEXT_ASSEMBLY_USAGE_OCCURRENCE('arm:1','arm:1','arm:1',#3505,#3506,
'arm:1');
#15=SHAPE_REPRESENTATION_RELATIONSHIP('SRR','None',#3503,#17);
#16=SHAPE_REPRESENTATION_RELATIONSHIP('SRR','None',#3502,#18);
#17=ADVANCED_BREP_SHAPE_REPRESENTATION('',(#21),#3491);
#18=ADVANCED_BREP_SHAPE_REPRESENTATION('',(#22),#3490);
#19=STYLED_ITEM('',(#3516),#21);
#20=STYLED_ITEM('',(#3516),#22);
#21=MANIFOLD_SOLID_BREP('Body1',#2125);
#22=MANIFOLD_SOLID_BREP('Body1',#2126);
#23=FACE_BOUND('',#347,.T.);
#24=FACE_BOUND('',#348,.T.);
#25=FACE_BOUND('',#349,.T.);
#26=FACE_BOUND('',#350,.T.);
#27=FACE_BOUND('',#351,.T.);
#28=FACE_BOUND('',#352,.T.);
#29=FACE_BOUND('',#353,.T.);
#30=FACE_BOUND('',#354,.T.);
#31=FACE_BOUND('',#355,.T.);
#32=FACE_BOUND('',#356,.T.);
#33=FACE_BOUND('',#357,.T.);
#34=FACE_BOUND('',#358,.T.);
#35=FACE_BOUND('',#359,.T.);
#36=FACE_BOUND('',#361,.T.);
#37=FACE_BOUND('',#362,.T.);
#38=FACE_BOUND('',#363,.T.);
#39=FACE_BOUND('',#364,.T.);
#40=FACE_BOUND('',#365,.T.);
#41=FACE_BOUND('',#366,.T.);
#42=FACE_BOUND('',#367,.T.);
#43=FACE_BOUND('',#368,.T.);
#44=FACE_BOUND('',#369,.T.);
#45=FACE_BOUND('',#370,.T.);
#46=FACE_BOUND('',#371,.T.);
#47=FACE_BOUND('',#372,.T.);
#48=FACE_BOUND('',#373,.T.);
#49=FACE_BOUND('',#376,.T.);
#50=FACE_BOUND('',#379,.T.);
#51=FACE_BOUND('',#382,.T.);
#52=FACE_BOUND('',#385,.T.);
#53=FACE_BOUND('',#398,.T.);
#54=FACE_BOUND('',#399,.T.);
#55=FACE_BOUND('',#400,.T.);
#56=FACE_BOUND('',#401,.T.);
#57=FACE_BOUND('',#403,.T.);
#58=FACE_BOUND('',#404,.T.);
#59=FACE_BOUND('',#405,.T.);
#60=FACE_BOUND('',#406,.T.);
#61=CIRCLE('',#2143,1.);
#62=CIRCLE('',#2144,1.);
#63=CIRCLE('',#2147,1.);
#64=CIRCLE('',#2148,1.);
#65=CIRCLE('',#2151,1.);
#66=CIRCLE('',#2152,1.);
#67=CIRCLE('',#2155,1.);
#68=CIRCLE('',#2156,1.);
#69=CIRCLE('',#2159,1.00000000000001);
#70=CIRCLE('',#2160,1.00000000000001);
#71=CIRCLE('',#2163,1.);
#72=CIRCLE('',#2164,1.);
#73=CIRCLE('',#2167,1.);
#74=CIRCLE('',#2168,1.);
#75=CIRCLE('',#2171,1.00000000000001);
#76=CIRCLE('',#2172,1.00000000000001);
#77=CIRCLE('',#2190,1.75);
#78=CIRCLE('',#2191,1.75);
#79=CIRCLE('',#2193,1.75);
#80=CIRCLE('',#2194,1.75);
#81=CIRCLE('',#2200,1.75);
#82=CIRCLE('',#2201,1.75);
#83=CIRCLE('',#2204,1.);
#84=CIRCLE('',#2205,1.);
#85=CIRCLE('',#2208,1.);
#86=CIRCLE('',#2209,1.);
#87=CIRCLE('',#2212,1.);
#88=CIRCLE('',#2213,1.);
#89=CIRCLE('',#2216,1.);
#90=CIRCLE('',#2217,1.);
#91=CIRCLE('',#2220,1.);
#92=CIRCLE('',#2221,1.);
#93=CIRCLE('',#2224,1.);
#94=CIRCLE('',#2225,1.);
#95=CIRCLE('',#2228,1.);
#96=CIRCLE('',#2229,1.);
#97=CIRCLE('',#2232,1.);
#98=CIRCLE('',#2233,1.);
#99=CIRCLE('',#2236,2.18068008618351);
#100=CIRCLE('',#2237,2.18068008618351);
#101=CIRCLE('',#2242,2.18068008618351);
#102=CIRCLE('',#2243,2.18068008618351);
#103=CIRCLE('',#2248,2.18068008618351);
#104=CIRCLE('',#2249,2.18068008618351);
#105=CIRCLE('',#2254,2.18068008618351);
#106=CIRCLE('',#2255,2.18068008618351);
#107=CIRCLE('',#2261,12.5);
#108=CIRCLE('',#2262,12.5);
#109=CIRCLE('',#2275,3.25);
#110=CIRCLE('',#2276,3.25);
#111=CIRCLE('',#2278,1.75);
#112=CIRCLE('',#2280,3.25);
#113=CIRCLE('',#2281,3.25);
#114=CIRCLE('',#2283,1.75);
#115=CIRCLE('',#2285,3.25);
#116=CIRCLE('',#2286,3.25);
#117=CIRCLE('',#2288,1.75);
#118=CIRCLE('',#2290,3.25);
#119=CIRCLE('',#2291,3.25);
#120=CIRCLE('',#2293,1.75);
#121=CIRCLE('',#2295,1.75);
#122=CIRCLE('',#2297,1.75);
#123=CIRCLE('',#2299,1.75);
#124=CIRCLE('',#2301,1.75);
#125=CYLINDRICAL_SURFACE('',#2142,1.);
#126=CYLINDRICAL_SURFACE('',#2146,1.);
#127=CYLINDRICAL_SURFACE('',#2150,1.);
#128=CYLINDRICAL_SURFACE('',#2154,1.);
#129=CYLINDRICAL_SURFACE('',#2158,1.00000000000001);
#130=CYLINDRICAL_SURFACE('',#2162,1.);
#131=CYLINDRICAL_SURFACE('',#2166,1.);
#132=CYLINDRICAL_SURFACE('',#2170,1.00000000000001);
#133=CYLINDRICAL_SURFACE('',#2189,1.75);
#134=CYLINDRICAL_SURFACE('',#2192,1.75);
#135=CYLINDRICAL_SURFACE('',#2199,1.75);
#136=CYLINDRICAL_SURFACE('',#2203,1.);
#137=CYLINDRICAL_SURFACE('',#2207,1.);
#138=CYLINDRICAL_SURFACE('',#2211,1.);
#139=CYLINDRICAL_SURFACE('',#2215,1.);
#140=CYLINDRICAL_SURFACE('',#2219,1.);
#141=CYLINDRICAL_SURFACE('',#2223,1.);
#142=CYLINDRICAL_SURFACE('',#2227,1.);
#143=CYLINDRICAL_SURFACE('',#2231,1.);
#144=CYLINDRICAL_SURFACE('',#2235,2.18068008618351);
#145=CYLINDRICAL_SURFACE('',#2241,2.18068008618351);
#146=CYLINDRICAL_SURFACE('',#2247,2.18068008618351);
#147=CYLINDRICAL_SURFACE('',#2253,2.18068008618351);
#148=CYLINDRICAL_SURFACE('',#2260,12.5);
#149=CYLINDRICAL_SURFACE('',#2274,3.25);
#150=CYLINDRICAL_SURFACE('',#2279,3.25);
#151=CYLINDRICAL_SURFACE('',#2284,3.25);
#152=CYLINDRICAL_SURFACE('',#2289,3.25);
#153=CYLINDRICAL_SURFACE('',#2294,1.75);
#154=CYLINDRICAL_SURFACE('',#2296,1.75);
#155=CYLINDRICAL_SURFACE('',#2298,1.75);
#156=CYLINDRICAL_SURFACE('',#2300,1.75);
#157=FACE_OUTER_BOUND('',#263,.T.);
#158=FACE_OUTER_BOUND('',#264,.T.);
#159=FACE_OUTER_BOUND('',#265,.T.);
#160=FACE_OUTER_BOUND('',#266,.T.);
#161=FACE_OUTER_BOUND('',#267,.T.);
#162=FACE_OUTER_BOUND('',#268,.T.);
#163=FACE_OUTER_BOUND('',#269,.T.);
#164=FACE_OUTER_BOUND('',#270,.T.);
#165=FACE_OUTER_BOUND('',#271,.T.);
#166=FACE_OUTER_BOUND('',#272,.T.);
#167=FACE_OUTER_BOUND('',#273,.T.);
#168=FACE_OUTER_BOUND('',#274,.T.);
#169=FACE_OUTER_BOUND('',#275,.T.);
#170=FACE_OUTER_BOUND('',#276,.T.);
#171=FACE_OUTER_BOUND('',#277,.T.);
#172=FACE_OUTER_BOUND('',#278,.T.);
#173=FACE_OUTER_BOUND('',#279,.T.);
#174=FACE_OUTER_BOUND('',#280,.T.);
#175=FACE_OUTER_BOUND('',#281,.T.);
#176=FACE_OUTER_BOUND('',#282,.T.);
#177=FACE_OUTER_BOUND('',#283,.T.);
#178=FACE_OUTER_BOUND('',#284,.T.);
#179=FACE_OUTER_BOUND('',#285,.T.);
#180=FACE_OUTER_BOUND('',#286,.T.);
#181=FACE_OUTER_BOUND('',#287,.T.);
#182=FACE_OUTER_BOUND('',#288,.T.);
#183=FACE_OUTER_BOUND('',#289,.T.);
#184=FACE_OUTER_BOUND('',#290,.T.);
#185=FACE_OUTER_BOUND('',#291,.T.);
#186=FACE_OUTER_BOUND('',#292,.T.);
#187=FACE_OUTER_BOUND('',#293,.T.);
#188=FACE_OUTER_BOUND('',#294,.T.);
#189=FACE_OUTER_BOUND('',#295,.T.);
#190=FACE_OUTER_BOUND('',#296,.T.);
#191=FACE_OUTER_BOUND('',#297,.T.);
#192=FACE_OUTER_BOUND('',#298,.T.);
#193=FACE_OUTER_BOUND('',#299,.T.);
#194=FACE_OUTER_BOUND('',#300,.T.);
#195=FACE_OUTER_BOUND('',#301,.T.);
#196=FACE_OUTER_BOUND('',#302,.T.);
#197=FACE_OUTER_BOUND('',#303,.T.);
#198=FACE_OUTER_BOUND('',#304,.T.);
#199=FACE_OUTER_BOUND('',#305,.T.);
#200=FACE_OUTER_BOUND('',#306,.T.);
#201=FACE_OUTER_BOUND('',#307,.T.);
#202=FACE_OUTER_BOUND('',#308,.T.);
#203=FACE_OUTER_BOUND('',#309,.T.);
#204=FACE_OUTER_BOUND('',#310,.T.);
#205=FACE_OUTER_BOUND('',#311,.T.);
#206=FACE_OUTER_BOUND('',#312,.T.);
#207=FACE_OUTER_BOUND('',#313,.T.);
#208=FACE_OUTER_BOUND('',#314,.T.);
#209=FACE_OUTER_BOUND('',#315,.T.);
#210=FACE_OUTER_BOUND('',#316,.T.);
#211=FACE_OUTER_BOUND('',#317,.T.);
#212=FACE_OUTER_BOUND('',#318,.T.);
#213=FACE_OUTER_BOUND('',#319,.T.);
#214=FACE_OUTER_BOUND('',#320,.T.);
#215=FACE_OUTER_BOUND('',#321,.T.);
#216=FACE_OUTER_BOUND('',#322,.T.);
#217=FACE_OUTER_BOUND('',#323,.T.);
#218=FACE_OUTER_BOUND('',#324,.T.);
#219=FACE_OUTER_BOUND('',#325,.T.);
#220=FACE_OUTER_BOUND('',#326,.T.);
#221=FACE_OUTER_BOUND('',#327,.T.);
#222=FACE_OUTER_BOUND('',#328,.T.);
#223=FACE_OUTER_BOUND('',#329,.T.);
#224=FACE_OUTER_BOUND('',#330,.T.);
#225=FACE_OUTER_BOUND('',#331,.T.);
#226=FACE_OUTER_BOUND('',#332,.T.);
#227=FACE_OUTER_BOUND('',#333,.T.);
#228=FACE_OUTER_BOUND('',#334,.T.);
#229=FACE_OUTER_BOUND('',#335,.T.);
#230=FACE_OUTER_BOUND('',#336,.T.);
#231=FACE_OUTER_BOUND('',#337,.T.);
#232=FACE_OUTER_BOUND('',#338,.T.);
#233=FACE_OUTER_BOUND('',#339,.T.);
#234=FACE_OUTER_BOUND('',#340,.T.);
#235=FACE_OUTER_BOUND('',#341,.T.);
#236=FACE_OUTER_BOUND('',#342,.T.);
#237=FACE_OUTER_BOUND('',#343,.T.);
#238=FACE_OUTER_BOUND('',#344,.T.);
#239=FACE_OUTER_BOUND('',#345,.T.);
#240=FACE_OUTER_BOUND('',#346,.T.);
#241=FACE_OUTER_BOUND('',#360,.T.);
#242=FACE_OUTER_BOUND('',#374,.T.);
#243=FACE_OUTER_BOUND('',#375,.T.);
#244=FACE_OUTER_BOUND('',#377,.T.);
#245=FACE_OUTER_BOUND('',#378,.T.);
#246=FACE_OUTER_BOUND('',#380,.T.);
#247=FACE_OUTER_BOUND('',#381,.T.);
#248=FACE_OUTER_BOUND('',#383,.T.);
#249=FACE_OUTER_BOUND('',#384,.T.);
#250=FACE_OUTER_BOUND('',#386,.T.);
#251=FACE_OUTER_BOUND('',#387,.T.);
#252=FACE_OUTER_BOUND('',#388,.T.);
#253=FACE_OUTER_BOUND('',#389,.T.);
#254=FACE_OUTER_BOUND('',#390,.T.);
#255=FACE_OUTER_BOUND('',#391,.T.);
#256=FACE_OUTER_BOUND('',#392,.T.);
#257=FACE_OUTER_BOUND('',#393,.T.);
#258=FACE_OUTER_BOUND('',#394,.T.);
#259=FACE_OUTER_BOUND('',#395,.T.);
#260=FACE_OUTER_BOUND('',#396,.T.);
#261=FACE_OUTER_BOUND('',#397,.T.);
#262=FACE_OUTER_BOUND('',#402,.T.);
#263=EDGE_LOOP('',(#1357,#1358,#1359,#1360));
#264=EDGE_LOOP('',(#1361,#1362,#1363,#1364));
#265=EDGE_LOOP('',(#1365,#1366,#1367,#1368));
#266=EDGE_LOOP('',(#1369,#1370,#1371,#1372));
#267=EDGE_LOOP('',(#1373,#1374,#1375,#1376));
#268=EDGE_LOOP('',(#1377,#1378,#1379,#1380));
#269=EDGE_LOOP('',(#1381,#1382,#1383,#1384));
#270=EDGE_LOOP('',(#1385,#1386,#1387,#1388));
#271=EDGE_LOOP('',(#1389,#1390,#1391,#1392));
#272=EDGE_LOOP('',(#1393,#1394,#1395,#1396));
#273=EDGE_LOOP('',(#1397,#1398,#1399,#1400));
#274=EDGE_LOOP('',(#1401,#1402,#1403,#1404));
#275=EDGE_LOOP('',(#1405,#1406,#1407,#1408));
#276=EDGE_LOOP('',(#1409,#1410,#1411,#1412));
#277=EDGE_LOOP('',(#1413,#1414,#1415,#1416));
#278=EDGE_LOOP('',(#1417,#1418,#1419,#1420));
#279=EDGE_LOOP('',(#1421,#1422,#1423,#1424));
#280=EDGE_LOOP('',(#1425,#1426,#1427,#1428));
#281=EDGE_LOOP('',(#1429,#1430,#1431,#1432));
#282=EDGE_LOOP('',(#1433,#1434,#1435,#1436));
#283=EDGE_LOOP('',(#1437,#1438,#1439,#1440));
#284=EDGE_LOOP('',(#1441,#1442,#1443,#1444));
#285=EDGE_LOOP('',(#1445,#1446,#1447,#1448));
#286=EDGE_LOOP('',(#1449,#1450,#1451,#1452));
#287=EDGE_LOOP('',(#1453,#1454,#1455,#1456));
#288=EDGE_LOOP('',(#1457,#1458,#1459,#1460));
#289=EDGE_LOOP('',(#1461,#1462,#1463,#1464));
#290=EDGE_LOOP('',(#1465,#1466,#1467,#1468));
#291=EDGE_LOOP('',(#1469,#1470,#1471,#1472));
#292=EDGE_LOOP('',(#1473,#1474,#1475,#1476));
#293=EDGE_LOOP('',(#1477,#1478,#1479,#1480));
#294=EDGE_LOOP('',(#1481,#1482,#1483,#1484));
#295=EDGE_LOOP('',(#1485,#1486,#1487,#1488));
#296=EDGE_LOOP('',(#1489,#1490,#1491,#1492));
#297=EDGE_LOOP('',(#1493,#1494,#1495,#1496));
#298=EDGE_LOOP('',(#1497,#1498,#1499,#1500));
#299=EDGE_LOOP('',(#1501,#1502,#1503,#1504));
#300=EDGE_LOOP('',(#1505,#1506,#1507,#1508));
#301=EDGE_LOOP('',(#1509,#1510,#1511,#1512));
#302=EDGE_LOOP('',(#1513,#1514,#1515,#1516));
#303=EDGE_LOOP('',(#1517,#1518,#1519,#1520));
#304=EDGE_LOOP('',(#1521,#1522,#1523,#1524));
#305=EDGE_LOOP('',(#1525,#1526,#1527,#1528));
#306=EDGE_LOOP('',(#1529,#1530,#1531,#1532));
#307=EDGE_LOOP('',(#1533,#1534,#1535,#1536));
#308=EDGE_LOOP('',(#1537,#1538,#1539,#1540));
#309=EDGE_LOOP('',(#1541,#1542,#1543,#1544));
#310=EDGE_LOOP('',(#1545,#1546,#1547,#1548));
#311=EDGE_LOOP('',(#1549,#1550,#1551,#1552));
#312=EDGE_LOOP('',(#1553,#1554,#1555,#1556));
#313=EDGE_LOOP('',(#1557,#1558,#1559,#1560));
#314=EDGE_LOOP('',(#1561,#1562,#1563,#1564));
#315=EDGE_LOOP('',(#1565,#1566,#1567,#1568));
#316=EDGE_LOOP('',(#1569,#1570,#1571,#1572));
#317=EDGE_LOOP('',(#1573,#1574,#1575,#1576));
#318=EDGE_LOOP('',(#1577,#1578,#1579,#1580));
#319=EDGE_LOOP('',(#1581,#1582,#1583,#1584));
#320=EDGE_LOOP('',(#1585,#1586,#1587,#1588));
#321=EDGE_LOOP('',(#1589,#1590,#1591,#1592));
#322=EDGE_LOOP('',(#1593,#1594,#1595,#1596));
#323=EDGE_LOOP('',(#1597,#1598,#1599,#1600));
#324=EDGE_LOOP('',(#1601,#1602,#1603,#1604));
#325=EDGE_LOOP('',(#1605,#1606,#1607,#1608));
#326=EDGE_LOOP('',(#1609,#1610,#1611,#1612));
#327=EDGE_LOOP('',(#1613,#1614,#1615,#1616));
#328=EDGE_LOOP('',(#1617,#1618,#1619,#1620));
#329=EDGE_LOOP('',(#1621,#1622,#1623,#1624));
#330=EDGE_LOOP('',(#1625,#1626,#1627,#1628));
#331=EDGE_LOOP('',(#1629,#1630,#1631,#1632));
#332=EDGE_LOOP('',(#1633,#1634,#1635,#1636));
#333=EDGE_LOOP('',(#1637,#1638,#1639,#1640));
#334=EDGE_LOOP('',(#1641,#1642,#1643,#1644));
#335=EDGE_LOOP('',(#1645,#1646,#1647,#1648));
#336=EDGE_LOOP('',(#1649,#1650,#1651,#1652));
#337=EDGE_LOOP('',(#1653,#1654,#1655,#1656));
#338=EDGE_LOOP('',(#1657,#1658,#1659,#1660));
#339=EDGE_LOOP('',(#1661,#1662,#1663,#1664));
#340=EDGE_LOOP('',(#1665,#1666,#1667,#1668));
#341=EDGE_LOOP('',(#1669,#1670,#1671,#1672));
#342=EDGE_LOOP('',(#1673,#1674,#1675,#1676));
#343=EDGE_LOOP('',(#1677,#1678,#1679,#1680));
#344=EDGE_LOOP('',(#1681,#1682,#1683,#1684));
#345=EDGE_LOOP('',(#1685,#1686,#1687,#1688));
#346=EDGE_LOOP('',(#1689,#1690,#1691,#1692,#1693,#1694,#1695,#1696,#1697,
#1698,#1699,#1700));
#347=EDGE_LOOP('',(#1701,#1702,#1703,#1704,#1705,#1706,#1707,#1708,#1709,
#1710,#1711,#1712,#1713,#1714,#1715,#1716));
#348=EDGE_LOOP('',(#1717,#1718,#1719,#1720,#1721,#1722,#1723,#1724));
#349=EDGE_LOOP('',(#1725,#1726,#1727,#1728,#1729,#1730,#1731,#1732));
#350=EDGE_LOOP('',(#1733));
#351=EDGE_LOOP('',(#1734,#1735,#1736,#1737));
#352=EDGE_LOOP('',(#1738));
#353=EDGE_LOOP('',(#1739));
#354=EDGE_LOOP('',(#1740,#1741,#1742,#1743));
#355=EDGE_LOOP('',(#1744,#1745,#1746,#1747));
#356=EDGE_LOOP('',(#1748,#1749,#1750,#1751));
#357=EDGE_LOOP('',(#1752,#1753,#1754,#1755));
#358=EDGE_LOOP('',(#1756,#1757,#1758,#1759,#1760,#1761,#1762,#1763));
#359=EDGE_LOOP('',(#1764,#1765,#1766,#1767,#1768,#1769,#1770,#1771));
#360=EDGE_LOOP('',(#1772,#1773,#1774,#1775,#1776,#1777,#1778,#1779,#1780,
#1781,#1782,#1783));
#361=EDGE_LOOP('',(#1784,#1785,#1786,#1787,#1788,#1789,#1790,#1791,#1792,
#1793,#1794,#1795,#1796,#1797,#1798,#1799));
#362=EDGE_LOOP('',(#1800,#1801,#1802,#1803,#1804,#1805,#1806,#1807));
#363=EDGE_LOOP('',(#1808,#1809,#1810,#1811,#1812,#1813,#1814,#1815));
#364=EDGE_LOOP('',(#1816));
#365=EDGE_LOOP('',(#1817,#1818,#1819,#1820));
#366=EDGE_LOOP('',(#1821));
#367=EDGE_LOOP('',(#1822));
#368=EDGE_LOOP('',(#1823,#1824,#1825,#1826));
#369=EDGE_LOOP('',(#1827,#1828,#1829,#1830));
#370=EDGE_LOOP('',(#1831,#1832,#1833,#1834));
#371=EDGE_LOOP('',(#1835,#1836,#1837,#1838));
#372=EDGE_LOOP('',(#1839,#1840,#1841,#1842,#1843,#1844,#1845,#1846));
#373=EDGE_LOOP('',(#1847,#1848,#1849,#1850,#1851,#1852,#1853,#1854));
#374=EDGE_LOOP('',(#1855,#1856,#1857,#1858));
#375=EDGE_LOOP('',(#1859));
#376=EDGE_LOOP('',(#1860));
#377=EDGE_LOOP('',(#1861,#1862,#1863,#1864));
#378=EDGE_LOOP('',(#1865));
#379=EDGE_LOOP('',(#1866));
#380=EDGE_LOOP('',(#1867,#1868,#1869,#1870));
#381=EDGE_LOOP('',(#1871));
#382=EDGE_LOOP('',(#1872));
#383=EDGE_LOOP('',(#1873,#1874,#1875,#1876));
#384=EDGE_LOOP('',(#1877));
#385=EDGE_LOOP('',(#1878));
#386=EDGE_LOOP('',(#1879,#1880,#1881,#1882));
#387=EDGE_LOOP('',(#1883,#1884,#1885,#1886));
#388=EDGE_LOOP('',(#1887,#1888,#1889,#1890));
#389=EDGE_LOOP('',(#1891,#1892,#1893,#1894));
#390=EDGE_LOOP('',(#1895,#1896,#1897,#1898));
#391=EDGE_LOOP('',(#1899,#1900,#1901,#1902));
#392=EDGE_LOOP('',(#1903,#1904,#1905,#1906));
#393=EDGE_LOOP('',(#1907,#1908,#1909,#1910));
#394=EDGE_LOOP('',(#1911,#1912,#1913,#1914));
#395=EDGE_LOOP('',(#1915,#1916,#1917,#1918));
#396=EDGE_LOOP('',(#1919,#1920,#1921,#1922));
#397=EDGE_LOOP('',(#1923,#1924,#1925,#1926,#1927,#1928,#1929));
#398=EDGE_LOOP('',(#1930));
#399=EDGE_LOOP('',(#1931));
#400=EDGE_LOOP('',(#1932));
#401=EDGE_LOOP('',(#1933));
#402=EDGE_LOOP('',(#1934,#1935,#1936,#1937,#1938,#1939,#1940));
#403=EDGE_LOOP('',(#1941));
#404=EDGE_LOOP('',(#1942));
#405=EDGE_LOOP('',(#1943));
#406=EDGE_LOOP('',(#1944));
#407=LINE('',#2893,#637);
#408=LINE('',#2895,#638);
#409=LINE('',#2897,#639);
#410=LINE('',#2898,#640);
#411=LINE('',#2904,#641);
#412=LINE('',#2907,#642);
#413=LINE('',#2909,#643);
#414=LINE('',#2910,#644);
#415=LINE('',#2916,#645);
#416=LINE('',#2919,#646);
#417=LINE('',#2921,#647);
#418=LINE('',#2922,#648);
#419=LINE('',#2928,#649);
#420=LINE('',#2931,#650);
#421=LINE('',#2933,#651);
#422=LINE('',#2934,#652);
#423=LINE('',#2941,#653);
#424=LINE('',#2943,#654);
#425=LINE('',#2945,#655);
#426=LINE('',#2946,#656);
#427=LINE('',#2952,#657);
#428=LINE('',#2955,#658);
#429=LINE('',#2957,#659);
#430=LINE('',#2958,#660);
#431=LINE('',#2964,#661);
#432=LINE('',#2967,#662);
#433=LINE('',#2969,#663);
#434=LINE('',#2970,#664);
#435=LINE('',#2976,#665);
#436=LINE('',#2979,#666);
#437=LINE('',#2981,#667);
#438=LINE('',#2982,#668);
#439=LINE('',#2989,#669);
#440=LINE('',#2991,#670);
#441=LINE('',#2993,#671);
#442=LINE('',#2994,#672);
#443=LINE('',#2997,#673);
#444=LINE('',#2999,#674);
#445=LINE('',#3000,#675);
#446=LINE('',#3003,#676);
#447=LINE('',#3005,#677);
#448=LINE('',#3006,#678);
#449=LINE('',#3008,#679);
#450=LINE('',#3009,#680);
#451=LINE('',#3013,#681);
#452=LINE('',#3015,#682);
#453=LINE('',#3017,#683);
#454=LINE('',#3018,#684);
#455=LINE('',#3021,#685);
#456=LINE('',#3023,#686);
#457=LINE('',#3024,#687);
#458=LINE('',#3027,#688);
#459=LINE('',#3029,#689);
#460=LINE('',#3030,#690);
#461=LINE('',#3032,#691);
#462=LINE('',#3033,#692);
#463=LINE('',#3037,#693);
#464=LINE('',#3039,#694);
#465=LINE('',#3041,#695);
#466=LINE('',#3042,#696);
#467=LINE('',#3045,#697);
#468=LINE('',#3047,#698);
#469=LINE('',#3048,#699);
#470=LINE('',#3051,#700);
#471=LINE('',#3053,#701);
#472=LINE('',#3054,#702);
#473=LINE('',#3056,#703);
#474=LINE('',#3057,#704);
#475=LINE('',#3061,#705);
#476=LINE('',#3063,#706);
#477=LINE('',#3065,#707);
#478=LINE('',#3066,#708);
#479=LINE('',#3069,#709);
#480=LINE('',#3071,#710);
#481=LINE('',#3072,#711);
#482=LINE('',#3075,#712);
#483=LINE('',#3077,#713);
#484=LINE('',#3078,#714);
#485=LINE('',#3080,#715);
#486=LINE('',#3081,#716);
#487=LINE('',#3086,#717);
#488=LINE('',#3092,#718);
#489=LINE('',#3097,#719);
#490=LINE('',#3099,#720);
#491=LINE('',#3101,#721);
#492=LINE('',#3102,#722);
#493=LINE('',#3105,#723);
#494=LINE('',#3107,#724);
#495=LINE('',#3108,#725);
#496=LINE('',#3111,#726);
#497=LINE('',#3113,#727);
#498=LINE('',#3114,#728);
#499=LINE('',#3116,#729);
#500=LINE('',#3117,#730);
#501=LINE('',#3122,#731);
#502=LINE('',#3127,#732);
#503=LINE('',#3129,#733);
#504=LINE('',#3131,#734);
#505=LINE('',#3132,#735);
#506=LINE('',#3138,#736);
#507=LINE('',#3141,#737);
#508=LINE('',#3143,#738);
#509=LINE('',#3144,#739);
#510=LINE('',#3150,#740);
#511=LINE('',#3153,#741);
#512=LINE('',#3155,#742);
#513=LINE('',#3156,#743);
#514=LINE('',#3162,#744);
#515=LINE('',#3165,#745);
#516=LINE('',#3167,#746);
#517=LINE('',#3168,#747);
#518=LINE('',#3175,#748);
#519=LINE('',#3177,#749);
#520=LINE('',#3179,#750);
#521=LINE('',#3180,#751);
#522=LINE('',#3186,#752);
#523=LINE('',#3189,#753);
#524=LINE('',#3191,#754);
#525=LINE('',#3192,#755);
#526=LINE('',#3198,#756);
#527=LINE('',#3201,#757);
#528=LINE('',#3203,#758);
#529=LINE('',#3204,#759);
#530=LINE('',#3210,#760);
#531=LINE('',#3213,#761);
#532=LINE('',#3215,#762);
#533=LINE('',#3216,#763);
#534=LINE('',#3223,#764);
#535=LINE('',#3225,#765);
#536=LINE('',#3227,#766);
#537=LINE('',#3228,#767);
#538=LINE('',#3234,#768);
#539=LINE('',#3237,#769);
#540=LINE('',#3239,#770);
#541=LINE('',#3240,#771);
#542=LINE('',#3243,#772);
#543=LINE('',#3245,#773);
#544=LINE('',#3246,#774);
#545=LINE('',#3249,#775);
#546=LINE('',#3251,#776);
#547=LINE('',#3252,#777);
#548=LINE('',#3258,#778);
#549=LINE('',#3261,#779);
#550=LINE('',#3263,#780);
#551=LINE('',#3264,#781);
#552=LINE('',#3267,#782);
#553=LINE('',#3269,#783);
#554=LINE('',#3270,#784);
#555=LINE('',#3273,#785);
#556=LINE('',#3275,#786);
#557=LINE('',#3276,#787);
#558=LINE('',#3282,#788);
#559=LINE('',#3285,#789);
#560=LINE('',#3287,#790);
#561=LINE('',#3288,#791);
#562=LINE('',#3291,#792);
#563=LINE('',#3293,#793);
#564=LINE('',#3294,#794);
#565=LINE('',#3297,#795);
#566=LINE('',#3299,#796);
#567=LINE('',#3300,#797);
#568=LINE('',#3306,#798);
#569=LINE('',#3309,#799);
#570=LINE('',#3311,#800);
#571=LINE('',#3312,#801);
#572=LINE('',#3314,#802);
#573=LINE('',#3315,#803);
#574=LINE('',#3319,#804);
#575=LINE('',#3321,#805);
#576=LINE('',#3323,#806);
#577=LINE('',#3324,#807);
#578=LINE('',#3327,#808);
#579=LINE('',#3329,#809);
#580=LINE('',#3330,#810);
#581=LINE('',#3336,#811);
#582=LINE('',#3339,#812);
#583=LINE('',#3341,#813);
#584=LINE('',#3342,#814);
#585=LINE('',#3345,#815);
#586=LINE('',#3347,#816);
#587=LINE('',#3348,#817);
#588=LINE('',#3351,#818);
#589=LINE('',#3353,#819);
#590=LINE('',#3354,#820);
#591=LINE('',#3357,#821);
#592=LINE('',#3359,#822);
#593=LINE('',#3360,#823);
#594=LINE('',#3363,#824);
#595=LINE('',#3365,#825);
#596=LINE('',#3366,#826);
#597=LINE('',#3369,#827);
#598=LINE('',#3371,#828);
#599=LINE('',#3372,#829);
#600=LINE('',#3375,#830);
#601=LINE('',#3377,#831);
#602=LINE('',#3378,#832);
#603=LINE('',#3381,#833);
#604=LINE('',#3383,#834);
#605=LINE('',#3384,#835);
#606=LINE('',#3386,#836);
#607=LINE('',#3387,#837);
#608=LINE('',#3394,#838);
#609=LINE('',#3403,#839);
#610=LINE('',#3412,#840);
#611=LINE('',#3421,#841);
#612=LINE('',#3428,#842);
#613=LINE('',#3432,#843);
#614=LINE('',#3436,#844);
#615=LINE('',#3440,#845);
#616=LINE('',#3445,#846);
#617=LINE('',#3447,#847);
#618=LINE('',#3449,#848);
#619=LINE('',#3450,#849);
#620=LINE('',#3453,#850);
#621=LINE('',#3455,#851);
#622=LINE('',#3456,#852);
#623=LINE('',#3459,#853);
#624=LINE('',#3461,#854);
#625=LINE('',#3462,#855);
#626=LINE('',#3465,#856);
#627=LINE('',#3467,#857);
#628=LINE('',#3468,#858);
#629=LINE('',#3471,#859);
#630=LINE('',#3473,#860);
#631=LINE('',#3474,#861);
#632=LINE('',#3477,#862);
#633=LINE('',#3479,#863);
#634=LINE('',#3480,#864);
#635=LINE('',#3482,#865);
#636=LINE('',#3483,#866);
#637=VECTOR('',#2318,10.);
#638=VECTOR('',#2319,10.);
#639=VECTOR('',#2320,10.);
#640=VECTOR('',#2321,10.);
#641=VECTOR('',#2328,10.);
#642=VECTOR('',#2331,10.);
#643=VECTOR('',#2332,10.);
#644=VECTOR('',#2333,10.);
#645=VECTOR('',#2340,10.);
#646=VECTOR('',#2343,10.);
#647=VECTOR('',#2344,10.);
#648=VECTOR('',#2345,10.);
#649=VECTOR('',#2352,10.);
#650=VECTOR('',#2355,10.);
#651=VECTOR('',#2356,10.);
#652=VECTOR('',#2357,10.);
#653=VECTOR('',#2366,10.);
#654=VECTOR('',#2367,10.);
#655=VECTOR('',#2368,10.);
#656=VECTOR('',#2369,10.);
#657=VECTOR('',#2376,10.);
#658=VECTOR('',#2379,10.);
#659=VECTOR('',#2380,10.);
#660=VECTOR('',#2381,10.);
#661=VECTOR('',#2388,10.);
#662=VECTOR('',#2391,10.);
#663=VECTOR('',#2392,10.);
#664=VECTOR('',#2393,10.);
#665=VECTOR('',#2400,10.);
#666=VECTOR('',#2403,10.);
#667=VECTOR('',#2404,10.);
#668=VECTOR('',#2405,10.);
#669=VECTOR('',#2414,10.);
#670=VECTOR('',#2415,10.);
#671=VECTOR('',#2416,10.);
#672=VECTOR('',#2417,10.);
#673=VECTOR('',#2420,10.);
#674=VECTOR('',#2421,10.);
#675=VECTOR('',#2422,10.);
#676=VECTOR('',#2425,10.);
#677=VECTOR('',#2426,10.);
#678=VECTOR('',#2427,10.);
#679=VECTOR('',#2430,10.);
#680=VECTOR('',#2431,10.);
#681=VECTOR('',#2434,10.);
#682=VECTOR('',#2435,10.);
#683=VECTOR('',#2436,10.);
#684=VECTOR('',#2437,10.);
#685=VECTOR('',#2440,10.);
#686=VECTOR('',#2441,10.);
#687=VECTOR('',#2442,10.);
#688=VECTOR('',#2445,10.);
#689=VECTOR('',#2446,10.);
#690=VECTOR('',#2447,10.);
#691=VECTOR('',#2450,10.);
#692=VECTOR('',#2451,10.);
#693=VECTOR('',#2454,10.);
#694=VECTOR('',#2455,10.);
#695=VECTOR('',#2456,10.);
#696=VECTOR('',#2457,10.);
#697=VECTOR('',#2460,10.);
#698=VECTOR('',#2461,10.);
#699=VECTOR('',#2462,10.);
#700=VECTOR('',#2465,10.);
#701=VECTOR('',#2466,10.);
#702=VECTOR('',#2467,10.);
#703=VECTOR('',#2470,10.);
#704=VECTOR('',#2471,10.);
#705=VECTOR('',#2474,10.);
#706=VECTOR('',#2475,10.);
#707=VECTOR('',#2476,10.);
#708=VECTOR('',#2477,10.);
#709=VECTOR('',#2480,10.);
#710=VECTOR('',#2481,10.);
#711=VECTOR('',#2482,10.);
#712=VECTOR('',#2485,10.);
#713=VECTOR('',#2486,10.);
#714=VECTOR('',#2487,10.);
#715=VECTOR('',#2490,10.);
#716=VECTOR('',#2491,10.);
#717=VECTOR('',#2496,1.75);
#718=VECTOR('',#2503,1.75);
#719=VECTOR('',#2508,10.);
#720=VECTOR('',#2509,10.);
#721=VECTOR('',#2510,10.);
#722=VECTOR('',#2511,10.);
#723=VECTOR('',#2514,10.);
#724=VECTOR('',#2515,10.);
#725=VECTOR('',#2516,10.);
#726=VECTOR('',#2519,10.);
#727=VECTOR('',#2520,10.);
#728=VECTOR('',#2521,10.);
#729=VECTOR('',#2524,10.);
#730=VECTOR('',#2525,10.);
#731=VECTOR('',#2530,1.75);
#732=VECTOR('',#2535,10.);
#733=VECTOR('',#2536,10.);
#734=VECTOR('',#2537,10.);
#735=VECTOR('',#2538,10.);
#736=VECTOR('',#2545,10.);
#737=VECTOR('',#2548,10.);
#738=VECTOR('',#2549,10.);
#739=VECTOR('',#2550,10.);
#740=VECTOR('',#2557,10.);
#741=VECTOR('',#2560,10.);
#742=VECTOR('',#2561,10.);
#743=VECTOR('',#2562,10.);
#744=VECTOR('',#2569,10.);
#745=VECTOR('',#2572,10.);
#746=VECTOR('',#2573,10.);
#747=VECTOR('',#2574,10.);
#748=VECTOR('',#2583,10.);
#749=VECTOR('',#2584,10.);
#750=VECTOR('',#2585,10.);
#751=VECTOR('',#2586,10.);
#752=VECTOR('',#2593,10.);
#753=VECTOR('',#2596,10.);
#754=VECTOR('',#2597,10.);
#755=VECTOR('',#2598,10.);
#756=VECTOR('',#2605,10.);
#757=VECTOR('',#2608,10.);
#758=VECTOR('',#2609,10.);
#759=VECTOR('',#2610,10.);
#760=VECTOR('',#2617,10.);
#761=VECTOR('',#2620,10.);
#762=VECTOR('',#2621,10.);
#763=VECTOR('',#2622,10.);
#764=VECTOR('',#2631,10.);
#765=VECTOR('',#2632,10.);
#766=VECTOR('',#2633,10.);
#767=VECTOR('',#2634,10.);
#768=VECTOR('',#2641,10.);
#769=VECTOR('',#2644,10.);
#770=VECTOR('',#2645,10.);
#771=VECTOR('',#2646,10.);
#772=VECTOR('',#2649,10.);
#773=VECTOR('',#2650,10.);
#774=VECTOR('',#2651,10.);
#775=VECTOR('',#2654,10.);
#776=VECTOR('',#2655,10.);
#777=VECTOR('',#2656,10.);
#778=VECTOR('',#2663,10.);
#779=VECTOR('',#2666,10.);
#780=VECTOR('',#2667,10.);
#781=VECTOR('',#2668,10.);
#782=VECTOR('',#2671,10.);
#783=VECTOR('',#2672,10.);
#784=VECTOR('',#2673,10.);
#785=VECTOR('',#2676,10.);
#786=VECTOR('',#2677,10.);
#787=VECTOR('',#2678,10.);
#788=VECTOR('',#2685,10.);
#789=VECTOR('',#2688,10.);
#790=VECTOR('',#2689,10.);
#791=VECTOR('',#2690,10.);
#792=VECTOR('',#2693,10.);
#793=VECTOR('',#2694,10.);
#794=VECTOR('',#2695,10.);
#795=VECTOR('',#2698,10.);
#796=VECTOR('',#2699,10.);
#797=VECTOR('',#2700,10.);
#798=VECTOR('',#2707,10.);
#799=VECTOR('',#2710,10.);
#800=VECTOR('',#2711,10.);
#801=VECTOR('',#2712,10.);
#802=VECTOR('',#2715,10.);
#803=VECTOR('',#2716,10.);
#804=VECTOR('',#2719,10.);
#805=VECTOR('',#2720,10.);
#806=VECTOR('',#2721,10.);
#807=VECTOR('',#2722,10.);
#808=VECTOR('',#2725,10.);
#809=VECTOR('',#2726,10.);
#810=VECTOR('',#2727,10.);
#811=VECTOR('',#2734,10.);
#812=VECTOR('',#2737,10.);
#813=VECTOR('',#2738,10.);
#814=VECTOR('',#2739,10.);
#815=VECTOR('',#2742,10.);
#816=VECTOR('',#2743,10.);
#817=VECTOR('',#2744,10.);
#818=VECTOR('',#2747,10.);
#819=VECTOR('',#2748,10.);
#820=VECTOR('',#2749,10.);
#821=VECTOR('',#2752,10.);
#822=VECTOR('',#2753,10.);
#823=VECTOR('',#2754,10.);
#824=VECTOR('',#2757,10.);
#825=VECTOR('',#2758,10.);
#826=VECTOR('',#2759,10.);
#827=VECTOR('',#2762,10.);
#828=VECTOR('',#2763,10.);
#829=VECTOR('',#2764,10.);
#830=VECTOR('',#2767,10.);
#831=VECTOR('',#2768,10.);
#832=VECTOR('',#2769,10.);
#833=VECTOR('',#2772,10.);
#834=VECTOR('',#2773,10.);
#835=VECTOR('',#2774,10.);
#836=VECTOR('',#2777,10.);
#837=VECTOR('',#2778,10.);
#838=VECTOR('',#2787,3.25);
#839=VECTOR('',#2798,3.25);
#840=VECTOR('',#2809,3.25);
#841=VECTOR('',#2820,3.25);
#842=VECTOR('',#2829,1.75);
#843=VECTOR('',#2834,1.75);
#844=VECTOR('',#2839,1.75);
#845=VECTOR('',#2844,1.75);
#846=VECTOR('',#2849,10.);
#847=VECTOR('',#2850,10.);
#848=VECTOR('',#2851,10.);
#849=VECTOR('',#2852,10.);
#850=VECTOR('',#2855,10.);
#851=VECTOR('',#2856,10.);
#852=VECTOR('',#2857,10.);
#853=VECTOR('',#2860,10.);
#854=VECTOR('',#2861,10.);
#855=VECTOR('',#2862,10.);
#856=VECTOR('',#2865,10.);
#857=VECTOR('',#2866,10.);
#858=VECTOR('',#2867,10.);
#859=VECTOR('',#2870,10.);
#860=VECTOR('',#2871,10.);
#861=VECTOR('',#2872,10.);
#862=VECTOR('',#2875,10.);
#863=VECTOR('',#2876,10.);
#864=VECTOR('',#2877,10.);
#865=VECTOR('',#2880,10.);
#866=VECTOR('',#2881,10.);
#867=VERTEX_POINT('',#2891);
#868=VERTEX_POINT('',#2892);
#869=VERTEX_POINT('',#2894);
#870=VERTEX_POINT('',#2896);
#871=VERTEX_POINT('',#2900);
#872=VERTEX_POINT('',#2902);
#873=VERTEX_POINT('',#2906);
#874=VERTEX_POINT('',#2908);
#875=VERTEX_POINT('',#2912);
#876=VERTEX_POINT('',#2914);
#877=VERTEX_POINT('',#2918);
#878=VERTEX_POINT('',#2920);
#879=VERTEX_POINT('',#2924);
#880=VERTEX_POINT('',#2926);
#881=VERTEX_POINT('',#2930);
#882=VERTEX_POINT('',#2932);
#883=VERTEX_POINT('',#2939);
#884=VERTEX_POINT('',#2940);
#885=VERTEX_POINT('',#2942);
#886=VERTEX_POINT('',#2944);
#887=VERTEX_POINT('',#2948);
#888=VERTEX_POINT('',#2950);
#889=VERTEX_POINT('',#2954);
#890=VERTEX_POINT('',#2956);
#891=VERTEX_POINT('',#2960);
#892=VERTEX_POINT('',#2962);
#893=VERTEX_POINT('',#2966);
#894=VERTEX_POINT('',#2968);
#895=VERTEX_POINT('',#2972);
#896=VERTEX_POINT('',#2974);
#897=VERTEX_POINT('',#2978);
#898=VERTEX_POINT('',#2980);
#899=VERTEX_POINT('',#2987);
#900=VERTEX_POINT('',#2988);
#901=VERTEX_POINT('',#2990);
#902=VERTEX_POINT('',#2992);
#903=VERTEX_POINT('',#2996);
#904=VERTEX_POINT('',#2998);
#905=VERTEX_POINT('',#3002);
#906=VERTEX_POINT('',#3004);
#907=VERTEX_POINT('',#3011);
#908=VERTEX_POINT('',#3012);
#909=VERTEX_POINT('',#3014);
#910=VERTEX_POINT('',#3016);
#911=VERTEX_POINT('',#3020);
#912=VERTEX_POINT('',#3022);
#913=VERTEX_POINT('',#3026);
#914=VERTEX_POINT('',#3028);
#915=VERTEX_POINT('',#3035);
#916=VERTEX_POINT('',#3036);
#917=VERTEX_POINT('',#3038);
#918=VERTEX_POINT('',#3040);
#919=VERTEX_POINT('',#3044);
#920=VERTEX_POINT('',#3046);
#921=VERTEX_POINT('',#3050);
#922=VERTEX_POINT('',#3052);
#923=VERTEX_POINT('',#3059);
#924=VERTEX_POINT('',#3060);
#925=VERTEX_POINT('',#3062);
#926=VERTEX_POINT('',#3064);
#927=VERTEX_POINT('',#3068);
#928=VERTEX_POINT('',#3070);
#929=VERTEX_POINT('',#3074);
#930=VERTEX_POINT('',#3076);
#931=VERTEX_POINT('',#3083);
#932=VERTEX_POINT('',#3085);
#933=VERTEX_POINT('',#3089);
#934=VERTEX_POINT('',#3091);
#935=VERTEX_POINT('',#3095);
#936=VERTEX_POINT('',#3096);
#937=VERTEX_POINT('',#3098);
#938=VERTEX_POINT('',#3100);
#939=VERTEX_POINT('',#3104);
#940=VERTEX_POINT('',#3106);
#941=VERTEX_POINT('',#3110);
#942=VERTEX_POINT('',#3112);
#943=VERTEX_POINT('',#3119);
#944=VERTEX_POINT('',#3121);
#945=VERTEX_POINT('',#3125);
#946=VERTEX_POINT('',#3126);
#947=VERTEX_POINT('',#3128);
#948=VERTEX_POINT('',#3130);
#949=VERTEX_POINT('',#3134);
#950=VERTEX_POINT('',#3136);
#951=VERTEX_POINT('',#3140);
#952=VERTEX_POINT('',#3142);
#953=VERTEX_POINT('',#3146);
#954=VERTEX_POINT('',#3148);
#955=VERTEX_POINT('',#3152);
#956=VERTEX_POINT('',#3154);
#957=VERTEX_POINT('',#3158);
#958=VERTEX_POINT('',#3160);
#959=VERTEX_POINT('',#3164);
#960=VERTEX_POINT('',#3166);
#961=VERTEX_POINT('',#3173);
#962=VERTEX_POINT('',#3174);
#963=VERTEX_POINT('',#3176);
#964=VERTEX_POINT('',#3178);
#965=VERTEX_POINT('',#3182);
#966=VERTEX_POINT('',#3184);
#967=VERTEX_POINT('',#3188);
#968=VERTEX_POINT('',#3190);
#969=VERTEX_POINT('',#3194);
#970=VERTEX_POINT('',#3196);
#971=VERTEX_POINT('',#3200);
#972=VERTEX_POINT('',#3202);
#973=VERTEX_POINT('',#3206);
#974=VERTEX_POINT('',#3208);
#975=VERTEX_POINT('',#3212);
#976=VERTEX_POINT('',#3214);
#977=VERTEX_POINT('',#3221);
#978=VERTEX_POINT('',#3222);
#979=VERTEX_POINT('',#3224);
#980=VERTEX_POINT('',#3226);
#981=VERTEX_POINT('',#3230);
#982=VERTEX_POINT('',#3232);
#983=VERTEX_POINT('',#3236);
#984=VERTEX_POINT('',#3238);
#985=VERTEX_POINT('',#3242);
#986=VERTEX_POINT('',#3244);
#987=VERTEX_POINT('',#3248);
#988=VERTEX_POINT('',#3250);
#989=VERTEX_POINT('',#3254);
#990=VERTEX_POINT('',#3256);
#991=VERTEX_POINT('',#3260);
#992=VERTEX_POINT('',#3262);
#993=VERTEX_POINT('',#3266);
#994=VERTEX_POINT('',#3268);
#995=VERTEX_POINT('',#3272);
#996=VERTEX_POINT('',#3274);
#997=VERTEX_POINT('',#3278);
#998=VERTEX_POINT('',#3280);
#999=VERTEX_POINT('',#3284);
#1000=VERTEX_POINT('',#3286);
#1001=VERTEX_POINT('',#3290);
#1002=VERTEX_POINT('',#3292);
#1003=VERTEX_POINT('',#3296);
#1004=VERTEX_POINT('',#3298);
#1005=VERTEX_POINT('',#3302);
#1006=VERTEX_POINT('',#3304);
#1007=VERTEX_POINT('',#3308);
#1008=VERTEX_POINT('',#3310);
#1009=VERTEX_POINT('',#3317);
#1010=VERTEX_POINT('',#3318);
#1011=VERTEX_POINT('',#3320);
#1012=VERTEX_POINT('',#3322);
#1013=VERTEX_POINT('',#3326);
#1014=VERTEX_POINT('',#3328);
#1015=VERTEX_POINT('',#3332);
#1016=VERTEX_POINT('',#3334);
#1017=VERTEX_POINT('',#3338);
#1018=VERTEX_POINT('',#3340);
#1019=VERTEX_POINT('',#3344);
#1020=VERTEX_POINT('',#3346);
#1021=VERTEX_POINT('',#3350);
#1022=VERTEX_POINT('',#3352);
#1023=VERTEX_POINT('',#3356);
#1024=VERTEX_POINT('',#3358);
#1025=VERTEX_POINT('',#3362);
#1026=VERTEX_POINT('',#3364);
#1027=VERTEX_POINT('',#3368);
#1028=VERTEX_POINT('',#3370);
#1029=VERTEX_POINT('',#3374);
#1030=VERTEX_POINT('',#3376);
#1031=VERTEX_POINT('',#3380);
#1032=VERTEX_POINT('',#3382);
#1033=VERTEX_POINT('',#3391);
#1034=VERTEX_POINT('',#3393);
#1035=VERTEX_POINT('',#3397);
#1036=VERTEX_POINT('',#3400);
#1037=VERTEX_POINT('',#3402);
#1038=VERTEX_POINT('',#3406);
#1039=VERTEX_POINT('',#3409);
#1040=VERTEX_POINT('',#3411);
#1041=VERTEX_POINT('',#3415);
#1042=VERTEX_POINT('',#3418);
#1043=VERTEX_POINT('',#3420);
#1044=VERTEX_POINT('',#3424);
#1045=VERTEX_POINT('',#3427);
#1046=VERTEX_POINT('',#3431);
#1047=VERTEX_POINT('',#3435);
#1048=VERTEX_POINT('',#3439);
#1049=VERTEX_POINT('',#3443);
#1050=VERTEX_POINT('',#3444);
#1051=VERTEX_POINT('',#3446);
#1052=VERTEX_POINT('',#3448);
#1053=VERTEX_POINT('',#3452);
#1054=VERTEX_POINT('',#3454);
#1055=VERTEX_POINT('',#3458);
#1056=VERTEX_POINT('',#3460);
#1057=VERTEX_POINT('',#3464);
#1058=VERTEX_POINT('',#3466);
#1059=VERTEX_POINT('',#3470);
#1060=VERTEX_POINT('',#3472);
#1061=VERTEX_POINT('',#3476);
#1062=VERTEX_POINT('',#3478);
#1063=EDGE_CURVE('',#867,#868,#407,.T.);
#1064=EDGE_CURVE('',#869,#867,#408,.T.);
#1065=EDGE_CURVE('',#870,#869,#409,.T.);
#1066=EDGE_CURVE('',#870,#868,#410,.T.);
#1067=EDGE_CURVE('',#868,#871,#61,.T.);
#1068=EDGE_CURVE('',#872,#870,#62,.T.);
#1069=EDGE_CURVE('',#872,#871,#411,.T.);
#1070=EDGE_CURVE('',#871,#873,#412,.T.);
#1071=EDGE_CURVE('',#874,#872,#413,.T.);
#1072=EDGE_CURVE('',#874,#873,#414,.T.);
#1073=EDGE_CURVE('',#873,#875,#63,.T.);
#1074=EDGE_CURVE('',#876,#874,#64,.T.);
#1075=EDGE_CURVE('',#876,#875,#415,.T.);
#1076=EDGE_CURVE('',#875,#877,#416,.T.);
#1077=EDGE_CURVE('',#878,#876,#417,.T.);
#1078=EDGE_CURVE('',#878,#877,#418,.T.);
#1079=EDGE_CURVE('',#877,#879,#65,.T.);
#1080=EDGE_CURVE('',#880,#878,#66,.T.);
#1081=EDGE_CURVE('',#880,#879,#419,.T.);
#1082=EDGE_CURVE('',#879,#881,#420,.T.);
#1083=EDGE_CURVE('',#882,#880,#421,.T.);
#1084=EDGE_CURVE('',#882,#881,#422,.T.);
#1085=EDGE_CURVE('',#881,#867,#67,.T.);
#1086=EDGE_CURVE('',#869,#882,#68,.T.);
#1087=EDGE_CURVE('',#883,#884,#423,.T.);
#1088=EDGE_CURVE('',#885,#883,#424,.T.);
#1089=EDGE_CURVE('',#886,#885,#425,.T.);
#1090=EDGE_CURVE('',#886,#884,#426,.T.);
#1091=EDGE_CURVE('',#884,#887,#69,.T.);
#1092=EDGE_CURVE('',#888,#886,#70,.T.);
#1093=EDGE_CURVE('',#888,#887,#427,.T.);
#1094=EDGE_CURVE('',#887,#889,#428,.T.);
#1095=EDGE_CURVE('',#890,#888,#429,.T.);
#1096=EDGE_CURVE('',#890,#889,#430,.T.);
#1097=EDGE_CURVE('',#889,#891,#71,.T.);
#1098=EDGE_CURVE('',#892,#890,#72,.T.);
#1099=EDGE_CURVE('',#892,#891,#431,.T.);
#1100=EDGE_CURVE('',#891,#893,#432,.T.);
#1101=EDGE_CURVE('',#894,#892,#433,.T.);
#1102=EDGE_CURVE('',#894,#893,#434,.T.);
#1103=EDGE_CURVE('',#893,#895,#73,.T.);
#1104=EDGE_CURVE('',#896,#894,#74,.T.);
#1105=EDGE_CURVE('',#896,#895,#435,.T.);
#1106=EDGE_CURVE('',#895,#897,#436,.T.);
#1107=EDGE_CURVE('',#898,#896,#437,.T.);
#1108=EDGE_CURVE('',#898,#897,#438,.T.);
#1109=EDGE_CURVE('',#897,#883,#75,.T.);
#1110=EDGE_CURVE('',#885,#898,#76,.T.);
#1111=EDGE_CURVE('',#899,#900,#439,.T.);
#1112=EDGE_CURVE('',#901,#899,#440,.T.);
#1113=EDGE_CURVE('',#902,#901,#441,.T.);
#1114=EDGE_CURVE('',#902,#900,#442,.T.);
#1115=EDGE_CURVE('',#900,#903,#443,.T.);
#1116=EDGE_CURVE('',#904,#902,#444,.T.);
#1117=EDGE_CURVE('',#904,#903,#445,.T.);
#1118=EDGE_CURVE('',#903,#905,#446,.T.);
#1119=EDGE_CURVE('',#906,#904,#447,.T.);
#1120=EDGE_CURVE('',#906,#905,#448,.T.);
#1121=EDGE_CURVE('',#905,#899,#449,.T.);
#1122=EDGE_CURVE('',#901,#906,#450,.T.);
#1123=EDGE_CURVE('',#907,#908,#451,.T.);
#1124=EDGE_CURVE('',#909,#907,#452,.T.);
#1125=EDGE_CURVE('',#910,#909,#453,.T.);
#1126=EDGE_CURVE('',#910,#908,#454,.T.);
#1127=EDGE_CURVE('',#908,#911,#455,.T.);
#1128=EDGE_CURVE('',#912,#910,#456,.T.);
#1129=EDGE_CURVE('',#912,#911,#457,.T.);
#1130=EDGE_CURVE('',#911,#913,#458,.T.);
#1131=EDGE_CURVE('',#914,#912,#459,.T.);
#1132=EDGE_CURVE('',#914,#913,#460,.T.);
#1133=EDGE_CURVE('',#913,#907,#461,.T.);
#1134=EDGE_CURVE('',#909,#914,#462,.T.);
#1135=EDGE_CURVE('',#915,#916,#463,.T.);
#1136=EDGE_CURVE('',#917,#915,#464,.T.);
#1137=EDGE_CURVE('',#918,#917,#465,.T.);
#1138=EDGE_CURVE('',#918,#916,#466,.T.);
#1139=EDGE_CURVE('',#916,#919,#467,.T.);
#1140=EDGE_CURVE('',#920,#918,#468,.T.);
#1141=EDGE_CURVE('',#920,#919,#469,.T.);
#1142=EDGE_CURVE('',#919,#921,#470,.T.);
#1143=EDGE_CURVE('',#922,#920,#471,.T.);
#1144=EDGE_CURVE('',#922,#921,#472,.T.);
#1145=EDGE_CURVE('',#921,#915,#473,.T.);
#1146=EDGE_CURVE('',#917,#922,#474,.T.);
#1147=EDGE_CURVE('',#923,#924,#475,.T.);
#1148=EDGE_CURVE('',#925,#923,#476,.T.);
#1149=EDGE_CURVE('',#926,#925,#477,.T.);
#1150=EDGE_CURVE('',#926,#924,#478,.T.);
#1151=EDGE_CURVE('',#924,#927,#479,.T.);
#1152=EDGE_CURVE('',#928,#926,#480,.T.);
#1153=EDGE_CURVE('',#928,#927,#481,.T.);
#1154=EDGE_CURVE('',#927,#929,#482,.T.);
#1155=EDGE_CURVE('',#930,#928,#483,.T.);
#1156=EDGE_CURVE('',#930,#929,#484,.T.);
#1157=EDGE_CURVE('',#929,#923,#485,.T.);
#1158=EDGE_CURVE('',#925,#930,#486,.T.);
#1159=EDGE_CURVE('',#931,#931,#77,.T.);
#1160=EDGE_CURVE('',#931,#932,#487,.T.);
#1161=EDGE_CURVE('',#932,#932,#78,.T.);
#1162=EDGE_CURVE('',#933,#933,#79,.T.);
#1163=EDGE_CURVE('',#933,#934,#488,.T.);
#1164=EDGE_CURVE('',#934,#934,#80,.T.);
#1165=EDGE_CURVE('',#935,#936,#489,.T.);
#1166=EDGE_CURVE('',#937,#935,#490,.T.);
#1167=EDGE_CURVE('',#938,#937,#491,.T.);
#1168=EDGE_CURVE('',#938,#936,#492,.T.);
#1169=EDGE_CURVE('',#936,#939,#493,.T.);
#1170=EDGE_CURVE('',#940,#938,#494,.T.);
#1171=EDGE_CURVE('',#940,#939,#495,.T.);
#1172=EDGE_CURVE('',#939,#941,#496,.T.);
#1173=EDGE_CURVE('',#942,#940,#497,.T.);
#1174=EDGE_CURVE('',#942,#941,#498,.T.);
#1175=EDGE_CURVE('',#941,#935,#499,.T.);
#1176=EDGE_CURVE('',#937,#942,#500,.T.);
#1177=EDGE_CURVE('',#943,#943,#81,.T.);
#1178=EDGE_CURVE('',#943,#944,#501,.T.);
#1179=EDGE_CURVE('',#944,#944,#82,.T.);
#1180=EDGE_CURVE('',#945,#946,#502,.T.);
#1181=EDGE_CURVE('',#947,#945,#503,.T.);
#1182=EDGE_CURVE('',#948,#947,#504,.T.);
#1183=EDGE_CURVE('',#948,#946,#505,.T.);
#1184=EDGE_CURVE('',#946,#949,#83,.T.);
#1185=EDGE_CURVE('',#950,#948,#84,.T.);
#1186=EDGE_CURVE('',#950,#949,#506,.T.);
#1187=EDGE_CURVE('',#949,#951,#507,.T.);
#1188=EDGE_CURVE('',#952,#950,#508,.T.);
#1189=EDGE_CURVE('',#952,#951,#509,.T.);
#1190=EDGE_CURVE('',#951,#953,#85,.T.);
#1191=EDGE_CURVE('',#954,#952,#86,.T.);
#1192=EDGE_CURVE('',#954,#953,#510,.T.);
#1193=EDGE_CURVE('',#953,#955,#511,.T.);
#1194=EDGE_CURVE('',#956,#954,#512,.T.);
#1195=EDGE_CURVE('',#956,#955,#513,.T.);
#1196=EDGE_CURVE('',#955,#957,#87,.T.);
#1197=EDGE_CURVE('',#958,#956,#88,.T.);
#1198=EDGE_CURVE('',#958,#957,#514,.T.);
#1199=EDGE_CURVE('',#957,#959,#515,.T.);
#1200=EDGE_CURVE('',#960,#958,#516,.T.);
#1201=EDGE_CURVE('',#960,#959,#517,.T.);
#1202=EDGE_CURVE('',#959,#945,#89,.T.);
#1203=EDGE_CURVE('',#947,#960,#90,.T.);
#1204=EDGE_CURVE('',#961,#962,#518,.T.);
#1205=EDGE_CURVE('',#963,#961,#519,.T.);
#1206=EDGE_CURVE('',#964,#963,#520,.T.);
#1207=EDGE_CURVE('',#964,#962,#521,.T.);
#1208=EDGE_CURVE('',#962,#965,#91,.T.);
#1209=EDGE_CURVE('',#966,#964,#92,.T.);
#1210=EDGE_CURVE('',#966,#965,#522,.T.);
#1211=EDGE_CURVE('',#965,#967,#523,.T.);
#1212=EDGE_CURVE('',#968,#966,#524,.T.);
#1213=EDGE_CURVE('',#968,#967,#525,.T.);
#1214=EDGE_CURVE('',#967,#969,#93,.T.);
#1215=EDGE_CURVE('',#970,#968,#94,.T.);
#1216=EDGE_CURVE('',#970,#969,#526,.T.);
#1217=EDGE_CURVE('',#969,#971,#527,.T.);
#1218=EDGE_CURVE('',#972,#970,#528,.T.);
#1219=EDGE_CURVE('',#972,#971,#529,.T.);
#1220=EDGE_CURVE('',#971,#973,#95,.T.);
#1221=EDGE_CURVE('',#974,#972,#96,.T.);
#1222=EDGE_CURVE('',#974,#973,#530,.T.);
#1223=EDGE_CURVE('',#973,#975,#531,.T.);
#1224=EDGE_CURVE('',#976,#974,#532,.T.);
#1225=EDGE_CURVE('',#976,#975,#533,.T.);
#1226=EDGE_CURVE('',#975,#961,#97,.T.);
#1227=EDGE_CURVE('',#963,#976,#98,.T.);
#1228=EDGE_CURVE('',#977,#978,#534,.T.);
#1229=EDGE_CURVE('',#979,#977,#535,.T.);
#1230=EDGE_CURVE('',#980,#979,#536,.T.);
#1231=EDGE_CURVE('',#980,#978,#537,.T.);
#1232=EDGE_CURVE('',#978,#981,#99,.T.);
#1233=EDGE_CURVE('',#982,#980,#100,.T.);
#1234=EDGE_CURVE('',#982,#981,#538,.T.);
#1235=EDGE_CURVE('',#981,#983,#539,.T.);
#1236=EDGE_CURVE('',#984,#982,#540,.T.);
#1237=EDGE_CURVE('',#984,#983,#541,.T.);
#1238=EDGE_CURVE('',#983,#985,#542,.T.);
#1239=EDGE_CURVE('',#986,#984,#543,.T.);
#1240=EDGE_CURVE('',#986,#985,#544,.T.);
#1241=EDGE_CURVE('',#985,#987,#545,.T.);
#1242=EDGE_CURVE('',#988,#986,#546,.T.);
#1243=EDGE_CURVE('',#988,#987,#547,.T.);
#1244=EDGE_CURVE('',#987,#989,#101,.T.);
#1245=EDGE_CURVE('',#990,#988,#102,.T.);
#1246=EDGE_CURVE('',#990,#989,#548,.T.);
#1247=EDGE_CURVE('',#989,#991,#549,.T.);
#1248=EDGE_CURVE('',#992,#990,#550,.T.);
#1249=EDGE_CURVE('',#992,#991,#551,.T.);
#1250=EDGE_CURVE('',#991,#993,#552,.T.);
#1251=EDGE_CURVE('',#994,#992,#553,.T.);
#1252=EDGE_CURVE('',#994,#993,#554,.T.);
#1253=EDGE_CURVE('',#993,#995,#555,.T.);
#1254=EDGE_CURVE('',#996,#994,#556,.T.);
#1255=EDGE_CURVE('',#996,#995,#557,.T.);
#1256=EDGE_CURVE('',#995,#997,#103,.T.);
#1257=EDGE_CURVE('',#998,#996,#104,.T.);
#1258=EDGE_CURVE('',#998,#997,#558,.T.);
#1259=EDGE_CURVE('',#997,#999,#559,.T.);
#1260=EDGE_CURVE('',#1000,#998,#560,.T.);
#1261=EDGE_CURVE('',#1000,#999,#561,.T.);
#1262=EDGE_CURVE('',#999,#1001,#562,.T.);
#1263=EDGE_CURVE('',#1002,#1000,#563,.T.);
#1264=EDGE_CURVE('',#1002,#1001,#564,.T.);
#1265=EDGE_CURVE('',#1001,#1003,#565,.T.);
#1266=EDGE_CURVE('',#1004,#1002,#566,.T.);
#1267=EDGE_CURVE('',#1004,#1003,#567,.T.);
#1268=EDGE_CURVE('',#1003,#1005,#105,.T.);
#1269=EDGE_CURVE('',#1006,#1004,#106,.T.);
#1270=EDGE_CURVE('',#1006,#1005,#568,.T.);
#1271=EDGE_CURVE('',#1005,#1007,#569,.T.);
#1272=EDGE_CURVE('',#1008,#1006,#570,.T.);
#1273=EDGE_CURVE('',#1008,#1007,#571,.T.);
#1274=EDGE_CURVE('',#1007,#977,#572,.T.);
#1275=EDGE_CURVE('',#979,#1008,#573,.T.);
#1276=EDGE_CURVE('',#1009,#1010,#574,.T.);
#1277=EDGE_CURVE('',#1009,#1011,#575,.T.);
#1278=EDGE_CURVE('',#1012,#1011,#576,.T.);
#1279=EDGE_CURVE('',#1010,#1012,#577,.T.);
#1280=EDGE_CURVE('',#1010,#1013,#578,.T.);
#1281=EDGE_CURVE('',#1014,#1012,#579,.T.);
#1282=EDGE_CURVE('',#1013,#1014,#580,.T.);
#1283=EDGE_CURVE('',#1015,#1013,#107,.T.);
#1284=EDGE_CURVE('',#1016,#1014,#108,.T.);
#1285=EDGE_CURVE('',#1015,#1016,#581,.T.);
#1286=EDGE_CURVE('',#1017,#1015,#582,.T.);
#1287=EDGE_CURVE('',#1018,#1016,#583,.T.);
#1288=EDGE_CURVE('',#1017,#1018,#584,.T.);
#1289=EDGE_CURVE('',#1019,#1017,#585,.T.);
#1290=EDGE_CURVE('',#1020,#1018,#586,.T.);
#1291=EDGE_CURVE('',#1019,#1020,#587,.T.);
#1292=EDGE_CURVE('',#1021,#1019,#588,.T.);
#1293=EDGE_CURVE('',#1022,#1020,#589,.T.);
#1294=EDGE_CURVE('',#1021,#1022,#590,.T.);
#1295=EDGE_CURVE('',#1023,#1021,#591,.T.);
#1296=EDGE_CURVE('',#1024,#1022,#592,.T.);
#1297=EDGE_CURVE('',#1023,#1024,#593,.T.);
#1298=EDGE_CURVE('',#1025,#1023,#594,.T.);
#1299=EDGE_CURVE('',#1026,#1024,#595,.T.);
#1300=EDGE_CURVE('',#1025,#1026,#596,.T.);
#1301=EDGE_CURVE('',#1027,#1025,#597,.T.);
#1302=EDGE_CURVE('',#1028,#1026,#598,.T.);
#1303=EDGE_CURVE('',#1027,#1028,#599,.T.);
#1304=EDGE_CURVE('',#1029,#1027,#600,.T.);
#1305=EDGE_CURVE('',#1030,#1028,#601,.T.);
#1306=EDGE_CURVE('',#1029,#1030,#602,.T.);
#1307=EDGE_CURVE('',#1031,#1029,#603,.T.);
#1308=EDGE_CURVE('',#1032,#1030,#604,.T.);
#1309=EDGE_CURVE('',#1031,#1032,#605,.T.);
#1310=EDGE_CURVE('',#1031,#1009,#606,.T.);
#1311=EDGE_CURVE('',#1011,#1032,#607,.T.);
#1312=EDGE_CURVE('',#1033,#1033,#109,.T.);
#1313=EDGE_CURVE('',#1033,#1034,#608,.T.);
#1314=EDGE_CURVE('',#1034,#1034,#110,.T.);
#1315=EDGE_CURVE('',#1035,#1035,#111,.T.);
#1316=EDGE_CURVE('',#1036,#1036,#112,.T.);
#1317=EDGE_CURVE('',#1036,#1037,#609,.T.);
#1318=EDGE_CURVE('',#1037,#1037,#113,.T.);
#1319=EDGE_CURVE('',#1038,#1038,#114,.T.);
#1320=EDGE_CURVE('',#1039,#1039,#115,.T.);
#1321=EDGE_CURVE('',#1039,#1040,#610,.T.);
#1322=EDGE_CURVE('',#1040,#1040,#116,.T.);
#1323=EDGE_CURVE('',#1041,#1041,#117,.T.);
#1324=EDGE_CURVE('',#1042,#1042,#118,.T.);
#1325=EDGE_CURVE('',#1042,#1043,#611,.T.);
#1326=EDGE_CURVE('',#1043,#1043,#119,.T.);
#1327=EDGE_CURVE('',#1044,#1044,#120,.T.);
#1328=EDGE_CURVE('',#1041,#1045,#612,.T.);
#1329=EDGE_CURVE('',#1045,#1045,#121,.T.);
#1330=EDGE_CURVE('',#1038,#1046,#613,.T.);
#1331=EDGE_CURVE('',#1046,#1046,#122,.T.);
#1332=EDGE_CURVE('',#1035,#1047,#614,.T.);
#1333=EDGE_CURVE('',#1047,#1047,#123,.T.);
#1334=EDGE_CURVE('',#1044,#1048,#615,.T.);
#1335=EDGE_CURVE('',#1048,#1048,#124,.T.);
#1336=EDGE_CURVE('',#1049,#1050,#616,.T.);
#1337=EDGE_CURVE('',#1050,#1051,#617,.T.);
#1338=EDGE_CURVE('',#1052,#1051,#618,.T.);
#1339=EDGE_CURVE('',#1049,#1052,#619,.T.);
#1340=EDGE_CURVE('',#1049,#1053,#620,.T.);
#1341=EDGE_CURVE('',#1054,#1052,#621,.T.);
#1342=EDGE_CURVE('',#1053,#1054,#622,.T.);
#1343=EDGE_CURVE('',#1053,#1055,#623,.T.);
#1344=EDGE_CURVE('',#1056,#1054,#624,.T.);
#1345=EDGE_CURVE('',#1055,#1056,#625,.T.);
#1346=EDGE_CURVE('',#1057,#1055,#626,.T.);
#1347=EDGE_CURVE('',#1058,#1056,#627,.T.);
#1348=EDGE_CURVE('',#1057,#1058,#628,.T.);
#1349=EDGE_CURVE('',#1057,#1059,#629,.T.);
#1350=EDGE_CURVE('',#1060,#1058,#630,.T.);
#1351=EDGE_CURVE('',#1059,#1060,#631,.T.);
#1352=EDGE_CURVE('',#1061,#1059,#632,.T.);
#1353=EDGE_CURVE('',#1062,#1060,#633,.T.);
#1354=EDGE_CURVE('',#1061,#1062,#634,.T.);
#1355=EDGE_CURVE('',#1061,#1050,#635,.T.);
#1356=EDGE_CURVE('',#1051,#1062,#636,.T.);
#1357=ORIENTED_EDGE('',*,*,#1063,.F.);
#1358=ORIENTED_EDGE('',*,*,#1064,.F.);
#1359=ORIENTED_EDGE('',*,*,#1065,.F.);
#1360=ORIENTED_EDGE('',*,*,#1066,.T.);
#1361=ORIENTED_EDGE('',*,*,#1067,.F.);
#1362=ORIENTED_EDGE('',*,*,#1066,.F.);
#1363=ORIENTED_EDGE('',*,*,#1068,.F.);
#1364=ORIENTED_EDGE('',*,*,#1069,.T.);
#1365=ORIENTED_EDGE('',*,*,#1070,.F.);
#1366=ORIENTED_EDGE('',*,*,#1069,.F.);
#1367=ORIENTED_EDGE('',*,*,#1071,.F.);
#1368=ORIENTED_EDGE('',*,*,#1072,.T.);
#1369=ORIENTED_EDGE('',*,*,#1073,.F.);
#1370=ORIENTED_EDGE('',*,*,#1072,.F.);
#1371=ORIENTED_EDGE('',*,*,#1074,.F.);
#1372=ORIENTED_EDGE('',*,*,#1075,.T.);
#1373=ORIENTED_EDGE('',*,*,#1076,.F.);
#1374=ORIENTED_EDGE('',*,*,#1075,.F.);
#1375=ORIENTED_EDGE('',*,*,#1077,.F.);
#1376=ORIENTED_EDGE('',*,*,#1078,.T.);
#1377=ORIENTED_EDGE('',*,*,#1079,.F.);
#1378=ORIENTED_EDGE('',*,*,#1078,.F.);
#1379=ORIENTED_EDGE('',*,*,#1080,.F.);
#1380=ORIENTED_EDGE('',*,*,#1081,.T.);
#1381=ORIENTED_EDGE('',*,*,#1082,.F.);
#1382=ORIENTED_EDGE('',*,*,#1081,.F.);
#1383=ORIENTED_EDGE('',*,*,#1083,.F.);
#1384=ORIENTED_EDGE('',*,*,#1084,.T.);
#1385=ORIENTED_EDGE('',*,*,#1085,.F.);
#1386=ORIENTED_EDGE('',*,*,#1084,.F.);
#1387=ORIENTED_EDGE('',*,*,#1086,.F.);
#1388=ORIENTED_EDGE('',*,*,#1064,.T.);
#1389=ORIENTED_EDGE('',*,*,#1087,.F.);
#1390=ORIENTED_EDGE('',*,*,#1088,.F.);
#1391=ORIENTED_EDGE('',*,*,#1089,.F.);
#1392=ORIENTED_EDGE('',*,*,#1090,.T.);
#1393=ORIENTED_EDGE('',*,*,#1091,.F.);
#1394=ORIENTED_EDGE('',*,*,#1090,.F.);
#1395=ORIENTED_EDGE('',*,*,#1092,.F.);
#1396=ORIENTED_EDGE('',*,*,#1093,.T.);
#1397=ORIENTED_EDGE('',*,*,#1094,.F.);
#1398=ORIENTED_EDGE('',*,*,#1093,.F.);
#1399=ORIENTED_EDGE('',*,*,#1095,.F.);
#1400=ORIENTED_EDGE('',*,*,#1096,.T.);
#1401=ORIENTED_EDGE('',*,*,#1097,.F.);
#1402=ORIENTED_EDGE('',*,*,#1096,.F.);
#1403=ORIENTED_EDGE('',*,*,#1098,.F.);
#1404=ORIENTED_EDGE('',*,*,#1099,.T.);
#1405=ORIENTED_EDGE('',*,*,#1100,.F.);
#1406=ORIENTED_EDGE('',*,*,#1099,.F.);
#1407=ORIENTED_EDGE('',*,*,#1101,.F.);
#1408=ORIENTED_EDGE('',*,*,#1102,.T.);
#1409=ORIENTED_EDGE('',*,*,#1103,.F.);
#1410=ORIENTED_EDGE('',*,*,#1102,.F.);
#1411=ORIENTED_EDGE('',*,*,#1104,.F.);
#1412=ORIENTED_EDGE('',*,*,#1105,.T.);
#1413=ORIENTED_EDGE('',*,*,#1106,.F.);
#1414=ORIENTED_EDGE('',*,*,#1105,.F.);
#1415=ORIENTED_EDGE('',*,*,#1107,.F.);
#1416=ORIENTED_EDGE('',*,*,#1108,.T.);
#1417=ORIENTED_EDGE('',*,*,#1109,.F.);
#1418=ORIENTED_EDGE('',*,*,#1108,.F.);
#1419=ORIENTED_EDGE('',*,*,#1110,.F.);
#1420=ORIENTED_EDGE('',*,*,#1088,.T.);
#1421=ORIENTED_EDGE('',*,*,#1111,.F.);
#1422=ORIENTED_EDGE('',*,*,#1112,.F.);
#1423=ORIENTED_EDGE('',*,*,#1113,.F.);
#1424=ORIENTED_EDGE('',*,*,#1114,.T.);
#1425=ORIENTED_EDGE('',*,*,#1115,.F.);
#1426=ORIENTED_EDGE('',*,*,#1114,.F.);
#1427=ORIENTED_EDGE('',*,*,#1116,.F.);
#1428=ORIENTED_EDGE('',*,*,#1117,.T.);
#1429=ORIENTED_EDGE('',*,*,#1118,.F.);
#1430=ORIENTED_EDGE('',*,*,#1117,.F.);
#1431=ORIENTED_EDGE('',*,*,#1119,.F.);
#1432=ORIENTED_EDGE('',*,*,#1120,.T.);
#1433=ORIENTED_EDGE('',*,*,#1121,.F.);
#1434=ORIENTED_EDGE('',*,*,#1120,.F.);
#1435=ORIENTED_EDGE('',*,*,#1122,.F.);
#1436=ORIENTED_EDGE('',*,*,#1112,.T.);
#1437=ORIENTED_EDGE('',*,*,#1123,.F.);
#1438=ORIENTED_EDGE('',*,*,#1124,.F.);
#1439=ORIENTED_EDGE('',*,*,#1125,.F.);
#1440=ORIENTED_EDGE('',*,*,#1126,.T.);
#1441=ORIENTED_EDGE('',*,*,#1127,.F.);
#1442=ORIENTED_EDGE('',*,*,#1126,.F.);
#1443=ORIENTED_EDGE('',*,*,#1128,.F.);
#1444=ORIENTED_EDGE('',*,*,#1129,.T.);
#1445=ORIENTED_EDGE('',*,*,#1130,.F.);
#1446=ORIENTED_EDGE('',*,*,#1129,.F.);
#1447=ORIENTED_EDGE('',*,*,#1131,.F.);
#1448=ORIENTED_EDGE('',*,*,#1132,.T.);
#1449=ORIENTED_EDGE('',*,*,#1133,.F.);
#1450=ORIENTED_EDGE('',*,*,#1132,.F.);
#1451=ORIENTED_EDGE('',*,*,#1134,.F.);
#1452=ORIENTED_EDGE('',*,*,#1124,.T.);
#1453=ORIENTED_EDGE('',*,*,#1135,.F.);
#1454=ORIENTED_EDGE('',*,*,#1136,.F.);
#1455=ORIENTED_EDGE('',*,*,#1137,.F.);
#1456=ORIENTED_EDGE('',*,*,#1138,.T.);
#1457=ORIENTED_EDGE('',*,*,#1139,.F.);
#1458=ORIENTED_EDGE('',*,*,#1138,.F.);
#1459=ORIENTED_EDGE('',*,*,#1140,.F.);
#1460=ORIENTED_EDGE('',*,*,#1141,.T.);
#1461=ORIENTED_EDGE('',*,*,#1142,.F.);
#1462=ORIENTED_EDGE('',*,*,#1141,.F.);
#1463=ORIENTED_EDGE('',*,*,#1143,.F.);
#1464=ORIENTED_EDGE('',*,*,#1144,.T.);
#1465=ORIENTED_EDGE('',*,*,#1145,.F.);
#1466=ORIENTED_EDGE('',*,*,#1144,.F.);
#1467=ORIENTED_EDGE('',*,*,#1146,.F.);
#1468=ORIENTED_EDGE('',*,*,#1136,.T.);
#1469=ORIENTED_EDGE('',*,*,#1147,.F.);
#1470=ORIENTED_EDGE('',*,*,#1148,.F.);
#1471=ORIENTED_EDGE('',*,*,#1149,.F.);
#1472=ORIENTED_EDGE('',*,*,#1150,.T.);
#1473=ORIENTED_EDGE('',*,*,#1151,.F.);
#1474=ORIENTED_EDGE('',*,*,#1150,.F.);
#1475=ORIENTED_EDGE('',*,*,#1152,.F.);
#1476=ORIENTED_EDGE('',*,*,#1153,.T.);
#1477=ORIENTED_EDGE('',*,*,#1154,.F.);
#1478=ORIENTED_EDGE('',*,*,#1153,.F.);
#1479=ORIENTED_EDGE('',*,*,#1155,.F.);
#1480=ORIENTED_EDGE('',*,*,#1156,.T.);
#1481=ORIENTED_EDGE('',*,*,#1157,.F.);
#1482=ORIENTED_EDGE('',*,*,#1156,.F.);
#1483=ORIENTED_EDGE('',*,*,#1158,.F.);
#1484=ORIENTED_EDGE('',*,*,#1148,.T.);
#1485=ORIENTED_EDGE('',*,*,#1159,.F.);
#1486=ORIENTED_EDGE('',*,*,#1160,.T.);
#1487=ORIENTED_EDGE('',*,*,#1161,.F.);
#1488=ORIENTED_EDGE('',*,*,#1160,.F.);
#1489=ORIENTED_EDGE('',*,*,#1162,.F.);
#1490=ORIENTED_EDGE('',*,*,#1163,.T.);
#1491=ORIENTED_EDGE('',*,*,#1164,.F.);
#1492=ORIENTED_EDGE('',*,*,#1163,.F.);
#1493=ORIENTED_EDGE('',*,*,#1165,.F.);
#1494=ORIENTED_EDGE('',*,*,#1166,.F.);
#1495=ORIENTED_EDGE('',*,*,#1167,.F.);
#1496=ORIENTED_EDGE('',*,*,#1168,.T.);
#1497=ORIENTED_EDGE('',*,*,#1169,.F.);
#1498=ORIENTED_EDGE('',*,*,#1168,.F.);
#1499=ORIENTED_EDGE('',*,*,#1170,.F.);
#1500=ORIENTED_EDGE('',*,*,#1171,.T.);
#1501=ORIENTED_EDGE('',*,*,#1172,.F.);
#1502=ORIENTED_EDGE('',*,*,#1171,.F.);
#1503=ORIENTED_EDGE('',*,*,#1173,.F.);
#1504=ORIENTED_EDGE('',*,*,#1174,.T.);
#1505=ORIENTED_EDGE('',*,*,#1175,.F.);
#1506=ORIENTED_EDGE('',*,*,#1174,.F.);
#1507=ORIENTED_EDGE('',*,*,#1176,.F.);
#1508=ORIENTED_EDGE('',*,*,#1166,.T.);
#1509=ORIENTED_EDGE('',*,*,#1177,.F.);
#1510=ORIENTED_EDGE('',*,*,#1178,.T.);
#1511=ORIENTED_EDGE('',*,*,#1179,.F.);
#1512=ORIENTED_EDGE('',*,*,#1178,.F.);
#1513=ORIENTED_EDGE('',*,*,#1180,.F.);
#1514=ORIENTED_EDGE('',*,*,#1181,.F.);
#1515=ORIENTED_EDGE('',*,*,#1182,.F.);
#1516=ORIENTED_EDGE('',*,*,#1183,.T.);
#1517=ORIENTED_EDGE('',*,*,#1184,.F.);
#1518=ORIENTED_EDGE('',*,*,#1183,.F.);
#1519=ORIENTED_EDGE('',*,*,#1185,.F.);
#1520=ORIENTED_EDGE('',*,*,#1186,.T.);
#1521=ORIENTED_EDGE('',*,*,#1187,.F.);
#1522=ORIENTED_EDGE('',*,*,#1186,.F.);
#1523=ORIENTED_EDGE('',*,*,#1188,.F.);
#1524=ORIENTED_EDGE('',*,*,#1189,.T.);
#1525=ORIENTED_EDGE('',*,*,#1190,.F.);
#1526=ORIENTED_EDGE('',*,*,#1189,.F.);
#1527=ORIENTED_EDGE('',*,*,#1191,.F.);
#1528=ORIENTED_EDGE('',*,*,#1192,.T.);
#1529=ORIENTED_EDGE('',*,*,#1193,.F.);
#1530=ORIENTED_EDGE('',*,*,#1192,.F.);
#1531=ORIENTED_EDGE('',*,*,#1194,.F.);
#1532=ORIENTED_EDGE('',*,*,#1195,.T.);
#1533=ORIENTED_EDGE('',*,*,#1196,.F.);
#1534=ORIENTED_EDGE('',*,*,#1195,.F.);
#1535=ORIENTED_EDGE('',*,*,#1197,.F.);
#1536=ORIENTED_EDGE('',*,*,#1198,.T.);
#1537=ORIENTED_EDGE('',*,*,#1199,.F.);
#1538=ORIENTED_EDGE('',*,*,#1198,.F.);
#1539=ORIENTED_EDGE('',*,*,#1200,.F.);
#1540=ORIENTED_EDGE('',*,*,#1201,.T.);
#1541=ORIENTED_EDGE('',*,*,#1202,.F.);
#1542=ORIENTED_EDGE('',*,*,#1201,.F.);
#1543=ORIENTED_EDGE('',*,*,#1203,.F.);
#1544=ORIENTED_EDGE('',*,*,#1181,.T.);
#1545=ORIENTED_EDGE('',*,*,#1204,.F.);
#1546=ORIENTED_EDGE('',*,*,#1205,.F.);
#1547=ORIENTED_EDGE('',*,*,#1206,.F.);
#1548=ORIENTED_EDGE('',*,*,#1207,.T.);
#1549=ORIENTED_EDGE('',*,*,#1208,.F.);
#1550=ORIENTED_EDGE('',*,*,#1207,.F.);
#1551=ORIENTED_EDGE('',*,*,#1209,.F.);
#1552=ORIENTED_EDGE('',*,*,#1210,.T.);
#1553=ORIENTED_EDGE('',*,*,#1211,.F.);
#1554=ORIENTED_EDGE('',*,*,#1210,.F.);
#1555=ORIENTED_EDGE('',*,*,#1212,.F.);
#1556=ORIENTED_EDGE('',*,*,#1213,.T.);
#1557=ORIENTED_EDGE('',*,*,#1214,.F.);
#1558=ORIENTED_EDGE('',*,*,#1213,.F.);
#1559=ORIENTED_EDGE('',*,*,#1215,.F.);
#1560=ORIENTED_EDGE('',*,*,#1216,.T.);
#1561=ORIENTED_EDGE('',*,*,#1217,.F.);
#1562=ORIENTED_EDGE('',*,*,#1216,.F.);
#1563=ORIENTED_EDGE('',*,*,#1218,.F.);
#1564=ORIENTED_EDGE('',*,*,#1219,.T.);
#1565=ORIENTED_EDGE('',*,*,#1220,.F.);
#1566=ORIENTED_EDGE('',*,*,#1219,.F.);
#1567=ORIENTED_EDGE('',*,*,#1221,.F.);
#1568=ORIENTED_EDGE('',*,*,#1222,.T.);
#1569=ORIENTED_EDGE('',*,*,#1223,.F.);
#1570=ORIENTED_EDGE('',*,*,#1222,.F.);
#1571=ORIENTED_EDGE('',*,*,#1224,.F.);
#1572=ORIENTED_EDGE('',*,*,#1225,.T.);
#1573=ORIENTED_EDGE('',*,*,#1226,.F.);
#1574=ORIENTED_EDGE('',*,*,#1225,.F.);
#1575=ORIENTED_EDGE('',*,*,#1227,.F.);
#1576=ORIENTED_EDGE('',*,*,#1205,.T.);
#1577=ORIENTED_EDGE('',*,*,#1228,.F.);
#1578=ORIENTED_EDGE('',*,*,#1229,.F.);
#1579=ORIENTED_EDGE('',*,*,#1230,.F.);
#1580=ORIENTED_EDGE('',*,*,#1231,.T.);
#1581=ORIENTED_EDGE('',*,*,#1232,.F.);
#1582=ORIENTED_EDGE('',*,*,#1231,.F.);
#1583=ORIENTED_EDGE('',*,*,#1233,.F.);
#1584=ORIENTED_EDGE('',*,*,#1234,.T.);
#1585=ORIENTED_EDGE('',*,*,#1235,.F.);
#1586=ORIENTED_EDGE('',*,*,#1234,.F.);
#1587=ORIENTED_EDGE('',*,*,#1236,.F.);
#1588=ORIENTED_EDGE('',*,*,#1237,.T.);
#1589=ORIENTED_EDGE('',*,*,#1238,.F.);
#1590=ORIENTED_EDGE('',*,*,#1237,.F.);
#1591=ORIENTED_EDGE('',*,*,#1239,.F.);
#1592=ORIENTED_EDGE('',*,*,#1240,.T.);
#1593=ORIENTED_EDGE('',*,*,#1241,.F.);
#1594=ORIENTED_EDGE('',*,*,#1240,.F.);
#1595=ORIENTED_EDGE('',*,*,#1242,.F.);
#1596=ORIENTED_EDGE('',*,*,#1243,.T.);
#1597=ORIENTED_EDGE('',*,*,#1244,.F.);
#1598=ORIENTED_EDGE('',*,*,#1243,.F.);
#1599=ORIENTED_EDGE('',*,*,#1245,.F.);
#1600=ORIENTED_EDGE('',*,*,#1246,.T.);
#1601=ORIENTED_EDGE('',*,*,#1247,.F.);
#1602=ORIENTED_EDGE('',*,*,#1246,.F.);
#1603=ORIENTED_EDGE('',*,*,#1248,.F.);
#1604=ORIENTED_EDGE('',*,*,#1249,.T.);
#1605=ORIENTED_EDGE('',*,*,#1250,.F.);
#1606=ORIENTED_EDGE('',*,*,#1249,.F.);
#1607=ORIENTED_EDGE('',*,*,#1251,.F.);
#1608=ORIENTED_EDGE('',*,*,#1252,.T.);
#1609=ORIENTED_EDGE('',*,*,#1253,.F.);
#1610=ORIENTED_EDGE('',*,*,#1252,.F.);
#1611=ORIENTED_EDGE('',*,*,#1254,.F.);
#1612=ORIENTED_EDGE('',*,*,#1255,.T.);
#1613=ORIENTED_EDGE('',*,*,#1256,.F.);
#1614=ORIENTED_EDGE('',*,*,#1255,.F.);
#1615=ORIENTED_EDGE('',*,*,#1257,.F.);
#1616=ORIENTED_EDGE('',*,*,#1258,.T.);
#1617=ORIENTED_EDGE('',*,*,#1259,.F.);
#1618=ORIENTED_EDGE('',*,*,#1258,.F.);
#1619=ORIENTED_EDGE('',*,*,#1260,.F.);
#1620=ORIENTED_EDGE('',*,*,#1261,.T.);
#1621=ORIENTED_EDGE('',*,*,#1262,.F.);
#1622=ORIENTED_EDGE('',*,*,#1261,.F.);
#1623=ORIENTED_EDGE('',*,*,#1263,.F.);
#1624=ORIENTED_EDGE('',*,*,#1264,.T.);
#1625=ORIENTED_EDGE('',*,*,#1265,.F.);
#1626=ORIENTED_EDGE('',*,*,#1264,.F.);
#1627=ORIENTED_EDGE('',*,*,#1266,.F.);
#1628=ORIENTED_EDGE('',*,*,#1267,.T.);
#1629=ORIENTED_EDGE('',*,*,#1268,.F.);
#1630=ORIENTED_EDGE('',*,*,#1267,.F.);
#1631=ORIENTED_EDGE('',*,*,#1269,.F.);
#1632=ORIENTED_EDGE('',*,*,#1270,.T.);
#1633=ORIENTED_EDGE('',*,*,#1271,.F.);
#1634=ORIENTED_EDGE('',*,*,#1270,.F.);
#1635=ORIENTED_EDGE('',*,*,#1272,.F.);
#1636=ORIENTED_EDGE('',*,*,#1273,.T.);
#1637=ORIENTED_EDGE('',*,*,#1274,.F.);
#1638=ORIENTED_EDGE('',*,*,#1273,.F.);
#1639=ORIENTED_EDGE('',*,*,#1275,.F.);
#1640=ORIENTED_EDGE('',*,*,#1229,.T.);
#1641=ORIENTED_EDGE('',*,*,#1276,.F.);
#1642=ORIENTED_EDGE('',*,*,#1277,.T.);
#1643=ORIENTED_EDGE('',*,*,#1278,.F.);
#1644=ORIENTED_EDGE('',*,*,#1279,.F.);
#1645=ORIENTED_EDGE('',*,*,#1280,.F.);
#1646=ORIENTED_EDGE('',*,*,#1279,.T.);
#1647=ORIENTED_EDGE('',*,*,#1281,.F.);
#1648=ORIENTED_EDGE('',*,*,#1282,.F.);
#1649=ORIENTED_EDGE('',*,*,#1283,.T.);
#1650=ORIENTED_EDGE('',*,*,#1282,.T.);
#1651=ORIENTED_EDGE('',*,*,#1284,.F.);
#1652=ORIENTED_EDGE('',*,*,#1285,.F.);
#1653=ORIENTED_EDGE('',*,*,#1286,.T.);
#1654=ORIENTED_EDGE('',*,*,#1285,.T.);
#1655=ORIENTED_EDGE('',*,*,#1287,.F.);
#1656=ORIENTED_EDGE('',*,*,#1288,.F.);
#1657=ORIENTED_EDGE('',*,*,#1289,.T.);
#1658=ORIENTED_EDGE('',*,*,#1288,.T.);
#1659=ORIENTED_EDGE('',*,*,#1290,.F.);
#1660=ORIENTED_EDGE('',*,*,#1291,.F.);
#1661=ORIENTED_EDGE('',*,*,#1292,.T.);
#1662=ORIENTED_EDGE('',*,*,#1291,.T.);
#1663=ORIENTED_EDGE('',*,*,#1293,.F.);
#1664=ORIENTED_EDGE('',*,*,#1294,.F.);
#1665=ORIENTED_EDGE('',*,*,#1295,.T.);
#1666=ORIENTED_EDGE('',*,*,#1294,.T.);
#1667=ORIENTED_EDGE('',*,*,#1296,.F.);
#1668=ORIENTED_EDGE('',*,*,#1297,.F.);
#1669=ORIENTED_EDGE('',*,*,#1298,.T.);
#1670=ORIENTED_EDGE('',*,*,#1297,.T.);
#1671=ORIENTED_EDGE('',*,*,#1299,.F.);
#1672=ORIENTED_EDGE('',*,*,#1300,.F.);
#1673=ORIENTED_EDGE('',*,*,#1301,.T.);
#1674=ORIENTED_EDGE('',*,*,#1300,.T.);
#1675=ORIENTED_EDGE('',*,*,#1302,.F.);
#1676=ORIENTED_EDGE('',*,*,#1303,.F.);
#1677=ORIENTED_EDGE('',*,*,#1304,.T.);
#1678=ORIENTED_EDGE('',*,*,#1303,.T.);
#1679=ORIENTED_EDGE('',*,*,#1305,.F.);
#1680=ORIENTED_EDGE('',*,*,#1306,.F.);
#1681=ORIENTED_EDGE('',*,*,#1307,.T.);
#1682=ORIENTED_EDGE('',*,*,#1306,.T.);
#1683=ORIENTED_EDGE('',*,*,#1308,.F.);
#1684=ORIENTED_EDGE('',*,*,#1309,.F.);
#1685=ORIENTED_EDGE('',*,*,#1310,.F.);
#1686=ORIENTED_EDGE('',*,*,#1309,.T.);
#1687=ORIENTED_EDGE('',*,*,#1311,.F.);
#1688=ORIENTED_EDGE('',*,*,#1277,.F.);
#1689=ORIENTED_EDGE('',*,*,#1311,.T.);
#1690=ORIENTED_EDGE('',*,*,#1308,.T.);
#1691=ORIENTED_EDGE('',*,*,#1305,.T.);
#1692=ORIENTED_EDGE('',*,*,#1302,.T.);
#1693=ORIENTED_EDGE('',*,*,#1299,.T.);
#1694=ORIENTED_EDGE('',*,*,#1296,.T.);
#1695=ORIENTED_EDGE('',*,*,#1293,.T.);
#1696=ORIENTED_EDGE('',*,*,#1290,.T.);
#1697=ORIENTED_EDGE('',*,*,#1287,.T.);
#1698=ORIENTED_EDGE('',*,*,#1284,.T.);
#1699=ORIENTED_EDGE('',*,*,#1281,.T.);
#1700=ORIENTED_EDGE('',*,*,#1278,.T.);
#1701=ORIENTED_EDGE('',*,*,#1253,.T.);
#1702=ORIENTED_EDGE('',*,*,#1256,.T.);
#1703=ORIENTED_EDGE('',*,*,#1259,.T.);
#1704=ORIENTED_EDGE('',*,*,#1262,.T.);
#1705=ORIENTED_EDGE('',*,*,#1265,.T.);
#1706=ORIENTED_EDGE('',*,*,#1268,.T.);
#1707=ORIENTED_EDGE('',*,*,#1271,.T.);
#1708=ORIENTED_EDGE('',*,*,#1274,.T.);
#1709=ORIENTED_EDGE('',*,*,#1228,.T.);
#1710=ORIENTED_EDGE('',*,*,#1232,.T.);
#1711=ORIENTED_EDGE('',*,*,#1235,.T.);
#1712=ORIENTED_EDGE('',*,*,#1238,.T.);
#1713=ORIENTED_EDGE('',*,*,#1241,.T.);
#1714=ORIENTED_EDGE('',*,*,#1244,.T.);
#1715=ORIENTED_EDGE('',*,*,#1247,.T.);
#1716=ORIENTED_EDGE('',*,*,#1250,.T.);
#1717=ORIENTED_EDGE('',*,*,#1217,.T.);
#1718=ORIENTED_EDGE('',*,*,#1220,.T.);
#1719=ORIENTED_EDGE('',*,*,#1223,.T.);
#1720=ORIENTED_EDGE('',*,*,#1226,.T.);
#1721=ORIENTED_EDGE('',*,*,#1204,.T.);
#1722=ORIENTED_EDGE('',*,*,#1208,.T.);
#1723=ORIENTED_EDGE('',*,*,#1211,.T.);
#1724=ORIENTED_EDGE('',*,*,#1214,.T.);
#1725=ORIENTED_EDGE('',*,*,#1193,.T.);
#1726=ORIENTED_EDGE('',*,*,#1196,.T.);
#1727=ORIENTED_EDGE('',*,*,#1199,.T.);
#1728=ORIENTED_EDGE('',*,*,#1202,.T.);
#1729=ORIENTED_EDGE('',*,*,#1180,.T.);
#1730=ORIENTED_EDGE('',*,*,#1184,.T.);
#1731=ORIENTED_EDGE('',*,*,#1187,.T.);
#1732=ORIENTED_EDGE('',*,*,#1190,.T.);
#1733=ORIENTED_EDGE('',*,*,#1179,.T.);
#1734=ORIENTED_EDGE('',*,*,#1172,.T.);
#1735=ORIENTED_EDGE('',*,*,#1175,.T.);
#1736=ORIENTED_EDGE('',*,*,#1165,.T.);
#1737=ORIENTED_EDGE('',*,*,#1169,.T.);
#1738=ORIENTED_EDGE('',*,*,#1164,.T.);
#1739=ORIENTED_EDGE('',*,*,#1161,.T.);
#1740=ORIENTED_EDGE('',*,*,#1154,.T.);
#1741=ORIENTED_EDGE('',*,*,#1157,.T.);
#1742=ORIENTED_EDGE('',*,*,#1147,.T.);
#1743=ORIENTED_EDGE('',*,*,#1151,.T.);
#1744=ORIENTED_EDGE('',*,*,#1142,.T.);
#1745=ORIENTED_EDGE('',*,*,#1145,.T.);
#1746=ORIENTED_EDGE('',*,*,#1135,.T.);
#1747=ORIENTED_EDGE('',*,*,#1139,.T.);
#1748=ORIENTED_EDGE('',*,*,#1130,.T.);
#1749=ORIENTED_EDGE('',*,*,#1133,.T.);
#1750=ORIENTED_EDGE('',*,*,#1123,.T.);
#1751=ORIENTED_EDGE('',*,*,#1127,.T.);
#1752=ORIENTED_EDGE('',*,*,#1118,.T.);
#1753=ORIENTED_EDGE('',*,*,#1121,.T.);
#1754=ORIENTED_EDGE('',*,*,#1111,.T.);
#1755=ORIENTED_EDGE('',*,*,#1115,.T.);
#1756=ORIENTED_EDGE('',*,*,#1100,.T.);
#1757=ORIENTED_EDGE('',*,*,#1103,.T.);
#1758=ORIENTED_EDGE('',*,*,#1106,.T.);
#1759=ORIENTED_EDGE('',*,*,#1109,.T.);
#1760=ORIENTED_EDGE('',*,*,#1087,.T.);
#1761=ORIENTED_EDGE('',*,*,#1091,.T.);
#1762=ORIENTED_EDGE('',*,*,#1094,.T.);
#1763=ORIENTED_EDGE('',*,*,#1097,.T.);
#1764=ORIENTED_EDGE('',*,*,#1076,.T.);
#1765=ORIENTED_EDGE('',*,*,#1079,.T.);
#1766=ORIENTED_EDGE('',*,*,#1082,.T.);
#1767=ORIENTED_EDGE('',*,*,#1085,.T.);
#1768=ORIENTED_EDGE('',*,*,#1063,.T.);
#1769=ORIENTED_EDGE('',*,*,#1067,.T.);
#1770=ORIENTED_EDGE('',*,*,#1070,.T.);
#1771=ORIENTED_EDGE('',*,*,#1073,.T.);
#1772=ORIENTED_EDGE('',*,*,#1310,.T.);
#1773=ORIENTED_EDGE('',*,*,#1276,.T.);
#1774=ORIENTED_EDGE('',*,*,#1280,.T.);
#1775=ORIENTED_EDGE('',*,*,#1283,.F.);
#1776=ORIENTED_EDGE('',*,*,#1286,.F.);
#1777=ORIENTED_EDGE('',*,*,#1289,.F.);
#1778=ORIENTED_EDGE('',*,*,#1292,.F.);
#1779=ORIENTED_EDGE('',*,*,#1295,.F.);
#1780=ORIENTED_EDGE('',*,*,#1298,.F.);
#1781=ORIENTED_EDGE('',*,*,#1301,.F.);
#1782=ORIENTED_EDGE('',*,*,#1304,.F.);
#1783=ORIENTED_EDGE('',*,*,#1307,.F.);
#1784=ORIENTED_EDGE('',*,*,#1254,.T.);
#1785=ORIENTED_EDGE('',*,*,#1251,.T.);
#1786=ORIENTED_EDGE('',*,*,#1248,.T.);
#1787=ORIENTED_EDGE('',*,*,#1245,.T.);
#1788=ORIENTED_EDGE('',*,*,#1242,.T.);
#1789=ORIENTED_EDGE('',*,*,#1239,.T.);
#1790=ORIENTED_EDGE('',*,*,#1236,.T.);
#1791=ORIENTED_EDGE('',*,*,#1233,.T.);
#1792=ORIENTED_EDGE('',*,*,#1230,.T.);
#1793=ORIENTED_EDGE('',*,*,#1275,.T.);
#1794=ORIENTED_EDGE('',*,*,#1272,.T.);
#1795=ORIENTED_EDGE('',*,*,#1269,.T.);
#1796=ORIENTED_EDGE('',*,*,#1266,.T.);
#1797=ORIENTED_EDGE('',*,*,#1263,.T.);
#1798=ORIENTED_EDGE('',*,*,#1260,.T.);
#1799=ORIENTED_EDGE('',*,*,#1257,.T.);
#1800=ORIENTED_EDGE('',*,*,#1218,.T.);
#1801=ORIENTED_EDGE('',*,*,#1215,.T.);
#1802=ORIENTED_EDGE('',*,*,#1212,.T.);
#1803=ORIENTED_EDGE('',*,*,#1209,.T.);
#1804=ORIENTED_EDGE('',*,*,#1206,.T.);
#1805=ORIENTED_EDGE('',*,*,#1227,.T.);
#1806=ORIENTED_EDGE('',*,*,#1224,.T.);
#1807=ORIENTED_EDGE('',*,*,#1221,.T.);
#1808=ORIENTED_EDGE('',*,*,#1194,.T.);
#1809=ORIENTED_EDGE('',*,*,#1191,.T.);
#1810=ORIENTED_EDGE('',*,*,#1188,.T.);
#1811=ORIENTED_EDGE('',*,*,#1185,.T.);
#1812=ORIENTED_EDGE('',*,*,#1182,.T.);
#1813=ORIENTED_EDGE('',*,*,#1203,.T.);
#1814=ORIENTED_EDGE('',*,*,#1200,.T.);
#1815=ORIENTED_EDGE('',*,*,#1197,.T.);
#1816=ORIENTED_EDGE('',*,*,#1177,.T.);
#1817=ORIENTED_EDGE('',*,*,#1173,.T.);
#1818=ORIENTED_EDGE('',*,*,#1170,.T.);
#1819=ORIENTED_EDGE('',*,*,#1167,.T.);
#1820=ORIENTED_EDGE('',*,*,#1176,.T.);
#1821=ORIENTED_EDGE('',*,*,#1162,.T.);
#1822=ORIENTED_EDGE('',*,*,#1159,.T.);
#1823=ORIENTED_EDGE('',*,*,#1155,.T.);
#1824=ORIENTED_EDGE('',*,*,#1152,.T.);
#1825=ORIENTED_EDGE('',*,*,#1149,.T.);
#1826=ORIENTED_EDGE('',*,*,#1158,.T.);
#1827=ORIENTED_EDGE('',*,*,#1143,.T.);
#1828=ORIENTED_EDGE('',*,*,#1140,.T.);
#1829=ORIENTED_EDGE('',*,*,#1137,.T.);
#1830=ORIENTED_EDGE('',*,*,#1146,.T.);
#1831=ORIENTED_EDGE('',*,*,#1131,.T.);
#1832=ORIENTED_EDGE('',*,*,#1128,.T.);
#1833=ORIENTED_EDGE('',*,*,#1125,.T.);
#1834=ORIENTED_EDGE('',*,*,#1134,.T.);
#1835=ORIENTED_EDGE('',*,*,#1119,.T.);
#1836=ORIENTED_EDGE('',*,*,#1116,.T.);
#1837=ORIENTED_EDGE('',*,*,#1113,.T.);
#1838=ORIENTED_EDGE('',*,*,#1122,.T.);
#1839=ORIENTED_EDGE('',*,*,#1101,.T.);
#1840=ORIENTED_EDGE('',*,*,#1098,.T.);
#1841=ORIENTED_EDGE('',*,*,#1095,.T.);
#1842=ORIENTED_EDGE('',*,*,#1092,.T.);
#1843=ORIENTED_EDGE('',*,*,#1089,.T.);
#1844=ORIENTED_EDGE('',*,*,#1110,.T.);
#1845=ORIENTED_EDGE('',*,*,#1107,.T.);
#1846=ORIENTED_EDGE('',*,*,#1104,.T.);
#1847=ORIENTED_EDGE('',*,*,#1077,.T.);
#1848=ORIENTED_EDGE('',*,*,#1074,.T.);
#1849=ORIENTED_EDGE('',*,*,#1071,.T.);
#1850=ORIENTED_EDGE('',*,*,#1068,.T.);
#1851=ORIENTED_EDGE('',*,*,#1065,.T.);
#1852=ORIENTED_EDGE('',*,*,#1086,.T.);
#1853=ORIENTED_EDGE('',*,*,#1083,.T.);
#1854=ORIENTED_EDGE('',*,*,#1080,.T.);
#1855=ORIENTED_EDGE('',*,*,#1312,.F.);
#1856=ORIENTED_EDGE('',*,*,#1313,.T.);
#1857=ORIENTED_EDGE('',*,*,#1314,.T.);
#1858=ORIENTED_EDGE('',*,*,#1313,.F.);
#1859=ORIENTED_EDGE('',*,*,#1314,.F.);
#1860=ORIENTED_EDGE('',*,*,#1315,.F.);
#1861=ORIENTED_EDGE('',*,*,#1316,.F.);
#1862=ORIENTED_EDGE('',*,*,#1317,.T.);
#1863=ORIENTED_EDGE('',*,*,#1318,.T.);
#1864=ORIENTED_EDGE('',*,*,#1317,.F.);
#1865=ORIENTED_EDGE('',*,*,#1318,.F.);
#1866=ORIENTED_EDGE('',*,*,#1319,.F.);
#1867=ORIENTED_EDGE('',*,*,#1320,.F.);
#1868=ORIENTED_EDGE('',*,*,#1321,.T.);
#1869=ORIENTED_EDGE('',*,*,#1322,.T.);
#1870=ORIENTED_EDGE('',*,*,#1321,.F.);
#1871=ORIENTED_EDGE('',*,*,#1322,.F.);
#1872=ORIENTED_EDGE('',*,*,#1323,.F.);
#1873=ORIENTED_EDGE('',*,*,#1324,.F.);
#1874=ORIENTED_EDGE('',*,*,#1325,.T.);
#1875=ORIENTED_EDGE('',*,*,#1326,.T.);
#1876=ORIENTED_EDGE('',*,*,#1325,.F.);
#1877=ORIENTED_EDGE('',*,*,#1326,.F.);
#1878=ORIENTED_EDGE('',*,*,#1327,.F.);
#1879=ORIENTED_EDGE('',*,*,#1323,.T.);
#1880=ORIENTED_EDGE('',*,*,#1328,.T.);
#1881=ORIENTED_EDGE('',*,*,#1329,.F.);
#1882=ORIENTED_EDGE('',*,*,#1328,.F.);
#1883=ORIENTED_EDGE('',*,*,#1319,.T.);
#1884=ORIENTED_EDGE('',*,*,#1330,.T.);
#1885=ORIENTED_EDGE('',*,*,#1331,.F.);
#1886=ORIENTED_EDGE('',*,*,#1330,.F.);
#1887=ORIENTED_EDGE('',*,*,#1315,.T.);
#1888=ORIENTED_EDGE('',*,*,#1332,.T.);
#1889=ORIENTED_EDGE('',*,*,#1333,.F.);
#1890=ORIENTED_EDGE('',*,*,#1332,.F.);
#1891=ORIENTED_EDGE('',*,*,#1327,.T.);
#1892=ORIENTED_EDGE('',*,*,#1334,.T.);
#1893=ORIENTED_EDGE('',*,*,#1335,.F.);
#1894=ORIENTED_EDGE('',*,*,#1334,.F.);
#1895=ORIENTED_EDGE('',*,*,#1336,.T.);
#1896=ORIENTED_EDGE('',*,*,#1337,.T.);
#1897=ORIENTED_EDGE('',*,*,#1338,.F.);
#1898=ORIENTED_EDGE('',*,*,#1339,.F.);
#1899=ORIENTED_EDGE('',*,*,#1340,.F.);
#1900=ORIENTED_EDGE('',*,*,#1339,.T.);
#1901=ORIENTED_EDGE('',*,*,#1341,.F.);
#1902=ORIENTED_EDGE('',*,*,#1342,.F.);
#1903=ORIENTED_EDGE('',*,*,#1343,.F.);
#1904=ORIENTED_EDGE('',*,*,#1342,.T.);
#1905=ORIENTED_EDGE('',*,*,#1344,.F.);
#1906=ORIENTED_EDGE('',*,*,#1345,.F.);
#1907=ORIENTED_EDGE('',*,*,#1346,.T.);
#1908=ORIENTED_EDGE('',*,*,#1345,.T.);
#1909=ORIENTED_EDGE('',*,*,#1347,.F.);
#1910=ORIENTED_EDGE('',*,*,#1348,.F.);
#1911=ORIENTED_EDGE('',*,*,#1349,.F.);
#1912=ORIENTED_EDGE('',*,*,#1348,.T.);
#1913=ORIENTED_EDGE('',*,*,#1350,.F.);
#1914=ORIENTED_EDGE('',*,*,#1351,.F.);
#1915=ORIENTED_EDGE('',*,*,#1352,.T.);
#1916=ORIENTED_EDGE('',*,*,#1351,.T.);
#1917=ORIENTED_EDGE('',*,*,#1353,.F.);
#1918=ORIENTED_EDGE('',*,*,#1354,.F.);
#1919=ORIENTED_EDGE('',*,*,#1355,.F.);
#1920=ORIENTED_EDGE('',*,*,#1354,.T.);
#1921=ORIENTED_EDGE('',*,*,#1356,.F.);
#1922=ORIENTED_EDGE('',*,*,#1337,.F.);
#1923=ORIENTED_EDGE('',*,*,#1356,.T.);
#1924=ORIENTED_EDGE('',*,*,#1353,.T.);
#1925=ORIENTED_EDGE('',*,*,#1350,.T.);
#1926=ORIENTED_EDGE('',*,*,#1347,.T.);
#1927=ORIENTED_EDGE('',*,*,#1344,.T.);
#1928=ORIENTED_EDGE('',*,*,#1341,.T.);
#1929=ORIENTED_EDGE('',*,*,#1338,.T.);
#1930=ORIENTED_EDGE('',*,*,#1324,.T.);
#1931=ORIENTED_EDGE('',*,*,#1320,.T.);
#1932=ORIENTED_EDGE('',*,*,#1316,.T.);
#1933=ORIENTED_EDGE('',*,*,#1312,.T.);
#1934=ORIENTED_EDGE('',*,*,#1355,.T.);
#1935=ORIENTED_EDGE('',*,*,#1336,.F.);
#1936=ORIENTED_EDGE('',*,*,#1340,.T.);
#1937=ORIENTED_EDGE('',*,*,#1343,.T.);
#1938=ORIENTED_EDGE('',*,*,#1346,.F.);
#1939=ORIENTED_EDGE('',*,*,#1349,.T.);
#1940=ORIENTED_EDGE('',*,*,#1352,.F.);
#1941=ORIENTED_EDGE('',*,*,#1335,.T.);
#1942=ORIENTED_EDGE('',*,*,#1333,.T.);
#1943=ORIENTED_EDGE('',*,*,#1331,.T.);
#1944=ORIENTED_EDGE('',*,*,#1329,.T.);
#1945=PLANE('',#2141);
#1946=PLANE('',#2145);
#1947=PLANE('',#2149);
#1948=PLANE('',#2153);
#1949=PLANE('',#2157);
#1950=PLANE('',#2161);
#1951=PLANE('',#2165);
#1952=PLANE('',#2169);
#1953=PLANE('',#2173);
#1954=PLANE('',#2174);
#1955=PLANE('',#2175);
#1956=PLANE('',#2176);
#1957=PLANE('',#2177);
#1958=PLANE('',#2178);
#1959=PLANE('',#2179);
#1960=PLANE('',#2180);
#1961=PLANE('',#2181);
#1962=PLANE('',#2182);
#1963=PLANE('',#2183);
#1964=PLANE('',#2184);
#1965=PLANE('',#2185);
#1966=PLANE('',#2186);
#1967=PLANE('',#2187);
#1968=PLANE('',#2188);
#1969=PLANE('',#2195);
#1970=PLANE('',#2196);
#1971=PLANE('',#2197);
#1972=PLANE('',#2198);
#1973=PLANE('',#2202);
#1974=PLANE('',#2206);
#1975=PLANE('',#2210);
#1976=PLANE('',#2214);
#1977=PLANE('',#2218);
#1978=PLANE('',#2222);
#1979=PLANE('',#2226);
#1980=PLANE('',#2230);
#1981=PLANE('',#2234);
#1982=PLANE('',#2238);
#1983=PLANE('',#2239);
#1984=PLANE('',#2240);
#1985=PLANE('',#2244);
#1986=PLANE('',#2245);
#1987=PLANE('',#2246);
#1988=PLANE('',#2250);
#1989=PLANE('',#2251);
#1990=PLANE('',#2252);
#1991=PLANE('',#2256);
#1992=PLANE('',#2257);
#1993=PLANE('',#2258);
#1994=PLANE('',#2259);
#1995=PLANE('',#2263);
#1996=PLANE('',#2264);
#1997=PLANE('',#2265);
#1998=PLANE('',#2266);
#1999=PLANE('',#2267);
#2000=PLANE('',#2268);
#2001=PLANE('',#2269);
#2002=PLANE('',#2270);
#2003=PLANE('',#2271);
#2004=PLANE('',#2272);
#2005=PLANE('',#2273);
#2006=PLANE('',#2277);
#2007=PLANE('',#2282);
#2008=PLANE('',#2287);
#2009=PLANE('',#2292);
#2010=PLANE('',#2302);
#2011=PLANE('',#2303);
#2012=PLANE('',#2304);
#2013=PLANE('',#2305);
#2014=PLANE('',#2306);
#2015=PLANE('',#2307);
#2016=PLANE('',#2308);
#2017=PLANE('',#2309);
#2018=PLANE('',#2310);
#2019=ADVANCED_FACE('',(#157),#1945,.F.);
#2020=ADVANCED_FACE('',(#158),#125,.F.);
#2021=ADVANCED_FACE('',(#159),#1946,.F.);
#2022=ADVANCED_FACE('',(#160),#126,.F.);
#2023=ADVANCED_FACE('',(#161),#1947,.F.);
#2024=ADVANCED_FACE('',(#162),#127,.F.);
#2025=ADVANCED_FACE('',(#163),#1948,.F.);
#2026=ADVANCED_FACE('',(#164),#128,.F.);
#2027=ADVANCED_FACE('',(#165),#1949,.F.);
#2028=ADVANCED_FACE('',(#166),#129,.F.);
#2029=ADVANCED_FACE('',(#167),#1950,.F.);
#2030=ADVANCED_FACE('',(#168),#130,.F.);
#2031=ADVANCED_FACE('',(#169),#1951,.F.);
#2032=ADVANCED_FACE('',(#170),#131,.F.);
#2033=ADVANCED_FACE('',(#171),#1952,.F.);
#2034=ADVANCED_FACE('',(#172),#132,.F.);
#2035=ADVANCED_FACE('',(#173),#1953,.F.);
#2036=ADVANCED_FACE('',(#174),#1954,.F.);
#2037=ADVANCED_FACE('',(#175),#1955,.F.);
#2038=ADVANCED_FACE('',(#176),#1956,.F.);
#2039=ADVANCED_FACE('',(#177),#1957,.F.);
#2040=ADVANCED_FACE('',(#178),#1958,.F.);
#2041=ADVANCED_FACE('',(#179),#1959,.F.);
#2042=ADVANCED_FACE('',(#180),#1960,.F.);
#2043=ADVANCED_FACE('',(#181),#1961,.F.);
#2044=ADVANCED_FACE('',(#182),#1962,.F.);
#2045=ADVANCED_FACE('',(#183),#1963,.F.);
#2046=ADVANCED_FACE('',(#184),#1964,.F.);
#2047=ADVANCED_FACE('',(#185),#1965,.F.);
#2048=ADVANCED_FACE('',(#186),#1966,.F.);
#2049=ADVANCED_FACE('',(#187),#1967,.F.);
#2050=ADVANCED_FACE('',(#188),#1968,.F.);
#2051=ADVANCED_FACE('',(#189),#133,.F.);
#2052=ADVANCED_FACE('',(#190),#134,.F.);
#2053=ADVANCED_FACE('',(#191),#1969,.F.);
#2054=ADVANCED_FACE('',(#192),#1970,.F.);
#2055=ADVANCED_FACE('',(#193),#1971,.F.);
#2056=ADVANCED_FACE('',(#194),#1972,.F.);
#2057=ADVANCED_FACE('',(#195),#135,.F.);
#2058=ADVANCED_FACE('',(#196),#1973,.F.);
#2059=ADVANCED_FACE('',(#197),#136,.F.);
#2060=ADVANCED_FACE('',(#198),#1974,.F.);
#2061=ADVANCED_FACE('',(#199),#137,.F.);
#2062=ADVANCED_FACE('',(#200),#1975,.F.);
#2063=ADVANCED_FACE('',(#201),#138,.F.);
#2064=ADVANCED_FACE('',(#202),#1976,.F.);
#2065=ADVANCED_FACE('',(#203),#139,.F.);
#2066=ADVANCED_FACE('',(#204),#1977,.F.);
#2067=ADVANCED_FACE('',(#205),#140,.F.);
#2068=ADVANCED_FACE('',(#206),#1978,.F.);
#2069=ADVANCED_FACE('',(#207),#141,.F.);
#2070=ADVANCED_FACE('',(#208),#1979,.F.);
#2071=ADVANCED_FACE('',(#209),#142,.F.);
#2072=ADVANCED_FACE('',(#210),#1980,.F.);
#2073=ADVANCED_FACE('',(#211),#143,.F.);
#2074=ADVANCED_FACE('',(#212),#1981,.F.);
#2075=ADVANCED_FACE('',(#213),#144,.F.);
#2076=ADVANCED_FACE('',(#214),#1982,.F.);
#2077=ADVANCED_FACE('',(#215),#1983,.F.);
#2078=ADVANCED_FACE('',(#216),#1984,.F.);
#2079=ADVANCED_FACE('',(#217),#145,.F.);
#2080=ADVANCED_FACE('',(#218),#1985,.F.);
#2081=ADVANCED_FACE('',(#219),#1986,.F.);
#2082=ADVANCED_FACE('',(#220),#1987,.F.);
#2083=ADVANCED_FACE('',(#221),#146,.F.);
#2084=ADVANCED_FACE('',(#222),#1988,.F.);
#2085=ADVANCED_FACE('',(#223),#1989,.F.);
#2086=ADVANCED_FACE('',(#224),#1990,.F.);
#2087=ADVANCED_FACE('',(#225),#147,.F.);
#2088=ADVANCED_FACE('',(#226),#1991,.F.);
#2089=ADVANCED_FACE('',(#227),#1992,.F.);
#2090=ADVANCED_FACE('',(#228),#1993,.T.);
#2091=ADVANCED_FACE('',(#229),#1994,.T.);
#2092=ADVANCED_FACE('',(#230),#148,.T.);
#2093=ADVANCED_FACE('',(#231),#1995,.T.);
#2094=ADVANCED_FACE('',(#232),#1996,.T.);
#2095=ADVANCED_FACE('',(#233),#1997,.T.);
#2096=ADVANCED_FACE('',(#234),#1998,.T.);
#2097=ADVANCED_FACE('',(#235),#1999,.T.);
#2098=ADVANCED_FACE('',(#236),#2000,.T.);
#2099=ADVANCED_FACE('',(#237),#2001,.T.);
#2100=ADVANCED_FACE('',(#238),#2002,.T.);
#2101=ADVANCED_FACE('',(#239),#2003,.T.);
#2102=ADVANCED_FACE('',(#240,#23,#24,#25,#26,#27,#28,#29,#30,#31,#32,#33,
#34,#35),#2004,.T.);
#2103=ADVANCED_FACE('',(#241,#36,#37,#38,#39,#40,#41,#42,#43,#44,#45,#46,
#47,#48),#2005,.F.);
#2104=ADVANCED_FACE('',(#242),#149,.F.);
#2105=ADVANCED_FACE('',(#243,#49),#2006,.T.);
#2106=ADVANCED_FACE('',(#244),#150,.F.);
#2107=ADVANCED_FACE('',(#245,#50),#2007,.T.);
#2108=ADVANCED_FACE('',(#246),#151,.F.);
#2109=ADVANCED_FACE('',(#247,#51),#2008,.T.);
#2110=ADVANCED_FACE('',(#248),#152,.F.);
#2111=ADVANCED_FACE('',(#249,#52),#2009,.T.);
#2112=ADVANCED_FACE('',(#250),#153,.F.);
#2113=ADVANCED_FACE('',(#251),#154,.F.);
#2114=ADVANCED_FACE('',(#252),#155,.F.);
#2115=ADVANCED_FACE('',(#253),#156,.F.);
#2116=ADVANCED_FACE('',(#254),#2010,.T.);
#2117=ADVANCED_FACE('',(#255),#2011,.T.);
#2118=ADVANCED_FACE('',(#256),#2012,.T.);
#2119=ADVANCED_FACE('',(#257),#2013,.T.);
#2120=ADVANCED_FACE('',(#258),#2014,.T.);
#2121=ADVANCED_FACE('',(#259),#2015,.T.);
#2122=ADVANCED_FACE('',(#260),#2016,.T.);
#2123=ADVANCED_FACE('',(#261,#53,#54,#55,#56),#2017,.T.);
#2124=ADVANCED_FACE('',(#262,#57,#58,#59,#60),#2018,.F.);
#2125=CLOSED_SHELL('',(#2019,#2020,#2021,#2022,#2023,#2024,#2025,#2026,
#2027,#2028,#2029,#2030,#2031,#2032,#2033,#2034,#2035,#2036,#2037,#2038,
#2039,#2040,#2041,#2042,#2043,#2044,#2045,#2046,#2047,#2048,#2049,#2050,
#2051,#2052,#2053,#2054,#2055,#2056,#2057,#2058,#2059,#2060,#2061,#2062,
#2063,#2064,#2065,#2066,#2067,#2068,#2069,#2070,#2071,#2072,#2073,#2074,
#2075,#2076,#2077,#2078,#2079,#2080,#2081,#2082,#2083,#2084,#2085,#2086,
#2087,#2088,#2089,#2090,#2091,#2092,#2093,#2094,#2095,#2096,#2097,#2098,
#2099,#2100,#2101,#2102,#2103));
#2126=CLOSED_SHELL('',(#2104,#2105,#2106,#2107,#2108,#2109,#2110,#2111,
#2112,#2113,#2114,#2115,#2116,#2117,#2118,#2119,#2120,#2121,#2122,#2123,
#2124));
#2127=DERIVED_UNIT_ELEMENT(#2129,1.);
#2128=DERIVED_UNIT_ELEMENT(#3494,-3.);
#2129=(
MASS_UNIT()
NAMED_UNIT(*)
SI_UNIT(.KILO.,.GRAM.)
);
#2130=DERIVED_UNIT((#2127,#2128));
#2131=MEASURE_REPRESENTATION_ITEM('density measure',
POSITIVE_RATIO_MEASURE(7850.),#2130);
#2132=PROPERTY_DEFINITION_REPRESENTATION(#2137,#2134);
#2133=PROPERTY_DEFINITION_REPRESENTATION(#2138,#2135);
#2134=REPRESENTATION('material name',(#2136),#3491);
#2135=REPRESENTATION('density',(#2131),#3491);
#2136=DESCRIPTIVE_REPRESENTATION_ITEM('Steel','Steel');
#2137=PROPERTY_DEFINITION('material property','material name',#3506);
#2138=PROPERTY_DEFINITION('material property','density of part',#3506);
#2139=AXIS2_PLACEMENT_3D('',#2888,#2312,#2313);
#2140=AXIS2_PLACEMENT_3D('',#2889,#2314,#2315);
#2141=AXIS2_PLACEMENT_3D('',#2890,#2316,#2317);
#2142=AXIS2_PLACEMENT_3D('',#2899,#2322,#2323);
#2143=AXIS2_PLACEMENT_3D('',#2901,#2324,#2325);
#2144=AXIS2_PLACEMENT_3D('',#2903,#2326,#2327);
#2145=AXIS2_PLACEMENT_3D('',#2905,#2329,#2330);
#2146=AXIS2_PLACEMENT_3D('',#2911,#2334,#2335);
#2147=AXIS2_PLACEMENT_3D('',#2913,#2336,#2337);
#2148=AXIS2_PLACEMENT_3D('',#2915,#2338,#2339);
#2149=AXIS2_PLACEMENT_3D('',#2917,#2341,#2342);
#2150=AXIS2_PLACEMENT_3D('',#2923,#2346,#2347);
#2151=AXIS2_PLACEMENT_3D('',#2925,#2348,#2349);
#2152=AXIS2_PLACEMENT_3D('',#2927,#2350,#2351);
#2153=AXIS2_PLACEMENT_3D('',#2929,#2353,#2354);
#2154=AXIS2_PLACEMENT_3D('',#2935,#2358,#2359);
#2155=AXIS2_PLACEMENT_3D('',#2936,#2360,#2361);
#2156=AXIS2_PLACEMENT_3D('',#2937,#2362,#2363);
#2157=AXIS2_PLACEMENT_3D('',#2938,#2364,#2365);
#2158=AXIS2_PLACEMENT_3D('',#2947,#2370,#2371);
#2159=AXIS2_PLACEMENT_3D('',#2949,#2372,#2373);
#2160=AXIS2_PLACEMENT_3D('',#2951,#2374,#2375);
#2161=AXIS2_PLACEMENT_3D('',#2953,#2377,#2378);
#2162=AXIS2_PLACEMENT_3D('',#2959,#2382,#2383);
#2163=AXIS2_PLACEMENT_3D('',#2961,#2384,#2385);
#2164=AXIS2_PLACEMENT_3D('',#2963,#2386,#2387);
#2165=AXIS2_PLACEMENT_3D('',#2965,#2389,#2390);
#2166=AXIS2_PLACEMENT_3D('',#2971,#2394,#2395);
#2167=AXIS2_PLACEMENT_3D('',#2973,#2396,#2397);
#2168=AXIS2_PLACEMENT_3D('',#2975,#2398,#2399);
#2169=AXIS2_PLACEMENT_3D('',#2977,#2401,#2402);
#2170=AXIS2_PLACEMENT_3D('',#2983,#2406,#2407);
#2171=AXIS2_PLACEMENT_3D('',#2984,#2408,#2409);
#2172=AXIS2_PLACEMENT_3D('',#2985,#2410,#2411);
#2173=AXIS2_PLACEMENT_3D('',#2986,#2412,#2413);
#2174=AXIS2_PLACEMENT_3D('',#2995,#2418,#2419);
#2175=AXIS2_PLACEMENT_3D('',#3001,#2423,#2424);
#2176=AXIS2_PLACEMENT_3D('',#3007,#2428,#2429);
#2177=AXIS2_PLACEMENT_3D('',#3010,#2432,#2433);
#2178=AXIS2_PLACEMENT_3D('',#3019,#2438,#2439);
#2179=AXIS2_PLACEMENT_3D('',#3025,#2443,#2444);
#2180=AXIS2_PLACEMENT_3D('',#3031,#2448,#2449);
#2181=AXIS2_PLACEMENT_3D('',#3034,#2452,#2453);
#2182=AXIS2_PLACEMENT_3D('',#3043,#2458,#2459);
#2183=AXIS2_PLACEMENT_3D('',#3049,#2463,#2464);
#2184=AXIS2_PLACEMENT_3D('',#3055,#2468,#2469);
#2185=AXIS2_PLACEMENT_3D('',#3058,#2472,#2473);
#2186=AXIS2_PLACEMENT_3D('',#3067,#2478,#2479);
#2187=AXIS2_PLACEMENT_3D('',#3073,#2483,#2484);
#2188=AXIS2_PLACEMENT_3D('',#3079,#2488,#2489);
#2189=AXIS2_PLACEMENT_3D('',#3082,#2492,#2493);
#2190=AXIS2_PLACEMENT_3D('',#3084,#2494,#2495);
#2191=AXIS2_PLACEMENT_3D('',#3087,#2497,#2498);
#2192=AXIS2_PLACEMENT_3D('',#3088,#2499,#2500);
#2193=AXIS2_PLACEMENT_3D('',#3090,#2501,#2502);
#2194=AXIS2_PLACEMENT_3D('',#3093,#2504,#2505);
#2195=AXIS2_PLACEMENT_3D('',#3094,#2506,#2507);
#2196=AXIS2_PLACEMENT_3D('',#3103,#2512,#2513);
#2197=AXIS2_PLACEMENT_3D('',#3109,#2517,#2518);
#2198=AXIS2_PLACEMENT_3D('',#3115,#2522,#2523);
#2199=AXIS2_PLACEMENT_3D('',#3118,#2526,#2527);
#2200=AXIS2_PLACEMENT_3D('',#3120,#2528,#2529);
#2201=AXIS2_PLACEMENT_3D('',#3123,#2531,#2532);
#2202=AXIS2_PLACEMENT_3D('',#3124,#2533,#2534);
#2203=AXIS2_PLACEMENT_3D('',#3133,#2539,#2540);
#2204=AXIS2_PLACEMENT_3D('',#3135,#2541,#2542);
#2205=AXIS2_PLACEMENT_3D('',#3137,#2543,#2544);
#2206=AXIS2_PLACEMENT_3D('',#3139,#2546,#2547);
#2207=AXIS2_PLACEMENT_3D('',#3145,#2551,#2552);
#2208=AXIS2_PLACEMENT_3D('',#3147,#2553,#2554);
#2209=AXIS2_PLACEMENT_3D('',#3149,#2555,#2556);
#2210=AXIS2_PLACEMENT_3D('',#3151,#2558,#2559);
#2211=AXIS2_PLACEMENT_3D('',#3157,#2563,#2564);
#2212=AXIS2_PLACEMENT_3D('',#3159,#2565,#2566);
#2213=AXIS2_PLACEMENT_3D('',#3161,#2567,#2568);
#2214=AXIS2_PLACEMENT_3D('',#3163,#2570,#2571);
#2215=AXIS2_PLACEMENT_3D('',#3169,#2575,#2576);
#2216=AXIS2_PLACEMENT_3D('',#3170,#2577,#2578);
#2217=AXIS2_PLACEMENT_3D('',#3171,#2579,#2580);
#2218=AXIS2_PLACEMENT_3D('',#3172,#2581,#2582);
#2219=AXIS2_PLACEMENT_3D('',#3181,#2587,#2588);
#2220=AXIS2_PLACEMENT_3D('',#3183,#2589,#2590);
#2221=AXIS2_PLACEMENT_3D('',#3185,#2591,#2592);
#2222=AXIS2_PLACEMENT_3D('',#3187,#2594,#2595);
#2223=AXIS2_PLACEMENT_3D('',#3193,#2599,#2600);
#2224=AXIS2_PLACEMENT_3D('',#3195,#2601,#2602);
#2225=AXIS2_PLACEMENT_3D('',#3197,#2603,#2604);
#2226=AXIS2_PLACEMENT_3D('',#3199,#2606,#2607);
#2227=AXIS2_PLACEMENT_3D('',#3205,#2611,#2612);
#2228=AXIS2_PLACEMENT_3D('',#3207,#2613,#2614);
#2229=AXIS2_PLACEMENT_3D('',#3209,#2615,#2616);
#2230=AXIS2_PLACEMENT_3D('',#3211,#2618,#2619);
#2231=AXIS2_PLACEMENT_3D('',#3217,#2623,#2624);
#2232=AXIS2_PLACEMENT_3D('',#3218,#2625,#2626);
#2233=AXIS2_PLACEMENT_3D('',#3219,#2627,#2628);
#2234=AXIS2_PLACEMENT_3D('',#3220,#2629,#2630);
#2235=AXIS2_PLACEMENT_3D('',#3229,#2635,#2636);
#2236=AXIS2_PLACEMENT_3D('',#3231,#2637,#2638);
#2237=AXIS2_PLACEMENT_3D('',#3233,#2639,#2640);
#2238=AXIS2_PLACEMENT_3D('',#3235,#2642,#2643);
#2239=AXIS2_PLACEMENT_3D('',#3241,#2647,#2648);
#2240=AXIS2_PLACEMENT_3D('',#3247,#2652,#2653);
#2241=AXIS2_PLACEMENT_3D('',#3253,#2657,#2658);
#2242=AXIS2_PLACEMENT_3D('',#3255,#2659,#2660);
#2243=AXIS2_PLACEMENT_3D('',#3257,#2661,#2662);
#2244=AXIS2_PLACEMENT_3D('',#3259,#2664,#2665);
#2245=AXIS2_PLACEMENT_3D('',#3265,#2669,#2670);
#2246=AXIS2_PLACEMENT_3D('',#3271,#2674,#2675);
#2247=AXIS2_PLACEMENT_3D('',#3277,#2679,#2680);
#2248=AXIS2_PLACEMENT_3D('',#3279,#2681,#2682);
#2249=AXIS2_PLACEMENT_3D('',#3281,#2683,#2684);
#2250=AXIS2_PLACEMENT_3D('',#3283,#2686,#2687);
#2251=AXIS2_PLACEMENT_3D('',#3289,#2691,#2692);
#2252=AXIS2_PLACEMENT_3D('',#3295,#2696,#2697);
#2253=AXIS2_PLACEMENT_3D('',#3301,#2701,#2702);
#2254=AXIS2_PLACEMENT_3D('',#3303,#2703,#2704);
#2255=AXIS2_PLACEMENT_3D('',#3305,#2705,#2706);
#2256=AXIS2_PLACEMENT_3D('',#3307,#2708,#2709);
#2257=AXIS2_PLACEMENT_3D('',#3313,#2713,#2714);
#2258=AXIS2_PLACEMENT_3D('',#3316,#2717,#2718);
#2259=AXIS2_PLACEMENT_3D('',#3325,#2723,#2724);
#2260=AXIS2_PLACEMENT_3D('',#3331,#2728,#2729);
#2261=AXIS2_PLACEMENT_3D('',#3333,#2730,#2731);
#2262=AXIS2_PLACEMENT_3D('',#3335,#2732,#2733);
#2263=AXIS2_PLACEMENT_3D('',#3337,#2735,#2736);
#2264=AXIS2_PLACEMENT_3D('',#3343,#2740,#2741);
#2265=AXIS2_PLACEMENT_3D('',#3349,#2745,#2746);
#2266=AXIS2_PLACEMENT_3D('',#3355,#2750,#2751);
#2267=AXIS2_PLACEMENT_3D('',#3361,#2755,#2756);
#2268=AXIS2_PLACEMENT_3D('',#3367,#2760,#2761);
#2269=AXIS2_PLACEMENT_3D('',#3373,#2765,#2766);
#2270=AXIS2_PLACEMENT_3D('',#3379,#2770,#2771);
#2271=AXIS2_PLACEMENT_3D('',#3385,#2775,#2776);
#2272=AXIS2_PLACEMENT_3D('',#3388,#2779,#2780);
#2273=AXIS2_PLACEMENT_3D('',#3389,#2781,#2782);
#2274=AXIS2_PLACEMENT_3D('',#3390,#2783,#2784);
#2275=AXIS2_PLACEMENT_3D('',#3392,#2785,#2786);
#2276=AXIS2_PLACEMENT_3D('',#3395,#2788,#2789);
#2277=AXIS2_PLACEMENT_3D('',#3396,#2790,#2791);
#2278=AXIS2_PLACEMENT_3D('',#3398,#2792,#2793);
#2279=AXIS2_PLACEMENT_3D('',#3399,#2794,#2795);
#2280=AXIS2_PLACEMENT_3D('',#3401,#2796,#2797);
#2281=AXIS2_PLACEMENT_3D('',#3404,#2799,#2800);
#2282=AXIS2_PLACEMENT_3D('',#3405,#2801,#2802);
#2283=AXIS2_PLACEMENT_3D('',#3407,#2803,#2804);
#2284=AXIS2_PLACEMENT_3D('',#3408,#2805,#2806);
#2285=AXIS2_PLACEMENT_3D('',#3410,#2807,#2808);
#2286=AXIS2_PLACEMENT_3D('',#3413,#2810,#2811);
#2287=AXIS2_PLACEMENT_3D('',#3414,#2812,#2813);
#2288=AXIS2_PLACEMENT_3D('',#3416,#2814,#2815);
#2289=AXIS2_PLACEMENT_3D('',#3417,#2816,#2817);
#2290=AXIS2_PLACEMENT_3D('',#3419,#2818,#2819);
#2291=AXIS2_PLACEMENT_3D('',#3422,#2821,#2822);
#2292=AXIS2_PLACEMENT_3D('',#3423,#2823,#2824);
#2293=AXIS2_PLACEMENT_3D('',#3425,#2825,#2826);
#2294=AXIS2_PLACEMENT_3D('',#3426,#2827,#2828);
#2295=AXIS2_PLACEMENT_3D('',#3429,#2830,#2831);
#2296=AXIS2_PLACEMENT_3D('',#3430,#2832,#2833);
#2297=AXIS2_PLACEMENT_3D('',#3433,#2835,#2836);
#2298=AXIS2_PLACEMENT_3D('',#3434,#2837,#2838);
#2299=AXIS2_PLACEMENT_3D('',#3437,#2840,#2841);
#2300=AXIS2_PLACEMENT_3D('',#3438,#2842,#2843);
#2301=AXIS2_PLACEMENT_3D('',#3441,#2845,#2846);
#2302=AXIS2_PLACEMENT_3D('',#3442,#2847,#2848);
#2303=AXIS2_PLACEMENT_3D('',#3451,#2853,#2854);
#2304=AXIS2_PLACEMENT_3D('',#3457,#2858,#2859);
#2305=AXIS2_PLACEMENT_3D('',#3463,#2863,#2864);
#2306=AXIS2_PLACEMENT_3D('',#3469,#2868,#2869);
#2307=AXIS2_PLACEMENT_3D('',#3475,#2873,#2874);
#2308=AXIS2_PLACEMENT_3D('',#3481,#2878,#2879);
#2309=AXIS2_PLACEMENT_3D('',#3484,#2882,#2883);
#2310=AXIS2_PLACEMENT_3D('',#3485,#2884,#2885);
#2311=AXIS2_PLACEMENT_3D('',#3486,#2886,#2887);
#2312=DIRECTION('axis',(0.,0.,1.));
#2313=DIRECTION('refdir',(1.,0.,0.));
#2314=DIRECTION('axis',(0.,0.,1.));
#2315=DIRECTION('refdir',(1.,0.,0.));
#2316=DIRECTION('center_axis',(1.,0.,0.));
#2317=DIRECTION('ref_axis',(0.,1.,0.));
#2318=DIRECTION('',(0.,-1.,0.));
#2319=DIRECTION('',(0.,0.,1.));
#2320=DIRECTION('',(0.,1.,0.));
#2321=DIRECTION('',(0.,0.,1.));
#2322=DIRECTION('center_axis',(0.,0.,1.));
#2323=DIRECTION('ref_axis',(1.11022302462516E-15,-1.,0.));
#2324=DIRECTION('center_axis',(0.,0.,-1.));
#2325=DIRECTION('ref_axis',(1.11022302462516E-15,-1.,0.));
#2326=DIRECTION('center_axis',(0.,0.,1.));
#2327=DIRECTION('ref_axis',(1.11022302462516E-15,-1.,0.));
#2328=DIRECTION('',(0.,0.,1.));
#2329=DIRECTION('center_axis',(0.,-1.,0.));
#2330=DIRECTION('ref_axis',(1.,0.,0.));
#2331=DIRECTION('',(-1.,0.,0.));
#2332=DIRECTION('',(1.,0.,0.));
#2333=DIRECTION('',(0.,0.,1.));
#2334=DIRECTION('center_axis',(0.,0.,1.));
#2335=DIRECTION('ref_axis',(-1.,0.,0.));
#2336=DIRECTION('center_axis',(0.,0.,-1.));
#2337=DIRECTION('ref_axis',(-1.,0.,0.));
#2338=DIRECTION('center_axis',(0.,0.,1.));
#2339=DIRECTION('ref_axis',(-1.,0.,0.));
#2340=DIRECTION('',(0.,0.,1.));
#2341=DIRECTION('center_axis',(-1.,0.,0.));
#2342=DIRECTION('ref_axis',(0.,-1.,0.));
#2343=DIRECTION('',(0.,1.,0.));
#2344=DIRECTION('',(0.,-1.,0.));
#2345=DIRECTION('',(0.,0.,1.));
#2346=DIRECTION('center_axis',(0.,0.,1.));
#2347=DIRECTION('ref_axis',(-1.66533453693773E-15,1.,0.));
#2348=DIRECTION('center_axis',(0.,0.,-1.));
#2349=DIRECTION('ref_axis',(-1.66533453693773E-15,1.,0.));
#2350=DIRECTION('center_axis',(0.,0.,1.));
#2351=DIRECTION('ref_axis',(-1.66533453693773E-15,1.,0.));
#2352=DIRECTION('',(0.,0.,1.));
#2353=DIRECTION('center_axis',(0.,1.,0.));
#2354=DIRECTION('ref_axis',(-1.,0.,0.));
#2355=DIRECTION('',(1.,0.,0.));
#2356=DIRECTION('',(-1.,0.,0.));
#2357=DIRECTION('',(0.,0.,1.));
#2358=DIRECTION('center_axis',(0.,0.,1.));
#2359=DIRECTION('ref_axis',(1.,0.,0.));
#2360=DIRECTION('center_axis',(0.,0.,-1.));
#2361=DIRECTION('ref_axis',(1.,0.,0.));
#2362=DIRECTION('center_axis',(0.,0.,1.));
#2363=DIRECTION('ref_axis',(1.,0.,0.));
#2364=DIRECTION('center_axis',(1.,0.,0.));
#2365=DIRECTION('ref_axis',(0.,1.,0.));
#2366=DIRECTION('',(0.,-1.,0.));
#2367=DIRECTION('',(0.,0.,1.));
#2368=DIRECTION('',(0.,1.,0.));
#2369=DIRECTION('',(0.,0.,1.));
#2370=DIRECTION('center_axis',(0.,0.,1.));
#2371=DIRECTION('ref_axis',(4.4408920985006E-15,-1.,0.));
#2372=DIRECTION('center_axis',(0.,0.,-1.));
#2373=DIRECTION('ref_axis',(4.4408920985006E-15,-1.,0.));
#2374=DIRECTION('center_axis',(0.,0.,1.));
#2375=DIRECTION('ref_axis',(4.4408920985006E-15,-1.,0.));
#2376=DIRECTION('',(0.,0.,1.));
#2377=DIRECTION('center_axis',(0.,-1.,0.));
#2378=DIRECTION('ref_axis',(1.,0.,0.));
#2379=DIRECTION('',(-1.,0.,0.));
#2380=DIRECTION('',(1.,0.,0.));
#2381=DIRECTION('',(0.,0.,1.));
#2382=DIRECTION('center_axis',(0.,0.,1.));
#2383=DIRECTION('ref_axis',(-1.,-2.22044604925031E-15,0.));
#2384=DIRECTION('center_axis',(0.,0.,-1.));
#2385=DIRECTION('ref_axis',(-1.,-2.22044604925031E-15,0.));
#2386=DIRECTION('center_axis',(0.,0.,1.));
#2387=DIRECTION('ref_axis',(-1.,-2.22044604925031E-15,0.));
#2388=DIRECTION('',(0.,0.,1.));
#2389=DIRECTION('center_axis',(-1.,0.,0.));
#2390=DIRECTION('ref_axis',(0.,-1.,0.));
#2391=DIRECTION('',(0.,1.,0.));
#2392=DIRECTION('',(0.,-1.,0.));
#2393=DIRECTION('',(0.,0.,1.));
#2394=DIRECTION('center_axis',(0.,0.,1.));
#2395=DIRECTION('ref_axis',(-2.22044604925031E-15,1.,0.));
#2396=DIRECTION('center_axis',(0.,0.,-1.));
#2397=DIRECTION('ref_axis',(-2.22044604925031E-15,1.,0.));
#2398=DIRECTION('center_axis',(0.,0.,1.));
#2399=DIRECTION('ref_axis',(-2.22044604925031E-15,1.,0.));
#2400=DIRECTION('',(0.,0.,1.));
#2401=DIRECTION('center_axis',(0.,1.,0.));
#2402=DIRECTION('ref_axis',(-1.,0.,0.));
#2403=DIRECTION('',(1.,0.,0.));
#2404=DIRECTION('',(-1.,0.,0.));
#2405=DIRECTION('',(0.,0.,1.));
#2406=DIRECTION('center_axis',(0.,0.,1.));
#2407=DIRECTION('ref_axis',(1.,4.4408920985006E-15,0.));
#2408=DIRECTION('center_axis',(0.,0.,-1.));
#2409=DIRECTION('ref_axis',(1.,4.4408920985006E-15,0.));
#2410=DIRECTION('center_axis',(0.,0.,1.));
#2411=DIRECTION('ref_axis',(1.,4.4408920985006E-15,0.));
#2412=DIRECTION('center_axis',(1.,0.,0.));
#2413=DIRECTION('ref_axis',(0.,1.,0.));
#2414=DIRECTION('',(0.,-1.,0.));
#2415=DIRECTION('',(0.,0.,1.));
#2416=DIRECTION('',(0.,1.,0.));
#2417=DIRECTION('',(0.,0.,1.));
#2418=DIRECTION('center_axis',(0.,-1.,0.));
#2419=DIRECTION('ref_axis',(1.,0.,0.));
#2420=DIRECTION('',(-1.,0.,0.));
#2421=DIRECTION('',(1.,0.,0.));
#2422=DIRECTION('',(0.,0.,1.));
#2423=DIRECTION('center_axis',(-1.,0.,0.));
#2424=DIRECTION('ref_axis',(0.,-1.,0.));
#2425=DIRECTION('',(0.,1.,0.));
#2426=DIRECTION('',(0.,-1.,0.));
#2427=DIRECTION('',(0.,0.,1.));
#2428=DIRECTION('center_axis',(0.,1.,0.));
#2429=DIRECTION('ref_axis',(-1.,0.,0.));
#2430=DIRECTION('',(1.,0.,0.));
#2431=DIRECTION('',(-1.,0.,0.));
#2432=DIRECTION('center_axis',(1.,0.,0.));
#2433=DIRECTION('ref_axis',(0.,1.,0.));
#2434=DIRECTION('',(0.,-1.,0.));
#2435=DIRECTION('',(0.,0.,1.));
#2436=DIRECTION('',(0.,1.,0.));
#2437=DIRECTION('',(0.,0.,1.));
#2438=DIRECTION('center_axis',(0.,-1.,0.));
#2439=DIRECTION('ref_axis',(1.,0.,0.));
#2440=DIRECTION('',(-1.,0.,0.));
#2441=DIRECTION('',(1.,0.,0.));
#2442=DIRECTION('',(0.,0.,1.));
#2443=DIRECTION('center_axis',(-1.,0.,0.));
#2444=DIRECTION('ref_axis',(0.,-1.,0.));
#2445=DIRECTION('',(0.,1.,0.));
#2446=DIRECTION('',(0.,-1.,0.));
#2447=DIRECTION('',(0.,0.,1.));
#2448=DIRECTION('center_axis',(0.,1.,0.));
#2449=DIRECTION('ref_axis',(-1.,0.,0.));
#2450=DIRECTION('',(1.,0.,0.));
#2451=DIRECTION('',(-1.,0.,0.));
#2452=DIRECTION('center_axis',(1.,0.,0.));
#2453=DIRECTION('ref_axis',(0.,1.,0.));
#2454=DIRECTION('',(0.,-1.,0.));
#2455=DIRECTION('',(0.,0.,1.));
#2456=DIRECTION('',(0.,1.,0.));
#2457=DIRECTION('',(0.,0.,1.));
#2458=DIRECTION('center_axis',(0.,-1.,0.));
#2459=DIRECTION('ref_axis',(1.,0.,0.));
#2460=DIRECTION('',(-1.,0.,0.));
#2461=DIRECTION('',(1.,0.,0.));
#2462=DIRECTION('',(0.,0.,1.));
#2463=DIRECTION('center_axis',(-1.,0.,0.));
#2464=DIRECTION('ref_axis',(0.,-1.,0.));
#2465=DIRECTION('',(0.,1.,0.));
#2466=DIRECTION('',(0.,-1.,0.));
#2467=DIRECTION('',(0.,0.,1.));
#2468=DIRECTION('center_axis',(0.,1.,0.));
#2469=DIRECTION('ref_axis',(-1.,0.,0.));
#2470=DIRECTION('',(1.,0.,0.));
#2471=DIRECTION('',(-1.,0.,0.));
#2472=DIRECTION('center_axis',(1.,0.,0.));
#2473=DIRECTION('ref_axis',(0.,1.,0.));
#2474=DIRECTION('',(0.,-1.,0.));
#2475=DIRECTION('',(0.,0.,1.));
#2476=DIRECTION('',(0.,1.,0.));
#2477=DIRECTION('',(0.,0.,1.));
#2478=DIRECTION('center_axis',(0.,-1.,0.));
#2479=DIRECTION('ref_axis',(1.,0.,0.));
#2480=DIRECTION('',(-1.,0.,0.));
#2481=DIRECTION('',(1.,0.,0.));
#2482=DIRECTION('',(0.,0.,1.));
#2483=DIRECTION('center_axis',(-1.,0.,0.));
#2484=DIRECTION('ref_axis',(0.,-1.,0.));
#2485=DIRECTION('',(0.,1.,0.));
#2486=DIRECTION('',(0.,-1.,0.));
#2487=DIRECTION('',(0.,0.,1.));
#2488=DIRECTION('center_axis',(0.,1.,0.));
#2489=DIRECTION('ref_axis',(-1.,0.,0.));
#2490=DIRECTION('',(1.,0.,0.));
#2491=DIRECTION('',(-1.,0.,0.));
#2492=DIRECTION('center_axis',(0.,0.,1.));
#2493=DIRECTION('ref_axis',(1.,0.,0.));
#2494=DIRECTION('center_axis',(0.,0.,1.));
#2495=DIRECTION('ref_axis',(1.,0.,0.));
#2496=DIRECTION('',(0.,0.,1.));
#2497=DIRECTION('center_axis',(0.,0.,-1.));
#2498=DIRECTION('ref_axis',(1.,0.,0.));
#2499=DIRECTION('center_axis',(0.,0.,1.));
#2500=DIRECTION('ref_axis',(1.,0.,0.));
#2501=DIRECTION('center_axis',(0.,0.,1.));
#2502=DIRECTION('ref_axis',(1.,0.,0.));
#2503=DIRECTION('',(0.,0.,1.));
#2504=DIRECTION('center_axis',(0.,0.,-1.));
#2505=DIRECTION('ref_axis',(1.,0.,0.));
#2506=DIRECTION('center_axis',(1.,0.,0.));
#2507=DIRECTION('ref_axis',(0.,1.,0.));
#2508=DIRECTION('',(0.,-1.,0.));
#2509=DIRECTION('',(0.,0.,1.));
#2510=DIRECTION('',(0.,1.,0.));
#2511=DIRECTION('',(0.,0.,1.));
#2512=DIRECTION('center_axis',(0.,-1.,0.));
#2513=DIRECTION('ref_axis',(1.,0.,0.));
#2514=DIRECTION('',(-1.,0.,0.));
#2515=DIRECTION('',(1.,0.,0.));
#2516=DIRECTION('',(0.,0.,1.));
#2517=DIRECTION('center_axis',(-1.,0.,0.));
#2518=DIRECTION('ref_axis',(0.,-1.,0.));
#2519=DIRECTION('',(0.,1.,0.));
#2520=DIRECTION('',(0.,-1.,0.));
#2521=DIRECTION('',(0.,0.,1.));
#2522=DIRECTION('center_axis',(0.,1.,0.));
#2523=DIRECTION('ref_axis',(-1.,0.,0.));
#2524=DIRECTION('',(1.,0.,0.));
#2525=DIRECTION('',(-1.,0.,0.));
#2526=DIRECTION('center_axis',(0.,0.,1.));
#2527=DIRECTION('ref_axis',(1.,0.,0.));
#2528=DIRECTION('center_axis',(0.,0.,1.));
#2529=DIRECTION('ref_axis',(1.,0.,0.));
#2530=DIRECTION('',(0.,0.,1.));
#2531=DIRECTION('center_axis',(0.,0.,-1.));
#2532=DIRECTION('ref_axis',(1.,0.,0.));
#2533=DIRECTION('center_axis',(1.,0.,0.));
#2534=DIRECTION('ref_axis',(0.,1.,0.));
#2535=DIRECTION('',(0.,-1.,0.));
#2536=DIRECTION('',(0.,0.,1.));
#2537=DIRECTION('',(0.,1.,0.));
#2538=DIRECTION('',(0.,0.,1.));
#2539=DIRECTION('center_axis',(0.,0.,1.));
#2540=DIRECTION('ref_axis',(2.22044604925031E-15,-1.,0.));
#2541=DIRECTION('center_axis',(0.,0.,-1.));
#2542=DIRECTION('ref_axis',(2.22044604925031E-15,-1.,0.));
#2543=DIRECTION('center_axis',(0.,0.,1.));
#2544=DIRECTION('ref_axis',(2.22044604925031E-15,-1.,0.));
#2545=DIRECTION('',(0.,0.,1.));
#2546=DIRECTION('center_axis',(0.,-1.,0.));
#2547=DIRECTION('ref_axis',(1.,0.,0.));
#2548=DIRECTION('',(-1.,0.,0.));
#2549=DIRECTION('',(1.,0.,0.));
#2550=DIRECTION('',(0.,0.,1.));
#2551=DIRECTION('center_axis',(0.,0.,1.));
#2552=DIRECTION('ref_axis',(-1.,-2.22044604925031E-15,0.));
#2553=DIRECTION('center_axis',(0.,0.,-1.));
#2554=DIRECTION('ref_axis',(-1.,-2.22044604925031E-15,0.));
#2555=DIRECTION('center_axis',(0.,0.,1.));
#2556=DIRECTION('ref_axis',(-1.,-2.22044604925031E-15,0.));
#2557=DIRECTION('',(0.,0.,1.));
#2558=DIRECTION('center_axis',(-1.,0.,0.));
#2559=DIRECTION('ref_axis',(0.,-1.,0.));
#2560=DIRECTION('',(0.,1.,0.));
#2561=DIRECTION('',(0.,-1.,0.));
#2562=DIRECTION('',(0.,0.,1.));
#2563=DIRECTION('center_axis',(0.,0.,1.));
#2564=DIRECTION('ref_axis',(-2.22044604925031E-15,1.,0.));
#2565=DIRECTION('center_axis',(0.,0.,-1.));
#2566=DIRECTION('ref_axis',(-2.22044604925031E-15,1.,0.));
#2567=DIRECTION('center_axis',(0.,0.,1.));
#2568=DIRECTION('ref_axis',(-2.22044604925031E-15,1.,0.));
#2569=DIRECTION('',(0.,0.,1.));
#2570=DIRECTION('center_axis',(0.,1.,0.));
#2571=DIRECTION('ref_axis',(-1.,0.,0.));
#2572=DIRECTION('',(1.,0.,0.));
#2573=DIRECTION('',(-1.,0.,0.));
#2574=DIRECTION('',(0.,0.,1.));
#2575=DIRECTION('center_axis',(0.,0.,1.));
#2576=DIRECTION('ref_axis',(1.,2.22044604925031E-15,0.));
#2577=DIRECTION('center_axis',(0.,0.,-1.));
#2578=DIRECTION('ref_axis',(1.,2.22044604925031E-15,0.));
#2579=DIRECTION('center_axis',(0.,0.,1.));
#2580=DIRECTION('ref_axis',(1.,2.22044604925031E-15,0.));
#2581=DIRECTION('center_axis',(5.55111487497162E-16,-1.,0.));
#2582=DIRECTION('ref_axis',(1.,5.55111487497162E-16,0.));
#2583=DIRECTION('',(-1.,-5.55111487497162E-16,0.));
#2584=DIRECTION('',(0.,0.,1.));
#2585=DIRECTION('',(1.,5.55111487497162E-16,0.));
#2586=DIRECTION('',(0.,0.,1.));
#2587=DIRECTION('center_axis',(0.,0.,1.));
#2588=DIRECTION('ref_axis',(-1.,-1.66533453693773E-15,0.));
#2589=DIRECTION('center_axis',(0.,0.,-1.));
#2590=DIRECTION('ref_axis',(-1.,-1.66533453693773E-15,0.));
#2591=DIRECTION('center_axis',(0.,0.,1.));
#2592=DIRECTION('ref_axis',(-1.,-1.66533453693773E-15,0.));
#2593=DIRECTION('',(0.,0.,1.));
#2594=DIRECTION('center_axis',(-1.,0.,0.));
#2595=DIRECTION('ref_axis',(0.,-1.,0.));
#2596=DIRECTION('',(0.,1.,0.));
#2597=DIRECTION('',(0.,-1.,0.));
#2598=DIRECTION('',(0.,0.,1.));
#2599=DIRECTION('center_axis',(0.,0.,1.));
#2600=DIRECTION('ref_axis',(0.,1.,0.));
#2601=DIRECTION('center_axis',(0.,0.,-1.));
#2602=DIRECTION('ref_axis',(0.,1.,0.));
#2603=DIRECTION('center_axis',(0.,0.,1.));
#2604=DIRECTION('ref_axis',(0.,1.,0.));
#2605=DIRECTION('',(0.,0.,1.));
#2606=DIRECTION('center_axis',(0.,1.,0.));
#2607=DIRECTION('ref_axis',(-1.,0.,0.));
#2608=DIRECTION('',(1.,0.,0.));
#2609=DIRECTION('',(-1.,0.,0.));
#2610=DIRECTION('',(0.,0.,1.));
#2611=DIRECTION('center_axis',(0.,0.,1.));
#2612=DIRECTION('ref_axis',(1.,1.11022302462516E-15,0.));
#2613=DIRECTION('center_axis',(0.,0.,-1.));
#2614=DIRECTION('ref_axis',(1.,1.11022302462516E-15,0.));
#2615=DIRECTION('center_axis',(0.,0.,1.));
#2616=DIRECTION('ref_axis',(1.,1.11022302462516E-15,0.));
#2617=DIRECTION('',(0.,0.,1.));
#2618=DIRECTION('center_axis',(1.,0.,0.));
#2619=DIRECTION('ref_axis',(0.,1.,0.));
#2620=DIRECTION('',(0.,-1.,0.));
#2621=DIRECTION('',(0.,1.,0.));
#2622=DIRECTION('',(0.,0.,1.));
#2623=DIRECTION('center_axis',(0.,0.,1.));
#2624=DIRECTION('ref_axis',(0.,-1.,0.));
#2625=DIRECTION('center_axis',(0.,0.,-1.));
#2626=DIRECTION('ref_axis',(0.,-1.,0.));
#2627=DIRECTION('center_axis',(0.,0.,1.));
#2628=DIRECTION('ref_axis',(0.,-1.,0.));
#2629=DIRECTION('center_axis',(0.743040416612218,0.66924654596101,0.));
#2630=DIRECTION('ref_axis',(-0.66924654596101,0.743040416612218,0.));
#2631=DIRECTION('',(0.66924654596101,-0.743040416612218,0.));
#2632=DIRECTION('',(0.,0.,1.));
#2633=DIRECTION('',(-0.66924654596101,0.743040416612218,0.));
#2634=DIRECTION('',(0.,0.,1.));
#2635=DIRECTION('center_axis',(0.,0.,1.));
#2636=DIRECTION('ref_axis',(1.,0.,0.));
#2637=DIRECTION('center_axis',(0.,0.,-1.));
#2638=DIRECTION('ref_axis',(1.,0.,0.));
#2639=DIRECTION('center_axis',(0.,0.,1.));
#2640=DIRECTION('ref_axis',(1.,0.,0.));
#2641=DIRECTION('',(0.,0.,1.));
#2642=DIRECTION('center_axis',(-0.81130530840937,0.584622695887508,0.));
#2643=DIRECTION('ref_axis',(-0.584622695887508,-0.81130530840937,0.));
#2644=DIRECTION('',(0.584622695887508,0.81130530840937,0.));
#2645=DIRECTION('',(-0.584622695887508,-0.81130530840937,0.));
#2646=DIRECTION('',(0.,0.,1.));
#2647=DIRECTION('center_axis',(0.584622695887508,0.81130530840937,0.));
#2648=DIRECTION('ref_axis',(-0.81130530840937,0.584622695887508,0.));
#2649=DIRECTION('',(0.81130530840937,-0.584622695887508,0.));
#2650=DIRECTION('',(-0.81130530840937,0.584622695887508,0.));
#2651=DIRECTION('',(0.,0.,1.));
#2652=DIRECTION('center_axis',(0.802276711776014,-0.596952324513328,0.));
#2653=DIRECTION('ref_axis',(0.596952324513328,0.802276711776014,0.));
#2654=DIRECTION('',(-0.596952324513328,-0.802276711776014,0.));
#2655=DIRECTION('',(0.596952324513328,0.802276711776014,0.));
#2656=DIRECTION('',(0.,0.,1.));
#2657=DIRECTION('center_axis',(0.,0.,1.));
#2658=DIRECTION('ref_axis',(1.,0.,0.));
#2659=DIRECTION('center_axis',(0.,0.,-1.));
#2660=DIRECTION('ref_axis',(1.,0.,0.));
#2661=DIRECTION('center_axis',(0.,0.,1.));
#2662=DIRECTION('ref_axis',(1.,0.,0.));
#2663=DIRECTION('',(0.,0.,1.));
#2664=DIRECTION('center_axis',(0.830146183561767,0.557545795354815,0.));
#2665=DIRECTION('ref_axis',(-0.557545795354815,0.830146183561767,0.));
#2666=DIRECTION('',(0.557545795354815,-0.830146183561767,0.));
#2667=DIRECTION('',(-0.557545795354815,0.830146183561767,0.));
#2668=DIRECTION('',(0.,0.,1.));
#2669=DIRECTION('center_axis',(0.557545795354814,-0.830146183561767,0.));
#2670=DIRECTION('ref_axis',(0.830146183561767,0.557545795354814,0.));
#2671=DIRECTION('',(-0.830146183561767,-0.557545795354814,0.));
#2672=DIRECTION('',(0.830146183561767,0.557545795354814,0.));
#2673=DIRECTION('',(0.,0.,1.));
#2674=DIRECTION('center_axis',(-0.830146183561768,-0.557545795354814,0.));
#2675=DIRECTION('ref_axis',(0.557545795354814,-0.830146183561767,0.));
#2676=DIRECTION('',(-0.557545795354814,0.830146183561767,0.));
#2677=DIRECTION('',(0.557545795354814,-0.830146183561767,0.));
#2678=DIRECTION('',(0.,0.,1.));
#2679=DIRECTION('center_axis',(0.,0.,1.));
#2680=DIRECTION('ref_axis',(1.,0.,0.));
#2681=DIRECTION('center_axis',(0.,0.,-1.));
#2682=DIRECTION('ref_axis',(1.,0.,0.));
#2683=DIRECTION('center_axis',(0.,0.,1.));
#2684=DIRECTION('ref_axis',(1.,0.,0.));
#2685=DIRECTION('',(0.,0.,1.));
#2686=DIRECTION('center_axis',(0.891883373965389,-0.452265461033799,0.));
#2687=DIRECTION('ref_axis',(0.452265461033799,0.891883373965389,0.));
#2688=DIRECTION('',(-0.452265461033799,-0.891883373965389,0.));
#2689=DIRECTION('',(0.452265461033799,0.891883373965389,0.));
#2690=DIRECTION('',(0.,0.,1.));
#2691=DIRECTION('center_axis',(-0.452265461033798,-0.891883373965389,0.));
#2692=DIRECTION('ref_axis',(0.891883373965389,-0.452265461033798,0.));
#2693=DIRECTION('',(-0.891883373965389,0.452265461033798,0.));
#2694=DIRECTION('',(0.891883373965389,-0.452265461033798,0.));
#2695=DIRECTION('',(0.,0.,1.));
#2696=DIRECTION('center_axis',(-0.865914733765589,0.500191637122882,0.));
#2697=DIRECTION('ref_axis',(-0.500191637122882,-0.865914733765589,0.));
#2698=DIRECTION('',(0.500191637122882,0.865914733765589,0.));
#2699=DIRECTION('',(-0.500191637122882,-0.865914733765589,0.));
#2700=DIRECTION('',(0.,0.,1.));
#2701=DIRECTION('center_axis',(0.,0.,1.));
#2702=DIRECTION('ref_axis',(-0.999562895953125,0.0295637790852552,0.));
#2703=DIRECTION('center_axis',(0.,0.,-1.));
#2704=DIRECTION('ref_axis',(1.,0.,0.));
#2705=DIRECTION('center_axis',(0.,0.,1.));
#2706=DIRECTION('ref_axis',(1.,0.,0.));
#2707=DIRECTION('',(0.,0.,1.));
#2708=DIRECTION('center_axis',(-0.743040416612218,-0.66924654596101,0.));
#2709=DIRECTION('ref_axis',(0.66924654596101,-0.743040416612218,0.));
#2710=DIRECTION('',(-0.66924654596101,0.743040416612218,0.));
#2711=DIRECTION('',(0.66924654596101,-0.743040416612218,0.));
#2712=DIRECTION('',(0.,0.,1.));
#2713=DIRECTION('center_axis',(-0.66924654596101,0.743040416612218,0.));
#2714=DIRECTION('ref_axis',(-0.743040416612218,-0.66924654596101,0.));
#2715=DIRECTION('',(0.743040416612218,0.66924654596101,0.));
#2716=DIRECTION('',(-0.743040416612218,-0.66924654596101,0.));
#2717=DIRECTION('center_axis',(-1.,0.,0.));
#2718=DIRECTION('ref_axis',(0.,-1.,0.));
#2719=DIRECTION('',(0.,1.,0.));
#2720=DIRECTION('',(0.,0.,1.));
#2721=DIRECTION('',(0.,-1.,0.));
#2722=DIRECTION('',(0.,0.,1.));
#2723=DIRECTION('center_axis',(-0.980580673667749,-0.19611614525404,0.));
#2724=DIRECTION('ref_axis',(0.19611614525404,-0.980580673667749,0.));
#2725=DIRECTION('',(-0.19611614525404,0.980580673667749,0.));
#2726=DIRECTION('',(0.19611614525404,-0.980580673667749,0.));
#2727=DIRECTION('',(0.,0.,1.));
#2728=DIRECTION('center_axis',(0.,0.,1.));
#2729=DIRECTION('ref_axis',(1.,0.,0.));
#2730=DIRECTION('center_axis',(0.,0.,1.));
#2731=DIRECTION('ref_axis',(1.,0.,0.));
#2732=DIRECTION('center_axis',(0.,0.,1.));
#2733=DIRECTION('ref_axis',(1.,0.,0.));
#2734=DIRECTION('',(0.,0.,1.));
#2735=DIRECTION('center_axis',(0.980580676477709,-0.19611613120424,0.));
#2736=DIRECTION('ref_axis',(0.19611613120424,0.980580676477709,0.));
#2737=DIRECTION('',(0.19611613120424,0.980580676477709,0.));
#2738=DIRECTION('',(0.19611613120424,0.980580676477709,0.));
#2739=DIRECTION('',(0.,0.,1.));
#2740=DIRECTION('center_axis',(1.,0.,0.));
#2741=DIRECTION('ref_axis',(0.,1.,0.));
#2742=DIRECTION('',(0.,1.,0.));
#2743=DIRECTION('',(0.,1.,0.));
#2744=DIRECTION('',(0.,0.,1.));
#2745=DIRECTION('center_axis',(0.707106781186548,0.707106781186548,0.));
#2746=DIRECTION('ref_axis',(-0.707106781186548,0.707106781186548,0.));
#2747=DIRECTION('',(-0.707106781186548,0.707106781186548,0.));
#2748=DIRECTION('',(-0.707106781186548,0.707106781186548,0.));
#2749=DIRECTION('',(0.,0.,1.));
#2750=DIRECTION('center_axis',(1.,0.,0.));
#2751=DIRECTION('ref_axis',(0.,1.,0.));
#2752=DIRECTION('',(0.,1.,0.));
#2753=DIRECTION('',(0.,1.,0.));
#2754=DIRECTION('',(0.,0.,1.));
#2755=DIRECTION('center_axis',(0.707106781186547,-0.707106781186548,0.));
#2756=DIRECTION('ref_axis',(0.707106781186548,0.707106781186547,0.));
#2757=DIRECTION('',(0.707106781186548,0.707106781186547,0.));
#2758=DIRECTION('',(0.707106781186548,0.707106781186547,0.));
#2759=DIRECTION('',(0.,0.,1.));
#2760=DIRECTION('center_axis',(0.,-1.,0.));
#2761=DIRECTION('ref_axis',(1.,0.,0.));
#2762=DIRECTION('',(1.,0.,0.));
#2763=DIRECTION('',(1.,0.,0.));
#2764=DIRECTION('',(0.,0.,1.));
#2765=DIRECTION('center_axis',(-0.707106781186548,-0.707106781186548,0.));
#2766=DIRECTION('ref_axis',(0.707106781186548,-0.707106781186548,0.));
#2767=DIRECTION('',(0.707106781186548,-0.707106781186548,0.));
#2768=DIRECTION('',(0.707106781186548,-0.707106781186548,0.));
#2769=DIRECTION('',(0.,0.,1.));
#2770=DIRECTION('center_axis',(-1.,0.,0.));
#2771=DIRECTION('ref_axis',(0.,-1.,0.));
#2772=DIRECTION('',(0.,-1.,0.));
#2773=DIRECTION('',(0.,-1.,0.));
#2774=DIRECTION('',(0.,0.,1.));
#2775=DIRECTION('center_axis',(-0.707106781186548,0.707106781186548,0.));
#2776=DIRECTION('ref_axis',(-0.707106781186548,-0.707106781186548,0.));
#2777=DIRECTION('',(0.707106781186548,0.707106781186548,0.));
#2778=DIRECTION('',(-0.707106781186548,-0.707106781186548,0.));
#2779=DIRECTION('center_axis',(0.,0.,1.));
#2780=DIRECTION('ref_axis',(1.,0.,0.));
#2781=DIRECTION('center_axis',(0.,0.,1.));
#2782=DIRECTION('ref_axis',(1.,0.,0.));
#2783=DIRECTION('center_axis',(0.,0.,-1.));
#2784=DIRECTION('ref_axis',(1.,0.,0.));
#2785=DIRECTION('center_axis',(0.,0.,-1.));
#2786=DIRECTION('ref_axis',(1.,0.,0.));
#2787=DIRECTION('',(0.,0.,-1.));
#2788=DIRECTION('center_axis',(0.,0.,-1.));
#2789=DIRECTION('ref_axis',(1.,0.,0.));
#2790=DIRECTION('center_axis',(0.,0.,1.));
#2791=DIRECTION('ref_axis',(1.,0.,0.));
#2792=DIRECTION('center_axis',(0.,0.,1.));
#2793=DIRECTION('ref_axis',(1.,0.,0.));
#2794=DIRECTION('center_axis',(0.,0.,-1.));
#2795=DIRECTION('ref_axis',(1.,0.,0.));
#2796=DIRECTION('center_axis',(0.,0.,-1.));
#2797=DIRECTION('ref_axis',(1.,0.,0.));
#2798=DIRECTION('',(0.,0.,-1.));
#2799=DIRECTION('center_axis',(0.,0.,-1.));
#2800=DIRECTION('ref_axis',(1.,0.,0.));
#2801=DIRECTION('center_axis',(0.,0.,1.));
#2802=DIRECTION('ref_axis',(1.,0.,0.));
#2803=DIRECTION('center_axis',(0.,0.,1.));
#2804=DIRECTION('ref_axis',(1.,0.,0.));
#2805=DIRECTION('center_axis',(0.,0.,-1.));
#2806=DIRECTION('ref_axis',(1.,0.,0.));
#2807=DIRECTION('center_axis',(0.,0.,-1.));
#2808=DIRECTION('ref_axis',(1.,0.,0.));
#2809=DIRECTION('',(0.,0.,-1.));
#2810=DIRECTION('center_axis',(0.,0.,-1.));
#2811=DIRECTION('ref_axis',(1.,0.,0.));
#2812=DIRECTION('center_axis',(0.,0.,1.));
#2813=DIRECTION('ref_axis',(1.,0.,0.));
#2814=DIRECTION('center_axis',(0.,0.,1.));
#2815=DIRECTION('ref_axis',(1.,0.,0.));
#2816=DIRECTION('center_axis',(0.,0.,-1.));
#2817=DIRECTION('ref_axis',(1.,0.,0.));
#2818=DIRECTION('center_axis',(0.,0.,-1.));
#2819=DIRECTION('ref_axis',(1.,0.,0.));
#2820=DIRECTION('',(0.,0.,-1.));
#2821=DIRECTION('center_axis',(0.,0.,-1.));
#2822=DIRECTION('ref_axis',(1.,0.,0.));
#2823=DIRECTION('center_axis',(0.,0.,1.));
#2824=DIRECTION('ref_axis',(1.,0.,0.));
#2825=DIRECTION('center_axis',(0.,0.,1.));
#2826=DIRECTION('ref_axis',(1.,0.,0.));
#2827=DIRECTION('center_axis',(0.,0.,1.));
#2828=DIRECTION('ref_axis',(1.,0.,0.));
#2829=DIRECTION('',(0.,0.,-1.));
#2830=DIRECTION('center_axis',(0.,0.,1.));
#2831=DIRECTION('ref_axis',(1.,0.,0.));
#2832=DIRECTION('center_axis',(0.,0.,1.));
#2833=DIRECTION('ref_axis',(1.,0.,0.));
#2834=DIRECTION('',(0.,0.,-1.));
#2835=DIRECTION('center_axis',(0.,0.,1.));
#2836=DIRECTION('ref_axis',(1.,0.,0.));
#2837=DIRECTION('center_axis',(0.,0.,1.));
#2838=DIRECTION('ref_axis',(1.,0.,0.));
#2839=DIRECTION('',(0.,0.,-1.));
#2840=DIRECTION('center_axis',(0.,0.,1.));
#2841=DIRECTION('ref_axis',(1.,0.,0.));
#2842=DIRECTION('center_axis',(0.,0.,1.));
#2843=DIRECTION('ref_axis',(1.,0.,0.));
#2844=DIRECTION('',(0.,0.,-1.));
#2845=DIRECTION('center_axis',(0.,0.,1.));
#2846=DIRECTION('ref_axis',(1.,0.,0.));
#2847=DIRECTION('center_axis',(0.,-1.,0.));
#2848=DIRECTION('ref_axis',(1.,0.,0.));
#2849=DIRECTION('',(1.,0.,0.));
#2850=DIRECTION('',(0.,0.,1.));
#2851=DIRECTION('',(1.,0.,0.));
#2852=DIRECTION('',(0.,0.,1.));
#2853=DIRECTION('center_axis',(-0.997785157856609,-0.0665190105237739,0.));
#2854=DIRECTION('ref_axis',(0.0665190105237739,-0.997785157856609,0.));
#2855=DIRECTION('',(-0.0665190105237739,0.997785157856609,0.));
#2856=DIRECTION('',(0.0665190105237739,-0.997785157856609,0.));
#2857=DIRECTION('',(0.,0.,1.));
#2858=DIRECTION('center_axis',(-0.995893206467704,0.0905357460425185,0.));
#2859=DIRECTION('ref_axis',(-0.0905357460425185,-0.995893206467704,0.));
#2860=DIRECTION('',(0.0905357460425185,0.995893206467704,0.));
#2861=DIRECTION('',(-0.0905357460425185,-0.995893206467704,0.));
#2862=DIRECTION('',(0.,0.,1.));
#2863=DIRECTION('center_axis',(0.,1.,0.));
#2864=DIRECTION('ref_axis',(-1.,0.,0.));
#2865=DIRECTION('',(-1.,0.,0.));
#2866=DIRECTION('',(-1.,0.,0.));
#2867=DIRECTION('',(0.,0.,1.));
#2868=DIRECTION('center_axis',(0.959365501571271,0.28216632399155,0.));
#2869=DIRECTION('ref_axis',(-0.28216632399155,0.959365501571271,0.));
#2870=DIRECTION('',(0.28216632399155,-0.959365501571271,0.));
#2871=DIRECTION('',(-0.28216632399155,0.959365501571271,0.));
#2872=DIRECTION('',(0.,0.,1.));
#2873=DIRECTION('center_axis',(1.,0.,0.));
#2874=DIRECTION('ref_axis',(0.,1.,0.));
#2875=DIRECTION('',(0.,1.,0.));
#2876=DIRECTION('',(0.,1.,0.));
#2877=DIRECTION('',(0.,0.,1.));
#2878=DIRECTION('center_axis',(0.970142500145332,-0.242535625036333,0.));
#2879=DIRECTION('ref_axis',(0.242535625036333,0.970142500145332,0.));
#2880=DIRECTION('',(-0.242535625036333,-0.970142500145332,0.));
#2881=DIRECTION('',(0.242535625036333,0.970142500145332,0.));
#2882=DIRECTION('center_axis',(0.,0.,1.));
#2883=DIRECTION('ref_axis',(1.,0.,0.));
#2884=DIRECTION('center_axis',(0.,0.,1.));
#2885=DIRECTION('ref_axis',(1.,0.,0.));
#2886=DIRECTION('',(-2.25601666408624E-17,-1.26624806978536E-17,1.));
#2887=DIRECTION('',(0.707106781186553,0.707106781186542,1.12850395467895E-16));
#2888=CARTESIAN_POINT('',(0.,0.,0.));
#2889=CARTESIAN_POINT('',(0.,0.,0.));
#2890=CARTESIAN_POINT('Origin',(9.00000013411045,11.0000001490116,0.));
#2891=CARTESIAN_POINT('',(9.00000013411045,12.0000001937151,5.));
#2892=CARTESIAN_POINT('',(9.00000013411045,11.0000001490116,5.));
#2893=CARTESIAN_POINT('',(9.00000013411045,31.1250000745058,5.));
#2894=CARTESIAN_POINT('',(9.00000013411045,12.0000001937151,0.));
#2895=CARTESIAN_POINT('',(9.00000013411045,12.0000001937151,0.));
#2896=CARTESIAN_POINT('',(9.00000013411045,11.0000001490116,0.));
#2897=CARTESIAN_POINT('',(9.00000013411045,31.1250000745058,0.));
#2898=CARTESIAN_POINT('',(9.00000013411045,11.0000001490116,0.));
#2899=CARTESIAN_POINT('Origin',(8.00000013411045,11.0000001490116,0.));
#2900=CARTESIAN_POINT('',(8.00000013411045,10.0000001490116,5.));
#2901=CARTESIAN_POINT('Origin',(8.00000013411045,11.0000001490116,5.));
#2902=CARTESIAN_POINT('',(8.00000013411045,10.0000001490116,0.));
#2903=CARTESIAN_POINT('Origin',(8.00000013411045,11.0000001490116,0.));
#2904=CARTESIAN_POINT('',(8.00000013411045,10.0000001490116,0.));
#2905=CARTESIAN_POINT('Origin',(4.00000004470348,10.0000001490116,0.));
#2906=CARTESIAN_POINT('',(4.00000004470348,10.0000001490116,5.));
#2907=CARTESIAN_POINT('',(8.250000115484,10.0000001490116,5.));
#2908=CARTESIAN_POINT('',(4.00000004470348,10.0000001490116,0.));
#2909=CARTESIAN_POINT('',(8.250000115484,10.0000001490116,0.));
#2910=CARTESIAN_POINT('',(4.00000004470348,10.0000001490116,0.));
#2911=CARTESIAN_POINT('Origin',(4.00000004470349,11.0000001490116,0.));
#2912=CARTESIAN_POINT('',(3.00000004470348,11.0000001490116,5.));
#2913=CARTESIAN_POINT('Origin',(4.00000004470349,11.0000001490116,5.));
#2914=CARTESIAN_POINT('',(3.00000004470348,11.0000001490116,0.));
#2915=CARTESIAN_POINT('Origin',(4.00000004470349,11.0000001490116,0.));
#2916=CARTESIAN_POINT('',(3.00000004470348,11.0000001490116,0.));
#2917=CARTESIAN_POINT('Origin',(3.00000004470348,12.0000001937151,0.));
#2918=CARTESIAN_POINT('',(3.00000004470348,12.0000001937151,5.));
#2919=CARTESIAN_POINT('',(3.00000004470348,31.6250000968575,5.));
#2920=CARTESIAN_POINT('',(3.00000004470348,12.0000001937151,0.));
#2921=CARTESIAN_POINT('',(3.00000004470348,31.6250000968575,0.));
#2922=CARTESIAN_POINT('',(3.00000004470348,12.0000001937151,0.));
#2923=CARTESIAN_POINT('Origin',(4.00000004470349,12.0000001937151,0.));
#2924=CARTESIAN_POINT('',(4.00000004470348,13.0000001937151,5.));
#2925=CARTESIAN_POINT('Origin',(4.00000004470349,12.0000001937151,5.));
#2926=CARTESIAN_POINT('',(4.00000004470348,13.0000001937151,0.));
#2927=CARTESIAN_POINT('Origin',(4.00000004470349,12.0000001937151,0.));
#2928=CARTESIAN_POINT('',(4.00000004470348,13.0000001937151,0.));
#2929=CARTESIAN_POINT('Origin',(8.00000013411045,13.0000001937151,0.));
#2930=CARTESIAN_POINT('',(8.00000013411045,13.0000001937151,5.));
#2931=CARTESIAN_POINT('',(10.2500001601875,13.0000001937151,5.));
#2932=CARTESIAN_POINT('',(8.00000013411045,13.0000001937151,0.));
#2933=CARTESIAN_POINT('',(10.2500001601875,13.0000001937151,0.));
#2934=CARTESIAN_POINT('',(8.00000013411045,13.0000001937151,0.));
#2935=CARTESIAN_POINT('Origin',(8.00000013411045,12.0000001937151,0.));
#2936=CARTESIAN_POINT('Origin',(8.00000013411045,12.0000001937151,5.));
#2937=CARTESIAN_POINT('Origin',(8.00000013411045,12.0000001937151,0.));
#2938=CARTESIAN_POINT('Origin',(22.476287648195,11.0000001490116,0.));
#2939=CARTESIAN_POINT('',(22.476287648195,12.0000001937151,5.));
#2940=CARTESIAN_POINT('',(22.476287648195,11.0000001490116,5.));
#2941=CARTESIAN_POINT('',(22.476287648195,31.1250000745058,5.));
#2942=CARTESIAN_POINT('',(22.476287648195,12.0000001937151,0.));
#2943=CARTESIAN_POINT('',(22.476287648195,12.0000001937151,0.));
#2944=CARTESIAN_POINT('',(22.476287648195,11.0000001490116,0.));
#2945=CARTESIAN_POINT('',(22.476287648195,31.1250000745058,0.));
#2946=CARTESIAN_POINT('',(22.476287648195,11.0000001490116,0.));
#2947=CARTESIAN_POINT('Origin',(21.476287648195,11.0000001490116,0.));
#2948=CARTESIAN_POINT('',(21.476287648195,10.0000001490116,5.));
#2949=CARTESIAN_POINT('Origin',(21.476287648195,11.0000001490116,5.));
#2950=CARTESIAN_POINT('',(21.476287648195,10.0000001490116,0.));
#2951=CARTESIAN_POINT('Origin',(21.476287648195,11.0000001490116,0.));
#2952=CARTESIAN_POINT('',(21.476287648195,10.0000001490116,0.));
#2953=CARTESIAN_POINT('Origin',(18.0000002533197,10.0000001490116,0.));
#2954=CARTESIAN_POINT('',(18.0000002533197,10.0000001490116,5.));
#2955=CARTESIAN_POINT('',(15.2500002197921,10.0000001490116,5.));
#2956=CARTESIAN_POINT('',(18.0000002533197,10.0000001490116,0.));
#2957=CARTESIAN_POINT('',(15.2500002197921,10.0000001490116,0.));
#2958=CARTESIAN_POINT('',(18.0000002533197,10.0000001490116,0.));
#2959=CARTESIAN_POINT('Origin',(18.0000002533197,11.0000001490116,0.));
#2960=CARTESIAN_POINT('',(17.0000002533197,11.0000001490116,5.));
#2961=CARTESIAN_POINT('Origin',(18.0000002533197,11.0000001490116,5.));
#2962=CARTESIAN_POINT('',(17.0000002533197,11.0000001490116,0.));
#2963=CARTESIAN_POINT('Origin',(18.0000002533197,11.0000001490116,0.));
#2964=CARTESIAN_POINT('',(17.0000002533197,11.0000001490116,0.));
#2965=CARTESIAN_POINT('Origin',(17.0000002533197,12.0000001937151,0.));
#2966=CARTESIAN_POINT('',(17.0000002533197,12.0000001937151,5.));
#2967=CARTESIAN_POINT('',(17.0000002533197,31.6250000968575,5.));
#2968=CARTESIAN_POINT('',(17.0000002533197,12.0000001937151,0.));
#2969=CARTESIAN_POINT('',(17.0000002533197,31.6250000968575,0.));
#2970=CARTESIAN_POINT('',(17.0000002533197,12.0000001937151,0.));
#2971=CARTESIAN_POINT('Origin',(18.0000002533197,12.0000001937151,0.));
#2972=CARTESIAN_POINT('',(18.0000002533197,13.0000001937151,5.));
#2973=CARTESIAN_POINT('Origin',(18.0000002533197,12.0000001937151,5.));
#2974=CARTESIAN_POINT('',(18.0000002533197,13.0000001937151,0.));
#2975=CARTESIAN_POINT('Origin',(18.0000002533197,12.0000001937151,0.));
#2976=CARTESIAN_POINT('',(18.0000002533197,13.0000001937151,0.));
#2977=CARTESIAN_POINT('Origin',(21.476287648195,13.0000001937151,0.));
#2978=CARTESIAN_POINT('',(21.476287648195,13.0000001937151,5.));
#2979=CARTESIAN_POINT('',(16.9881439172298,13.0000001937151,5.));
#2980=CARTESIAN_POINT('',(21.476287648195,13.0000001937151,0.));
#2981=CARTESIAN_POINT('',(16.9881439172298,13.0000001937151,0.));
#2982=CARTESIAN_POINT('',(21.476287648195,13.0000001937151,0.));
#2983=CARTESIAN_POINT('Origin',(21.476287648195,12.0000001937151,0.));
#2984=CARTESIAN_POINT('Origin',(21.476287648195,12.0000001937151,5.));
#2985=CARTESIAN_POINT('Origin',(21.476287648195,12.0000001937151,0.));
#2986=CARTESIAN_POINT('Origin',(18.0000002682209,30.0000004470348,0.));
#2987=CARTESIAN_POINT('',(18.0000002682209,34.0000005066395,5.));
#2988=CARTESIAN_POINT('',(18.0000002682209,30.0000004470348,5.));
#2989=CARTESIAN_POINT('',(18.0000002682209,40.6250002235174,5.));
#2990=CARTESIAN_POINT('',(18.0000002682209,34.0000005066395,0.));
#2991=CARTESIAN_POINT('',(18.0000002682209,34.0000005066395,0.));
#2992=CARTESIAN_POINT('',(18.0000002682209,30.0000004470348,0.));
#2993=CARTESIAN_POINT('',(18.0000002682209,40.6250002235174,0.));
#2994=CARTESIAN_POINT('',(18.0000002682209,30.0000004470348,0.));
#2995=CARTESIAN_POINT('Origin',(7.00000010430813,30.0000004470348,0.));
#2996=CARTESIAN_POINT('',(7.00000010430813,30.0000004470348,5.));
#2997=CARTESIAN_POINT('',(9.75000014528632,30.0000004470348,5.));
#2998=CARTESIAN_POINT('',(7.00000010430813,30.0000004470348,0.));
#2999=CARTESIAN_POINT('',(9.75000014528632,30.0000004470348,0.));
#3000=CARTESIAN_POINT('',(7.00000010430813,30.0000004470348,0.));
#3001=CARTESIAN_POINT('Origin',(7.00000010430813,34.0000005066395,0.));
#3002=CARTESIAN_POINT('',(7.00000010430813,34.0000005066395,5.));
#3003=CARTESIAN_POINT('',(7.00000010430813,42.6250002533197,5.));
#3004=CARTESIAN_POINT('',(7.00000010430813,34.0000005066395,0.));
#3005=CARTESIAN_POINT('',(7.00000010430813,42.6250002533197,0.));
#3006=CARTESIAN_POINT('',(7.00000010430813,34.0000005066395,0.));
#3007=CARTESIAN_POINT('Origin',(18.0000002682209,34.0000005066395,0.));
#3008=CARTESIAN_POINT('',(15.2500002272427,34.0000005066395,5.));
#3009=CARTESIAN_POINT('',(15.2500002272427,34.0000005066395,0.));
#3010=CARTESIAN_POINT('Origin',(18.0000002682209,39.0000005811453,0.));
#3011=CARTESIAN_POINT('',(18.0000002682209,43.0000006407499,5.));
#3012=CARTESIAN_POINT('',(18.0000002682209,39.0000005811453,5.));
#3013=CARTESIAN_POINT('',(18.0000002682209,45.1250002905726,5.));
#3014=CARTESIAN_POINT('',(18.0000002682209,43.0000006407499,0.));
#3015=CARTESIAN_POINT('',(18.0000002682209,43.0000006407499,0.));
#3016=CARTESIAN_POINT('',(18.0000002682209,39.0000005811453,0.));
#3017=CARTESIAN_POINT('',(18.0000002682209,45.1250002905726,0.));
#3018=CARTESIAN_POINT('',(18.0000002682209,39.0000005811453,0.));
#3019=CARTESIAN_POINT('Origin',(7.00000010430813,39.0000005811453,0.));
#3020=CARTESIAN_POINT('',(7.00000010430813,39.0000005811453,5.));
#3021=CARTESIAN_POINT('',(9.75000014528632,39.0000005811453,5.));
#3022=CARTESIAN_POINT('',(7.00000010430813,39.0000005811453,0.));
#3023=CARTESIAN_POINT('',(9.75000014528632,39.0000005811453,0.));
#3024=CARTESIAN_POINT('',(7.00000010430813,39.0000005811453,0.));
#3025=CARTESIAN_POINT('Origin',(7.00000010430813,43.0000006407499,0.));
#3026=CARTESIAN_POINT('',(7.00000010430813,43.0000006407499,5.));
#3027=CARTESIAN_POINT('',(7.00000010430813,47.125000320375,5.));
#3028=CARTESIAN_POINT('',(7.00000010430813,43.0000006407499,0.));
#3029=CARTESIAN_POINT('',(7.00000010430813,47.125000320375,0.));
#3030=CARTESIAN_POINT('',(7.00000010430813,43.0000006407499,0.));
#3031=CARTESIAN_POINT('Origin',(18.0000002682209,43.0000006407499,0.));
#3032=CARTESIAN_POINT('',(15.2500002272427,43.0000006407499,5.));
#3033=CARTESIAN_POINT('',(15.2500002272427,43.0000006407499,0.));
#3034=CARTESIAN_POINT('Origin',(18.0000002682209,56.000000834465,0.));
#3035=CARTESIAN_POINT('',(18.0000002682209,60.0000008940697,5.));
#3036=CARTESIAN_POINT('',(18.0000002682209,56.000000834465,5.));
#3037=CARTESIAN_POINT('',(18.0000002682209,53.6250004172325,5.));
#3038=CARTESIAN_POINT('',(18.0000002682209,60.0000008940697,0.));
#3039=CARTESIAN_POINT('',(18.0000002682209,60.0000008940697,0.));
#3040=CARTESIAN_POINT('',(18.0000002682209,56.000000834465,0.));
#3041=CARTESIAN_POINT('',(18.0000002682209,53.6250004172325,0.));
#3042=CARTESIAN_POINT('',(18.0000002682209,56.000000834465,0.));
#3043=CARTESIAN_POINT('Origin',(7.00000010430813,56.000000834465,0.));
#3044=CARTESIAN_POINT('',(7.00000010430813,56.000000834465,5.));
#3045=CARTESIAN_POINT('',(9.75000014528632,56.000000834465,5.));
#3046=CARTESIAN_POINT('',(7.00000010430813,56.000000834465,0.));
#3047=CARTESIAN_POINT('',(9.75000014528632,56.000000834465,0.));
#3048=CARTESIAN_POINT('',(7.00000010430813,56.000000834465,0.));
#3049=CARTESIAN_POINT('Origin',(7.00000010430813,60.0000008940697,0.));
#3050=CARTESIAN_POINT('',(7.00000010430813,60.0000008940697,5.));
#3051=CARTESIAN_POINT('',(7.00000010430813,55.6250004470348,5.));
#3052=CARTESIAN_POINT('',(7.00000010430813,60.0000008940697,0.));
#3053=CARTESIAN_POINT('',(7.00000010430813,55.6250004470348,0.));
#3054=CARTESIAN_POINT('',(7.00000010430813,60.0000008940697,0.));
#3055=CARTESIAN_POINT('Origin',(18.0000002682209,60.0000008940697,0.));
#3056=CARTESIAN_POINT('',(15.2500002272427,60.0000008940697,5.));
#3057=CARTESIAN_POINT('',(15.2500002272427,60.0000008940697,0.));
#3058=CARTESIAN_POINT('Origin',(18.0000002682209,70.0000010430813,0.));
#3059=CARTESIAN_POINT('',(18.0000002682209,75.0000011175871,5.));
#3060=CARTESIAN_POINT('',(18.0000002682209,70.0000010430813,5.));
#3061=CARTESIAN_POINT('',(18.0000002682209,60.6250005215406,5.));
#3062=CARTESIAN_POINT('',(18.0000002682209,75.0000011175871,0.));
#3063=CARTESIAN_POINT('',(18.0000002682209,75.0000011175871,0.));
#3064=CARTESIAN_POINT('',(18.0000002682209,70.0000010430813,0.));
#3065=CARTESIAN_POINT('',(18.0000002682209,60.6250005215406,0.));
#3066=CARTESIAN_POINT('',(18.0000002682209,70.0000010430813,0.));
#3067=CARTESIAN_POINT('Origin',(7.00000010430813,70.0000010430813,0.));
#3068=CARTESIAN_POINT('',(7.00000010430813,70.0000010430813,5.));
#3069=CARTESIAN_POINT('',(9.75000014528632,70.0000010430813,5.));
#3070=CARTESIAN_POINT('',(7.00000010430813,70.0000010430813,0.));
#3071=CARTESIAN_POINT('',(9.75000014528632,70.0000010430813,0.));
#3072=CARTESIAN_POINT('',(7.00000010430813,70.0000010430813,0.));
#3073=CARTESIAN_POINT('Origin',(7.00000010430813,75.0000011175871,0.));
#3074=CARTESIAN_POINT('',(7.00000010430813,75.0000011175871,5.));
#3075=CARTESIAN_POINT('',(7.00000010430813,63.1250005587935,5.));
#3076=CARTESIAN_POINT('',(7.00000010430813,75.0000011175871,0.));
#3077=CARTESIAN_POINT('',(7.00000010430813,63.1250005587935,0.));
#3078=CARTESIAN_POINT('',(7.00000010430813,75.0000011175871,0.));
#3079=CARTESIAN_POINT('Origin',(18.0000002682209,75.0000011175871,0.));
#3080=CARTESIAN_POINT('',(15.2500002272427,75.0000011175871,5.));
#3081=CARTESIAN_POINT('',(15.2500002272427,75.0000011175871,0.));
#3082=CARTESIAN_POINT('Origin',(12.0000001788139,84.0000012516975,0.));
#3083=CARTESIAN_POINT('',(10.2500001788139,84.0000012516975,0.));
#3084=CARTESIAN_POINT('Origin',(12.0000001788139,84.0000012516975,0.));
#3085=CARTESIAN_POINT('',(10.2500001788139,84.0000012516975,5.));
#3086=CARTESIAN_POINT('',(10.2500001788139,84.0000012516975,0.));
#3087=CARTESIAN_POINT('Origin',(12.0000001788139,84.0000012516975,5.));
#3088=CARTESIAN_POINT('Origin',(12.5000001862645,63.7662698231328,0.));
#3089=CARTESIAN_POINT('',(10.7500001862645,63.7662698231328,0.));
#3090=CARTESIAN_POINT('Origin',(12.5000001862645,63.7662698231328,0.));
#3091=CARTESIAN_POINT('',(10.7500001862645,63.7662698231328,5.));
#3092=CARTESIAN_POINT('',(10.7500001862645,63.7662698231328,0.));
#3093=CARTESIAN_POINT('Origin',(12.5000001862645,63.7662698231328,5.));
#3094=CARTESIAN_POINT('Origin',(18.0000002682209,48.0000007152557,0.));
#3095=CARTESIAN_POINT('',(18.0000002682209,52.0000007748604,5.));
#3096=CARTESIAN_POINT('',(18.0000002682209,48.0000007152557,5.));
#3097=CARTESIAN_POINT('',(18.0000002682209,49.6250003576279,5.));
#3098=CARTESIAN_POINT('',(18.0000002682209,52.0000007748604,0.));
#3099=CARTESIAN_POINT('',(18.0000002682209,52.0000007748604,0.));
#3100=CARTESIAN_POINT('',(18.0000002682209,48.0000007152557,0.));
#3101=CARTESIAN_POINT('',(18.0000002682209,49.6250003576279,0.));
#3102=CARTESIAN_POINT('',(18.0000002682209,48.0000007152557,0.));
#3103=CARTESIAN_POINT('Origin',(7.00000010430813,48.0000007152557,0.));
#3104=CARTESIAN_POINT('',(7.00000010430813,48.0000007152557,5.));
#3105=CARTESIAN_POINT('',(9.75000014528632,48.0000007152557,5.));
#3106=CARTESIAN_POINT('',(7.00000010430813,48.0000007152557,0.));
#3107=CARTESIAN_POINT('',(9.75000014528632,48.0000007152557,0.));
#3108=CARTESIAN_POINT('',(7.00000010430813,48.0000007152557,0.));
#3109=CARTESIAN_POINT('Origin',(7.00000010430813,52.0000007748604,0.));
#3110=CARTESIAN_POINT('',(7.00000010430813,52.0000007748604,5.));
#3111=CARTESIAN_POINT('',(7.00000010430813,51.6250003874302,5.));
#3112=CARTESIAN_POINT('',(7.00000010430813,52.0000007748604,0.));
#3113=CARTESIAN_POINT('',(7.00000010430813,51.6250003874302,0.));
#3114=CARTESIAN_POINT('',(7.00000010430813,52.0000007748604,0.));
#3115=CARTESIAN_POINT('Origin',(18.0000002682209,52.0000007748604,0.));
#3116=CARTESIAN_POINT('',(15.2500002272427,52.0000007748604,5.));
#3117=CARTESIAN_POINT('',(15.2500002272427,52.0000007748604,0.));
#3118=CARTESIAN_POINT('Origin',(12.0000001788139,98.0000014603138,0.));
#3119=CARTESIAN_POINT('',(10.2500001788139,98.0000014603138,0.));
#3120=CARTESIAN_POINT('Origin',(12.0000001788139,98.0000014603138,0.));
#3121=CARTESIAN_POINT('',(10.2500001788139,98.0000014603138,5.));
#3122=CARTESIAN_POINT('',(10.2500001788139,98.0000014603138,0.));
#3123=CARTESIAN_POINT('Origin',(12.0000001788139,98.0000014603138,5.));
#3124=CARTESIAN_POINT('Origin',(14.0000002086163,17.0000002384186,0.));
#3125=CARTESIAN_POINT('',(14.0000002086163,19.0000002980232,5.));
#3126=CARTESIAN_POINT('',(14.0000002086163,17.0000002384186,5.));
#3127=CARTESIAN_POINT('',(14.0000002086163,34.1250001192093,5.));
#3128=CARTESIAN_POINT('',(14.0000002086163,19.0000002980232,0.));
#3129=CARTESIAN_POINT('',(14.0000002086163,19.0000002980232,0.));
#3130=CARTESIAN_POINT('',(14.0000002086163,17.0000002384186,0.));
#3131=CARTESIAN_POINT('',(14.0000002086163,34.1250001192093,0.));
#3132=CARTESIAN_POINT('',(14.0000002086163,17.0000002384186,0.));
#3133=CARTESIAN_POINT('Origin',(13.0000002086163,17.0000002384186,0.));
#3134=CARTESIAN_POINT('',(13.0000002086163,16.0000002384186,5.));
#3135=CARTESIAN_POINT('Origin',(13.0000002086163,17.0000002384186,5.));
#3136=CARTESIAN_POINT('',(13.0000002086163,16.0000002384186,0.));
#3137=CARTESIAN_POINT('Origin',(13.0000002086163,17.0000002384186,0.));
#3138=CARTESIAN_POINT('',(13.0000002086163,16.0000002384186,0.));
#3139=CARTESIAN_POINT('Origin',(12.0000001639128,16.0000002384186,0.));
#3140=CARTESIAN_POINT('',(12.0000001639128,16.0000002384186,5.));
#3141=CARTESIAN_POINT('',(12.2500001750886,16.0000002384186,5.));
#3142=CARTESIAN_POINT('',(12.0000001639128,16.0000002384186,0.));
#3143=CARTESIAN_POINT('',(12.2500001750886,16.0000002384186,0.));
#3144=CARTESIAN_POINT('',(12.0000001639128,16.0000002384186,0.));
#3145=CARTESIAN_POINT('Origin',(12.0000001639128,17.0000002384186,0.));
#3146=CARTESIAN_POINT('',(11.0000001639128,17.0000002384186,5.));
#3147=CARTESIAN_POINT('Origin',(12.0000001639128,17.0000002384186,5.));
#3148=CARTESIAN_POINT('',(11.0000001639128,17.0000002384186,0.));
#3149=CARTESIAN_POINT('Origin',(12.0000001639128,17.0000002384186,0.));
#3150=CARTESIAN_POINT('',(11.0000001639128,17.0000002384186,0.));
#3151=CARTESIAN_POINT('Origin',(11.0000001639128,19.0000002980232,0.));
#3152=CARTESIAN_POINT('',(11.0000001639128,19.0000002980232,5.));
#3153=CARTESIAN_POINT('',(11.0000001639128,35.1250001490116,5.));
#3154=CARTESIAN_POINT('',(11.0000001639128,19.0000002980232,0.));
#3155=CARTESIAN_POINT('',(11.0000001639128,35.1250001490116,0.));
#3156=CARTESIAN_POINT('',(11.0000001639128,19.0000002980232,0.));
#3157=CARTESIAN_POINT('Origin',(12.0000001639128,19.0000002980232,0.));
#3158=CARTESIAN_POINT('',(12.0000001639128,20.0000002980232,5.));
#3159=CARTESIAN_POINT('Origin',(12.0000001639128,19.0000002980232,5.));
#3160=CARTESIAN_POINT('',(12.0000001639128,20.0000002980232,0.));
#3161=CARTESIAN_POINT('Origin',(12.0000001639128,19.0000002980232,0.));
#3162=CARTESIAN_POINT('',(12.0000001639128,20.0000002980232,0.));
#3163=CARTESIAN_POINT('Origin',(13.0000002086163,20.0000002980232,0.));
#3164=CARTESIAN_POINT('',(13.0000002086163,20.0000002980232,5.));
#3165=CARTESIAN_POINT('',(12.7500001974404,20.0000002980232,5.));
#3166=CARTESIAN_POINT('',(13.0000002086163,20.0000002980232,0.));
#3167=CARTESIAN_POINT('',(12.7500001974404,20.0000002980232,0.));
#3168=CARTESIAN_POINT('',(13.0000002086163,20.0000002980232,0.));
#3169=CARTESIAN_POINT('Origin',(13.0000002086163,19.0000002980232,0.));
#3170=CARTESIAN_POINT('Origin',(13.0000002086163,19.0000002980232,5.));
#3171=CARTESIAN_POINT('Origin',(13.0000002086163,19.0000002980232,0.));
#3172=CARTESIAN_POINT('Origin',(12.0000001639128,3.00000004470348,0.));
#3173=CARTESIAN_POINT('',(13.0000002086163,3.00000004470348,5.));
#3174=CARTESIAN_POINT('',(12.0000001639128,3.00000004470348,5.));
#3175=CARTESIAN_POINT('',(12.2500001750887,3.00000004470348,5.));
#3176=CARTESIAN_POINT('',(13.0000002086163,3.00000004470348,0.));
#3177=CARTESIAN_POINT('',(13.0000002086163,3.00000004470348,0.));
#3178=CARTESIAN_POINT('',(12.0000001639128,3.00000004470348,0.));
#3179=CARTESIAN_POINT('',(12.2500001750887,3.00000004470348,0.));
#3180=CARTESIAN_POINT('',(12.0000001639128,3.00000004470348,0.));
#3181=CARTESIAN_POINT('Origin',(12.0000001639128,4.00000004470349,0.));
#3182=CARTESIAN_POINT('',(11.0000001639128,4.00000004470348,5.));
#3183=CARTESIAN_POINT('Origin',(12.0000001639128,4.00000004470349,5.));
#3184=CARTESIAN_POINT('',(11.0000001639128,4.00000004470348,0.));
#3185=CARTESIAN_POINT('Origin',(12.0000001639128,4.00000004470349,0.));
#3186=CARTESIAN_POINT('',(11.0000001639128,4.00000004470348,0.));
#3187=CARTESIAN_POINT('Origin',(11.0000001639128,6.00000010430813,0.));
#3188=CARTESIAN_POINT('',(11.0000001639128,6.00000010430813,5.));
#3189=CARTESIAN_POINT('',(11.0000001639128,28.6250000521541,5.));
#3190=CARTESIAN_POINT('',(11.0000001639128,6.00000010430813,0.));
#3191=CARTESIAN_POINT('',(11.0000001639128,28.6250000521541,0.));
#3192=CARTESIAN_POINT('',(11.0000001639128,6.00000010430813,0.));
#3193=CARTESIAN_POINT('Origin',(12.0000001639128,6.00000010430813,0.));
#3194=CARTESIAN_POINT('',(12.0000001639128,7.00000010430813,5.));
#3195=CARTESIAN_POINT('Origin',(12.0000001639128,6.00000010430813,5.));
#3196=CARTESIAN_POINT('',(12.0000001639128,7.00000010430813,0.));
#3197=CARTESIAN_POINT('Origin',(12.0000001639128,6.00000010430813,0.));
#3198=CARTESIAN_POINT('',(12.0000001639128,7.00000010430813,0.));
#3199=CARTESIAN_POINT('Origin',(13.0000002086163,7.00000010430813,0.));
#3200=CARTESIAN_POINT('',(13.0000002086163,7.00000010430813,5.));
#3201=CARTESIAN_POINT('',(12.7500001974404,7.00000010430813,5.));
#3202=CARTESIAN_POINT('',(13.0000002086163,7.00000010430813,0.));
#3203=CARTESIAN_POINT('',(12.7500001974404,7.00000010430813,0.));
#3204=CARTESIAN_POINT('',(13.0000002086163,7.00000010430813,0.));
#3205=CARTESIAN_POINT('Origin',(13.0000002086163,6.00000010430813,0.));
#3206=CARTESIAN_POINT('',(14.0000002086163,6.00000010430813,5.));
#3207=CARTESIAN_POINT('Origin',(13.0000002086163,6.00000010430813,5.));
#3208=CARTESIAN_POINT('',(14.0000002086163,6.00000010430813,0.));
#3209=CARTESIAN_POINT('Origin',(13.0000002086163,6.00000010430813,0.));
#3210=CARTESIAN_POINT('',(14.0000002086163,6.00000010430813,0.));
#3211=CARTESIAN_POINT('Origin',(14.0000002086163,4.00000004470348,0.));
#3212=CARTESIAN_POINT('',(14.0000002086163,4.00000004470348,5.));
#3213=CARTESIAN_POINT('',(14.0000002086163,27.6250000223517,5.));
#3214=CARTESIAN_POINT('',(14.0000002086163,4.00000004470348,0.));
#3215=CARTESIAN_POINT('',(14.0000002086163,27.6250000223517,0.));
#3216=CARTESIAN_POINT('',(14.0000002086163,4.00000004470348,0.));
#3217=CARTESIAN_POINT('Origin',(13.0000002086163,4.00000004470349,0.));
#3218=CARTESIAN_POINT('Origin',(13.0000002086163,4.00000004470349,5.));
#3219=CARTESIAN_POINT('Origin',(13.0000002086163,4.00000004470349,0.));
#3220=CARTESIAN_POINT('Origin',(11.8130432301243,13.6011192174514,0.));
#3221=CARTESIAN_POINT('',(7.79756395435821,18.0593617171247,5.));
#3222=CARTESIAN_POINT('',(11.8130432301243,13.6011192174514,5.));
#3223=CARTESIAN_POINT('',(2.6059185104094,23.8234592935048,5.));
#3224=CARTESIAN_POINT('',(7.79756395435821,18.0593617171247,0.));
#3225=CARTESIAN_POINT('',(7.79756395435821,18.0593617171247,0.));
#3226=CARTESIAN_POINT('',(11.8130432301243,13.6011192174514,0.));
#3227=CARTESIAN_POINT('',(2.6059185104094,23.8234592935048,0.));
#3228=CARTESIAN_POINT('',(11.8130432301243,13.6011192174514,0.));
#3229=CARTESIAN_POINT('Origin',(12.556980638248,11.5512600098297,0.));
#3230=CARTESIAN_POINT('',(13.2674087788334,13.6129722825151,5.));
#3231=CARTESIAN_POINT('Origin',(12.556980638248,11.5512600098297,5.));
#3232=CARTESIAN_POINT('',(13.2674087788334,13.6129722825151,0.));
#3233=CARTESIAN_POINT('Origin',(12.556980638248,11.5512600098297,0.));
#3234=CARTESIAN_POINT('',(13.2674087788334,13.6129722825151,0.));
#3235=CARTESIAN_POINT('Origin',(16.7751449541584,18.4808041329713,0.));
#3236=CARTESIAN_POINT('',(16.7751449541584,18.4808041329713,5.));
#3237=CARTESIAN_POINT('',(23.8158951916178,28.2515470121264,5.));
#3238=CARTESIAN_POINT('',(16.7751449541584,18.4808041329713,0.));
#3239=CARTESIAN_POINT('',(23.8158951916178,28.2515470121264,0.));
#3240=CARTESIAN_POINT('',(16.7751449541584,18.4808041329713,0.));
#3241=CARTESIAN_POINT('Origin',(18.3977555709772,17.3115587411963,0.));
#3242=CARTESIAN_POINT('',(18.3977555709772,17.3115587411963,5.));
#3243=CARTESIAN_POINT('',(8.40812764116152,24.5100364914431,5.));
#3244=CARTESIAN_POINT('',(18.3977555709772,17.3115587411963,0.));
#3245=CARTESIAN_POINT('',(8.40812764116152,24.5100364914431,0.));
#3246=CARTESIAN_POINT('',(18.3977555709772,17.3115587411963,0.));
#3247=CARTESIAN_POINT('Origin',(14.6254534919255,12.2417567092255,0.));
#3248=CARTESIAN_POINT('',(14.6254534919255,12.2417567092255,5.));
#3249=CARTESIAN_POINT('',(23.5876810693871,24.286582025713,5.));
#3250=CARTESIAN_POINT('',(14.6254534919255,12.2417567092255,0.));
#3251=CARTESIAN_POINT('',(23.5876810693871,24.286582025713,0.));
#3252=CARTESIAN_POINT('',(14.6254534919255,12.2417567092255,0.));
#3253=CARTESIAN_POINT('Origin',(12.556980638248,11.5512600098297,0.));
#3254=CARTESIAN_POINT('',(14.6456648860196,10.9245513443493,5.));
#3255=CARTESIAN_POINT('Origin',(12.556980638248,11.5512600098297,5.));
#3256=CARTESIAN_POINT('',(14.6456648860196,10.9245513443493,0.));
#3257=CARTESIAN_POINT('Origin',(12.556980638248,11.5512600098297,0.));
#3258=CARTESIAN_POINT('',(14.6456648860196,10.9245513443493,0.));
#3259=CARTESIAN_POINT('Origin',(18.2179812934954,5.60562533531382,0.));
#3260=CARTESIAN_POINT('',(18.2179812934954,5.60562533531382,5.));
#3261=CARTESIAN_POINT('',(6.7661189612395,22.6566369096134,5.));
#3262=CARTESIAN_POINT('',(18.2179812934954,5.60562533531382,0.));
#3263=CARTESIAN_POINT('',(6.7661189612395,22.6566369096134,0.));
#3264=CARTESIAN_POINT('',(18.2179812934954,5.60562533531382,0.));
#3265=CARTESIAN_POINT('Origin',(16.5576889263719,4.49053374460419,0.));
#3266=CARTESIAN_POINT('',(16.5576889263719,4.49053374460419,5.));
#3267=CARTESIAN_POINT('',(25.9807068885741,10.8192552980025,5.));
#3268=CARTESIAN_POINT('',(16.5576889263719,4.49053374460419,0.));
#3269=CARTESIAN_POINT('',(25.9807068885741,10.8192552980025,0.));
#3270=CARTESIAN_POINT('',(16.5576889263719,4.49053374460419,0.));
#3271=CARTESIAN_POINT('Origin',(13.212414154243,9.47141084597479,0.));
#3272=CARTESIAN_POINT('',(13.212414154243,9.47141084597479,5.));
#3273=CARTESIAN_POINT('',(3.43318920805152,24.031983869589,5.));
#3274=CARTESIAN_POINT('',(13.212414154243,9.47141084597479,0.));
#3275=CARTESIAN_POINT('',(3.43318920805152,24.031983869589,0.));
#3276=CARTESIAN_POINT('',(13.212414154243,9.47141084597479,0.));
#3277=CARTESIAN_POINT('Origin',(12.556980638248,11.5512600098297,0.));
#3278=CARTESIAN_POINT('',(11.5055447624084,9.64080241090875,5.));
#3279=CARTESIAN_POINT('Origin',(12.556980638248,11.5512600098297,5.));
#3280=CARTESIAN_POINT('',(11.5055447624084,9.64080241090875,0.));
#3281=CARTESIAN_POINT('Origin',(12.556980638248,11.5512600098297,0.));
#3282=CARTESIAN_POINT('',(11.5055447624084,9.64080241090875,0.));
#3283=CARTESIAN_POINT('Origin',(8.79195199620562,4.28950216711641,0.));
#3284=CARTESIAN_POINT('',(8.79195199620562,4.28950216711641,5.));
#3285=CARTESIAN_POINT('',(18.642363697222,23.7148600150686,5.));
#3286=CARTESIAN_POINT('',(8.79195199620562,4.28950216711641,0.));
#3287=CARTESIAN_POINT('',(18.642363697222,23.7148600150686,0.));
#3288=CARTESIAN_POINT('',(8.79195199620562,4.28950216711641,0.));
#3289=CARTESIAN_POINT('Origin',(7.00818524827484,5.19403308918401,0.));
#3290=CARTESIAN_POINT('',(7.00818524827484,5.19403308918401,5.));
#3291=CARTESIAN_POINT('',(-0.0963189837466816,8.7966586966398,5.));
#3292=CARTESIAN_POINT('',(7.00818524827484,5.19403308918401,0.));
#3293=CARTESIAN_POINT('',(-0.0963189837466816,8.7966586966398,0.));
#3294=CARTESIAN_POINT('',(7.00818524827484,5.19403308918401,0.));
#3295=CARTESIAN_POINT('Origin',(10.4224978760767,11.1047748742755,0.));
#3296=CARTESIAN_POINT('',(10.4224978760767,11.1047748742755,5.));
#3297=CARTESIAN_POINT('',(19.3763011255519,26.6052942383249,5.));
#3298=CARTESIAN_POINT('',(10.4224978760767,11.1047748742755,0.));
#3299=CARTESIAN_POINT('',(19.3763011255519,26.6052942383249,0.));
#3300=CARTESIAN_POINT('',(10.4224978760767,11.1047748742755,0.));
#3301=CARTESIAN_POINT('Origin',(12.556980638248,11.5512600098297,0.));
#3302=CARTESIAN_POINT('',(10.452617061125,12.1231162623577,5.));
#3303=CARTESIAN_POINT('Origin',(12.556980638248,11.5512600098297,5.));
#3304=CARTESIAN_POINT('',(10.452617061125,12.1231162623577,0.));
#3305=CARTESIAN_POINT('Origin',(12.556980638248,11.5512600098297,0.));
#3306=CARTESIAN_POINT('',(10.452617061125,12.1231162623577,0.));
#3307=CARTESIAN_POINT('Origin',(6.31148312113378,16.7208686252026,0.));
#3308=CARTESIAN_POINT('',(6.31148312113378,16.7208686252026,5.));
#3309=CARTESIAN_POINT('',(-0.88790196069807,24.7140874514195,5.));
#3310=CARTESIAN_POINT('',(6.31148312113378,16.7208686252026,0.));
#3311=CARTESIAN_POINT('',(-0.88790196069807,24.7140874514195,0.));
#3312=CARTESIAN_POINT('',(6.31148312113378,16.7208686252026,0.));
#3313=CARTESIAN_POINT('Origin',(7.79756395435821,18.0593617171247,0.));
#3314=CARTESIAN_POINT('',(17.3481671521432,26.6614620323455,5.));
#3315=CARTESIAN_POINT('',(17.3481671521432,26.6614620323455,0.));
#3316=CARTESIAN_POINT('Origin',(5.00000007450581,65.0000009685755,0.));
#3317=CARTESIAN_POINT('',(5.00000007450581,25.000000372529,0.));
#3318=CARTESIAN_POINT('',(5.00000007450581,65.0000009685755,0.));
#3319=CARTESIAN_POINT('',(5.00000007450581,25.000000372529,0.));
#3320=CARTESIAN_POINT('',(5.00000007450581,25.000000372529,5.));
#3321=CARTESIAN_POINT('',(5.00000007450581,25.000000372529,0.));
#3322=CARTESIAN_POINT('',(5.00000007450581,65.0000009685755,5.));
#3323=CARTESIAN_POINT('',(5.00000007450581,25.000000372529,5.));
#3324=CARTESIAN_POINT('',(5.00000007450581,65.0000009685755,0.));
#3325=CARTESIAN_POINT('Origin',(0.,90.,0.));
#3326=CARTESIAN_POINT('',(0.,90.,0.));
#3327=CARTESIAN_POINT('',(5.00000007450581,65.0000009685755,0.));
#3328=CARTESIAN_POINT('',(0.,90.,5.));
#3329=CARTESIAN_POINT('',(5.00000007450581,65.0000009685755,5.));
#3330=CARTESIAN_POINT('',(0.,90.,0.));
#3331=CARTESIAN_POINT('Origin',(12.5,90.,0.));
#3332=CARTESIAN_POINT('',(25.,90.,0.));
#3333=CARTESIAN_POINT('Origin',(12.5,90.,0.));
#3334=CARTESIAN_POINT('',(25.,90.,5.));
#3335=CARTESIAN_POINT('Origin',(12.5,90.,5.));
#3336=CARTESIAN_POINT('',(25.,90.,0.));
#3337=CARTESIAN_POINT('Origin',(20.0000002980232,65.0000009685755,0.));
#3338=CARTESIAN_POINT('',(20.0000002980232,65.0000009685755,0.));
#3339=CARTESIAN_POINT('',(20.0000002980232,65.0000009685755,0.));
#3340=CARTESIAN_POINT('',(20.0000002980232,65.0000009685755,5.));
#3341=CARTESIAN_POINT('',(20.0000002980232,65.0000009685755,5.));
#3342=CARTESIAN_POINT('',(20.0000002980232,65.0000009685755,0.));
#3343=CARTESIAN_POINT('Origin',(20.0000002980232,25.000000372529,0.));
#3344=CARTESIAN_POINT('',(20.0000002980232,25.000000372529,0.));
#3345=CARTESIAN_POINT('',(20.0000002980232,25.000000372529,0.));
#3346=CARTESIAN_POINT('',(20.0000002980232,25.000000372529,5.));
#3347=CARTESIAN_POINT('',(20.0000002980232,25.000000372529,5.));
#3348=CARTESIAN_POINT('',(20.0000002980232,25.000000372529,0.));
#3349=CARTESIAN_POINT('Origin',(25.000000372529,20.0000002980232,0.));
#3350=CARTESIAN_POINT('',(25.000000372529,20.0000002980232,0.));
#3351=CARTESIAN_POINT('',(25.000000372529,20.0000002980232,0.));
#3352=CARTESIAN_POINT('',(25.000000372529,20.0000002980232,5.));
#3353=CARTESIAN_POINT('',(25.000000372529,20.0000002980232,5.));
#3354=CARTESIAN_POINT('',(25.000000372529,20.0000002980232,0.));
#3355=CARTESIAN_POINT('Origin',(25.,4.99999970197678,0.));
#3356=CARTESIAN_POINT('',(25.,4.99999970197678,0.));
#3357=CARTESIAN_POINT('',(25.,0.,0.));
#3358=CARTESIAN_POINT('',(25.,4.99999970197678,5.));
#3359=CARTESIAN_POINT('',(25.,0.,5.));
#3360=CARTESIAN_POINT('',(25.,4.99999970197678,0.));
#3361=CARTESIAN_POINT('Origin',(20.0000002980232,0.,0.));
#3362=CARTESIAN_POINT('',(20.0000002980232,0.,0.));
#3363=CARTESIAN_POINT('',(20.0000002980232,0.,0.));
#3364=CARTESIAN_POINT('',(20.0000002980232,0.,5.));
#3365=CARTESIAN_POINT('',(20.0000002980232,0.,5.));
#3366=CARTESIAN_POINT('',(20.0000002980232,0.,0.));
#3367=CARTESIAN_POINT('Origin',(5.00000007450581,0.,0.));
#3368=CARTESIAN_POINT('',(5.00000007450581,0.,0.));
#3369=CARTESIAN_POINT('',(0.,0.,0.));
#3370=CARTESIAN_POINT('',(5.00000007450581,0.,5.));
#3371=CARTESIAN_POINT('',(0.,0.,5.));
#3372=CARTESIAN_POINT('',(5.00000007450581,0.,0.));
#3373=CARTESIAN_POINT('Origin',(0.,5.00000007450581,0.));
#3374=CARTESIAN_POINT('',(0.,5.00000007450581,0.));
#3375=CARTESIAN_POINT('',(0.,5.00000007450581,0.));
#3376=CARTESIAN_POINT('',(0.,5.00000007450581,5.));
#3377=CARTESIAN_POINT('',(0.,5.00000007450581,5.));
#3378=CARTESIAN_POINT('',(0.,5.00000007450581,0.));
#3379=CARTESIAN_POINT('Origin',(0.,20.0000002980232,0.));
#3380=CARTESIAN_POINT('',(0.,20.0000002980232,0.));
#3381=CARTESIAN_POINT('',(0.,90.,0.));
#3382=CARTESIAN_POINT('',(0.,20.0000002980232,5.));
#3383=CARTESIAN_POINT('',(0.,90.,5.));
#3384=CARTESIAN_POINT('',(0.,20.0000002980232,0.));
#3385=CARTESIAN_POINT('Origin',(5.00000007450581,25.000000372529,0.));
#3386=CARTESIAN_POINT('',(0.,20.0000002980232,0.));
#3387=CARTESIAN_POINT('',(0.,20.0000002980232,5.));
#3388=CARTESIAN_POINT('Origin',(12.5000001862645,51.25,5.));
#3389=CARTESIAN_POINT('Origin',(12.5000001862645,51.25,0.));
#3390=CARTESIAN_POINT('Origin',(10.0000001490116,35.0000005215406,5.));
#3391=CARTESIAN_POINT('',(6.75000014901161,35.0000005215406,5.));
#3392=CARTESIAN_POINT('Origin',(10.0000001490116,35.0000005215406,5.));
#3393=CARTESIAN_POINT('',(6.75000014901161,35.0000005215406,3.));
#3394=CARTESIAN_POINT('',(6.75000014901161,35.0000005215406,5.));
#3395=CARTESIAN_POINT('Origin',(10.0000001490116,35.0000005215406,3.));
#3396=CARTESIAN_POINT('Origin',(9.50000014156103,27.5000004097819,3.));
#3397=CARTESIAN_POINT('',(8.25000014901161,35.0000005215406,3.));
#3398=CARTESIAN_POINT('Origin',(10.0000001490116,35.0000005215406,3.));
#3399=CARTESIAN_POINT('Origin',(10.0000001490116,20.0000002980232,5.));
#3400=CARTESIAN_POINT('',(6.75000014901161,20.0000002980232,5.));
#3401=CARTESIAN_POINT('Origin',(10.0000001490116,20.0000002980232,5.));
#3402=CARTESIAN_POINT('',(6.75000014901161,20.0000002980232,3.));
#3403=CARTESIAN_POINT('',(6.75000014901161,20.0000002980232,5.));
#3404=CARTESIAN_POINT('Origin',(10.0000001490116,20.0000002980232,3.));
#3405=CARTESIAN_POINT('Origin',(9.50000014156103,27.5000004097819,3.));
#3406=CARTESIAN_POINT('',(8.25000014901161,20.0000002980232,3.));
#3407=CARTESIAN_POINT('Origin',(10.0000001490116,20.0000002980232,3.));
#3408=CARTESIAN_POINT('Origin',(9.00000013411045,10.0000001490116,5.));
#3409=CARTESIAN_POINT('',(5.75000013411045,10.0000001490116,5.));
#3410=CARTESIAN_POINT('Origin',(9.00000013411045,10.0000001490116,5.));
#3411=CARTESIAN_POINT('',(5.75000013411045,10.0000001490116,3.));
#3412=CARTESIAN_POINT('',(5.75000013411045,10.0000001490116,5.));
#3413=CARTESIAN_POINT('Origin',(9.00000013411045,10.0000001490116,3.));
#3414=CARTESIAN_POINT('Origin',(9.50000014156103,27.5000004097819,3.));
#3415=CARTESIAN_POINT('',(7.25000013411045,10.0000001490116,3.));
#3416=CARTESIAN_POINT('Origin',(9.00000013411045,10.0000001490116,3.));
#3417=CARTESIAN_POINT('Origin',(9.00000013411045,45.0000006705523,5.));
#3418=CARTESIAN_POINT('',(5.75000013411045,45.0000006705523,5.));
#3419=CARTESIAN_POINT('Origin',(9.00000013411045,45.0000006705523,5.));
#3420=CARTESIAN_POINT('',(5.75000013411045,45.0000006705523,3.));
#3421=CARTESIAN_POINT('',(5.75000013411045,45.0000006705523,5.));
#3422=CARTESIAN_POINT('Origin',(9.00000013411045,45.0000006705523,3.));
#3423=CARTESIAN_POINT('Origin',(9.50000014156103,27.5000004097819,3.));
#3424=CARTESIAN_POINT('',(7.25000013411045,45.0000006705523,3.));
#3425=CARTESIAN_POINT('Origin',(9.00000013411045,45.0000006705523,3.));
#3426=CARTESIAN_POINT('Origin',(9.00000013411045,10.0000001490116,0.));
#3427=CARTESIAN_POINT('',(7.25000013411045,10.0000001490116,0.));
#3428=CARTESIAN_POINT('',(7.25000013411045,10.0000001490116,0.));
#3429=CARTESIAN_POINT('Origin',(9.00000013411045,10.0000001490116,0.));
#3430=CARTESIAN_POINT('Origin',(10.0000001490116,20.0000002980232,0.));
#3431=CARTESIAN_POINT('',(8.25000014901161,20.0000002980232,0.));
#3432=CARTESIAN_POINT('',(8.25000014901161,20.0000002980232,0.));
#3433=CARTESIAN_POINT('Origin',(10.0000001490116,20.0000002980232,0.));
#3434=CARTESIAN_POINT('Origin',(10.0000001490116,35.0000005215406,0.));
#3435=CARTESIAN_POINT('',(8.25000014901161,35.0000005215406,0.));
#3436=CARTESIAN_POINT('',(8.25000014901161,35.0000005215406,0.));
#3437=CARTESIAN_POINT('Origin',(10.0000001490116,35.0000005215406,0.));
#3438=CARTESIAN_POINT('Origin',(9.00000013411045,45.0000006705523,0.));
#3439=CARTESIAN_POINT('',(7.25000013411045,45.0000006705523,0.));
#3440=CARTESIAN_POINT('',(7.25000013411045,45.0000006705523,0.));
#3441=CARTESIAN_POINT('Origin',(9.00000013411045,45.0000006705523,0.));
#3442=CARTESIAN_POINT('Origin',(2.00000002980232,0.,0.));
#3443=CARTESIAN_POINT('',(2.00000002980232,0.,0.));
#3444=CARTESIAN_POINT('',(15.0000002235174,0.,0.));
#3445=CARTESIAN_POINT('',(0.,0.,0.));
#3446=CARTESIAN_POINT('',(15.0000002235174,0.,5.));
#3447=CARTESIAN_POINT('',(15.0000002235174,0.,0.));
#3448=CARTESIAN_POINT('',(2.00000002980232,0.,5.));
#3449=CARTESIAN_POINT('',(0.,0.,5.));
#3450=CARTESIAN_POINT('',(2.00000002980232,0.,0.));
#3451=CARTESIAN_POINT('Origin',(0.,30.0000004470348,0.));
#3452=CARTESIAN_POINT('',(0.,30.0000004470348,0.));
#3453=CARTESIAN_POINT('',(2.00000002980232,0.,0.));
#3454=CARTESIAN_POINT('',(0.,30.0000004470348,5.));
#3455=CARTESIAN_POINT('',(2.00000002980232,0.,5.));
#3456=CARTESIAN_POINT('',(0.,30.0000004470348,0.));
#3457=CARTESIAN_POINT('Origin',(2.00000002980232,52.0000007748604,0.));
#3458=CARTESIAN_POINT('',(2.00000002980232,52.0000007748604,0.));
#3459=CARTESIAN_POINT('',(0.,30.0000004470348,0.));
#3460=CARTESIAN_POINT('',(2.00000002980232,52.0000007748604,5.));
#3461=CARTESIAN_POINT('',(0.,30.0000004470348,5.));
#3462=CARTESIAN_POINT('',(2.00000002980232,52.0000007748604,0.));
#3463=CARTESIAN_POINT('Origin',(15.0000002235174,52.,0.));
#3464=CARTESIAN_POINT('',(15.0000002235174,52.0000007748604,0.));
#3465=CARTESIAN_POINT('',(20.,52.,0.));
#3466=CARTESIAN_POINT('',(15.0000002235174,52.0000007748604,5.));
#3467=CARTESIAN_POINT('',(20.,52.,5.));
#3468=CARTESIAN_POINT('',(15.0000002235174,52.0000007748604,0.));
#3469=CARTESIAN_POINT('Origin',(20.0000002980232,35.0000005215406,0.));
#3470=CARTESIAN_POINT('',(20.0000002980232,35.0000005215406,0.));
#3471=CARTESIAN_POINT('',(15.0000002235174,52.0000007748604,0.));
#3472=CARTESIAN_POINT('',(20.0000002980232,35.0000005215406,5.));
#3473=CARTESIAN_POINT('',(15.0000002235174,52.0000007748604,5.));
#3474=CARTESIAN_POINT('',(20.0000002980232,35.0000005215406,0.));
#3475=CARTESIAN_POINT('Origin',(20.,20.0000002980232,0.));
#3476=CARTESIAN_POINT('',(20.0000002980232,20.0000002980232,0.));
#3477=CARTESIAN_POINT('',(20.,0.,0.));
#3478=CARTESIAN_POINT('',(20.0000002980232,20.0000002980232,5.));
#3479=CARTESIAN_POINT('',(20.,0.,5.));
#3480=CARTESIAN_POINT('',(20.0000002980232,20.0000002980232,0.));
#3481=CARTESIAN_POINT('Origin',(15.0000002235174,4.44089209850063E-15,0.));
#3482=CARTESIAN_POINT('',(20.0000002980232,20.0000002980232,0.));
#3483=CARTESIAN_POINT('',(20.0000002980232,20.0000002980232,5.));
#3484=CARTESIAN_POINT('Origin',(10.0000001490116,26.0000003874302,5.));
#3485=CARTESIAN_POINT('Origin',(10.0000001490116,26.0000003874302,0.));
#3486=CARTESIAN_POINT('',(65.8869348991111,-65.7481063390442,4.99999999999999));
#3487=UNCERTAINTY_MEASURE_WITH_UNIT(LENGTH_MEASURE(0.01),#3493,
'DISTANCE_ACCURACY_VALUE',
'Maximum model space distance between geometric entities at asserted c
onnectivities');
#3488=UNCERTAINTY_MEASURE_WITH_UNIT(LENGTH_MEASURE(0.01),#3493,
'DISTANCE_ACCURACY_VALUE',
'Maximum model space distance between geometric entities at asserted c
onnectivities');
#3489=UNCERTAINTY_MEASURE_WITH_UNIT(LENGTH_MEASURE(0.01),#3493,
'DISTANCE_ACCURACY_VALUE',
'Maximum model space distance between geometric entities at asserted c
onnectivities');
#3490=(
GEOMETRIC_REPRESENTATION_CONTEXT(3)
GLOBAL_UNCERTAINTY_ASSIGNED_CONTEXT((#3487))
GLOBAL_UNIT_ASSIGNED_CONTEXT((#3493,#3495,#3496))
REPRESENTATION_CONTEXT('','3D')
);
#3491=(
GEOMETRIC_REPRESENTATION_CONTEXT(3)
GLOBAL_UNCERTAINTY_ASSIGNED_CONTEXT((#3488))
GLOBAL_UNIT_ASSIGNED_CONTEXT((#3493,#3495,#3496))
REPRESENTATION_CONTEXT('','3D')
);
#3492=(
GEOMETRIC_REPRESENTATION_CONTEXT(3)
GLOBAL_UNCERTAINTY_ASSIGNED_CONTEXT((#3489))
GLOBAL_UNIT_ASSIGNED_CONTEXT((#3493,#3495,#3496))
REPRESENTATION_CONTEXT('','3D')
);
#3493=(
LENGTH_UNIT()
NAMED_UNIT(*)
SI_UNIT(.MILLI.,.METRE.)
);
#3494=(
LENGTH_UNIT()
NAMED_UNIT(*)
SI_UNIT($,.METRE.)
);
#3495=(
NAMED_UNIT(*)
PLANE_ANGLE_UNIT()
SI_UNIT($,.RADIAN.)
);
#3496=(
NAMED_UNIT(*)
SI_UNIT($,.STERADIAN.)
SOLID_ANGLE_UNIT()
);
#3497=SHAPE_DEFINITION_REPRESENTATION(#3499,#3502);
#3498=SHAPE_DEFINITION_REPRESENTATION(#3500,#3503);
#3499=PRODUCT_DEFINITION_SHAPE('',$,#3505);
#3500=PRODUCT_DEFINITION_SHAPE('',$,#3506);
#3501=PRODUCT_DEFINITION_SHAPE($,$,#14);
#3502=SHAPE_REPRESENTATION('',(#2139,#2311),#3490);
#3503=SHAPE_REPRESENTATION('',(#2140),#3491);
#3504=PRODUCT_DEFINITION_CONTEXT('part definition',#3512,'design');
#3505=PRODUCT_DEFINITION('arm mount','arm mount',#3507,#3504);
#3506=PRODUCT_DEFINITION('arm','arm',#3508,#3504);
#3507=PRODUCT_DEFINITION_FORMATION('',$,#3514);
#3508=PRODUCT_DEFINITION_FORMATION('',$,#3515);
#3509=PRODUCT_RELATED_PRODUCT_CATEGORY('arm mount','arm mount',(#3514));
#3510=PRODUCT_RELATED_PRODUCT_CATEGORY('arm','arm',(#3515));
#3511=APPLICATION_PROTOCOL_DEFINITION('international standard',
'automotive_design',2009,#3512);
#3512=APPLICATION_CONTEXT(
'Core Data for Automotive Mechanical Design Process');
#3513=PRODUCT_CONTEXT('part definition',#3512,'mechanical');
#3514=PRODUCT('arm mount','arm mount',$,(#3513));
#3515=PRODUCT('arm','arm',$,(#3513));
#3516=PRESENTATION_STYLE_ASSIGNMENT((#3517));
#3517=SURFACE_STYLE_USAGE(.BOTH.,#3518);
#3518=SURFACE_SIDE_STYLE('',(#3519));
#3519=SURFACE_STYLE_FILL_AREA(#3520);
#3520=FILL_AREA_STYLE('Steel - Satin',(#3521));
#3521=FILL_AREA_STYLE_COLOUR('Steel - Satin',#3522);
#3522=COLOUR_RGB('Steel - Satin',0.627450980392157,0.627450980392157,0.627450980392157);
ENDSEC;
END-ISO-10303-21;
