ISO-10303-21;
HEADER;
/* Generated by software containing ST-Developer
 * from STEP Tools, Inc. (www.steptools.com) 
 */

FILE_DESCRIPTION(
/* description */ (''),
/* implementation_level */ '2;1');

FILE_NAME(
/* name */ 'arm.step',
/* time_stamp */ '2026-08-23T12:53:10+05:30',
/* author */ (''),
/* organization */ (''),
/* preprocessor_version */ 'ST-DEVELOPER v20.1',
/* originating_system */ 'Autodesk Translation Framework v15.8.0.0',
/* authorisation */ '');

FILE_SCHEMA (('AUTOMOTIVE_DESIGN { 1 0 10303 214 3 1 1 }'));
ENDSEC;

DATA;
#10=MECHANICAL_DESIGN_GEOMETRIC_PRESENTATION_REPRESENTATION('',(#13),#2890);
#11=SHAPE_REPRESENTATION_RELATIONSHIP('SRR','None',#2897,#12);
#12=ADVANCED_BREP_SHAPE_REPRESENTATION('',(#14),#2889);
#13=STYLED_ITEM('',(#2906),#14);
#14=MANIFOLD_SOLID_BREP('Body1',#1770);
#15=FACE_BOUND('',#282,.T.);
#16=FACE_BOUND('',#283,.T.);
#17=FACE_BOUND('',#284,.T.);
#18=FACE_BOUND('',#285,.T.);
#19=FACE_BOUND('',#286,.T.);
#20=FACE_BOUND('',#287,.T.);
#21=FACE_BOUND('',#288,.T.);
#22=FACE_BOUND('',#289,.T.);
#23=FACE_BOUND('',#290,.T.);
#24=FACE_BOUND('',#291,.T.);
#25=FACE_BOUND('',#292,.T.);
#26=FACE_BOUND('',#293,.T.);
#27=FACE_BOUND('',#294,.T.);
#28=FACE_BOUND('',#296,.T.);
#29=FACE_BOUND('',#297,.T.);
#30=FACE_BOUND('',#298,.T.);
#31=FACE_BOUND('',#299,.T.);
#32=FACE_BOUND('',#300,.T.);
#33=FACE_BOUND('',#301,.T.);
#34=FACE_BOUND('',#302,.T.);
#35=FACE_BOUND('',#303,.T.);
#36=FACE_BOUND('',#304,.T.);
#37=FACE_BOUND('',#305,.T.);
#38=FACE_BOUND('',#306,.T.);
#39=FACE_BOUND('',#307,.T.);
#40=FACE_BOUND('',#308,.T.);
#41=CIRCLE('',#1786,1.);
#42=CIRCLE('',#1787,1.);
#43=CIRCLE('',#1790,1.);
#44=CIRCLE('',#1791,1.);
#45=CIRCLE('',#1794,1.);
#46=CIRCLE('',#1795,1.);
#47=CIRCLE('',#1798,1.);
#48=CIRCLE('',#1799,1.);
#49=CIRCLE('',#1802,1.00000000000001);
#50=CIRCLE('',#1803,1.00000000000001);
#51=CIRCLE('',#1806,1.);
#52=CIRCLE('',#1807,1.);
#53=CIRCLE('',#1810,1.);
#54=CIRCLE('',#1811,1.);
#55=CIRCLE('',#1814,1.00000000000001);
#56=CIRCLE('',#1815,1.00000000000001);
#57=CIRCLE('',#1833,1.75);
#58=CIRCLE('',#1834,1.75);
#59=CIRCLE('',#1836,1.75);
#60=CIRCLE('',#1837,1.75);
#61=CIRCLE('',#1843,1.75);
#62=CIRCLE('',#1844,1.75);
#63=CIRCLE('',#1847,1.);
#64=CIRCLE('',#1848,1.);
#65=CIRCLE('',#1851,1.);
#66=CIRCLE('',#1852,1.);
#67=CIRCLE('',#1855,1.);
#68=CIRCLE('',#1856,1.);
#69=CIRCLE('',#1859,1.);
#70=CIRCLE('',#1860,1.);
#71=CIRCLE('',#1863,1.);
#72=CIRCLE('',#1864,1.);
#73=CIRCLE('',#1867,1.);
#74=CIRCLE('',#1868,1.);
#75=CIRCLE('',#1871,1.);
#76=CIRCLE('',#1872,1.);
#77=CIRCLE('',#1875,1.);
#78=CIRCLE('',#1876,1.);
#79=CIRCLE('',#1879,2.18068008618351);
#80=CIRCLE('',#1880,2.18068008618351);
#81=CIRCLE('',#1885,2.18068008618351);
#82=CIRCLE('',#1886,2.18068008618351);
#83=CIRCLE('',#1891,2.18068008618351);
#84=CIRCLE('',#1892,2.18068008618351);
#85=CIRCLE('',#1897,2.18068008618351);
#86=CIRCLE('',#1898,2.18068008618351);
#87=CIRCLE('',#1904,12.5);
#88=CIRCLE('',#1905,12.5);
#89=CYLINDRICAL_SURFACE('',#1785,1.);
#90=CYLINDRICAL_SURFACE('',#1789,1.);
#91=CYLINDRICAL_SURFACE('',#1793,1.);
#92=CYLINDRICAL_SURFACE('',#1797,1.);
#93=CYLINDRICAL_SURFACE('',#1801,1.00000000000001);
#94=CYLINDRICAL_SURFACE('',#1805,1.);
#95=CYLINDRICAL_SURFACE('',#1809,1.);
#96=CYLINDRICAL_SURFACE('',#1813,1.00000000000001);
#97=CYLINDRICAL_SURFACE('',#1832,1.75);
#98=CYLINDRICAL_SURFACE('',#1835,1.75);
#99=CYLINDRICAL_SURFACE('',#1842,1.75);
#100=CYLINDRICAL_SURFACE('',#1846,1.);
#101=CYLINDRICAL_SURFACE('',#1850,1.);
#102=CYLINDRICAL_SURFACE('',#1854,1.);
#103=CYLINDRICAL_SURFACE('',#1858,1.);
#104=CYLINDRICAL_SURFACE('',#1862,1.);
#105=CYLINDRICAL_SURFACE('',#1866,1.);
#106=CYLINDRICAL_SURFACE('',#1870,1.);
#107=CYLINDRICAL_SURFACE('',#1874,1.);
#108=CYLINDRICAL_SURFACE('',#1878,2.18068008618351);
#109=CYLINDRICAL_SURFACE('',#1884,2.18068008618351);
#110=CYLINDRICAL_SURFACE('',#1890,2.18068008618351);
#111=CYLINDRICAL_SURFACE('',#1896,2.18068008618351);
#112=CYLINDRICAL_SURFACE('',#1903,12.5);
#113=FACE_OUTER_BOUND('',#198,.T.);
#114=FACE_OUTER_BOUND('',#199,.T.);
#115=FACE_OUTER_BOUND('',#200,.T.);
#116=FACE_OUTER_BOUND('',#201,.T.);
#117=FACE_OUTER_BOUND('',#202,.T.);
#118=FACE_OUTER_BOUND('',#203,.T.);
#119=FACE_OUTER_BOUND('',#204,.T.);
#120=FACE_OUTER_BOUND('',#205,.T.);
#121=FACE_OUTER_BOUND('',#206,.T.);
#122=FACE_OUTER_BOUND('',#207,.T.);
#123=FACE_OUTER_BOUND('',#208,.T.);
#124=FACE_OUTER_BOUND('',#209,.T.);
#125=FACE_OUTER_BOUND('',#210,.T.);
#126=FACE_OUTER_BOUND('',#211,.T.);
#127=FACE_OUTER_BOUND('',#212,.T.);
#128=FACE_OUTER_BOUND('',#213,.T.);
#129=FACE_OUTER_BOUND('',#214,.T.);
#130=FACE_OUTER_BOUND('',#215,.T.);
#131=FACE_OUTER_BOUND('',#216,.T.);
#132=FACE_OUTER_BOUND('',#217,.T.);
#133=FACE_OUTER_BOUND('',#218,.T.);
#134=FACE_OUTER_BOUND('',#219,.T.);
#135=FACE_OUTER_BOUND('',#220,.T.);
#136=FACE_OUTER_BOUND('',#221,.T.);
#137=FACE_OUTER_BOUND('',#222,.T.);
#138=FACE_OUTER_BOUND('',#223,.T.);
#139=FACE_OUTER_BOUND('',#224,.T.);
#140=FACE_OUTER_BOUND('',#225,.T.);
#141=FACE_OUTER_BOUND('',#226,.T.);
#142=FACE_OUTER_BOUND('',#227,.T.);
#143=FACE_OUTER_BOUND('',#228,.T.);
#144=FACE_OUTER_BOUND('',#229,.T.);
#145=FACE_OUTER_BOUND('',#230,.T.);
#146=FACE_OUTER_BOUND('',#231,.T.);
#147=FACE_OUTER_BOUND('',#232,.T.);
#148=FACE_OUTER_BOUND('',#233,.T.);
#149=FACE_OUTER_BOUND('',#234,.T.);
#150=FACE_OUTER_BOUND('',#235,.T.);
#151=FACE_OUTER_BOUND('',#236,.T.);
#152=FACE_OUTER_BOUND('',#237,.T.);
#153=FACE_OUTER_BOUND('',#238,.T.);
#154=FACE_OUTER_BOUND('',#239,.T.);
#155=FACE_OUTER_BOUND('',#240,.T.);
#156=FACE_OUTER_BOUND('',#241,.T.);
#157=FACE_OUTER_BOUND('',#242,.T.);
#158=FACE_OUTER_BOUND('',#243,.T.);
#159=FACE_OUTER_BOUND('',#244,.T.);
#160=FACE_OUTER_BOUND('',#245,.T.);
#161=FACE_OUTER_BOUND('',#246,.T.);
#162=FACE_OUTER_BOUND('',#247,.T.);
#163=FACE_OUTER_BOUND('',#248,.T.);
#164=FACE_OUTER_BOUND('',#249,.T.);
#165=FACE_OUTER_BOUND('',#250,.T.);
#166=FACE_OUTER_BOUND('',#251,.T.);
#167=FACE_OUTER_BOUND('',#252,.T.);
#168=FACE_OUTER_BOUND('',#253,.T.);
#169=FACE_OUTER_BOUND('',#254,.T.);
#170=FACE_OUTER_BOUND('',#255,.T.);
#171=FACE_OUTER_BOUND('',#256,.T.);
#172=FACE_OUTER_BOUND('',#257,.T.);
#173=FACE_OUTER_BOUND('',#258,.T.);
#174=FACE_OUTER_BOUND('',#259,.T.);
#175=FACE_OUTER_BOUND('',#260,.T.);
#176=FACE_OUTER_BOUND('',#261,.T.);
#177=FACE_OUTER_BOUND('',#262,.T.);
#178=FACE_OUTER_BOUND('',#263,.T.);
#179=FACE_OUTER_BOUND('',#264,.T.);
#180=FACE_OUTER_BOUND('',#265,.T.);
#181=FACE_OUTER_BOUND('',#266,.T.);
#182=FACE_OUTER_BOUND('',#267,.T.);
#183=FACE_OUTER_BOUND('',#268,.T.);
#184=FACE_OUTER_BOUND('',#269,.T.);
#185=FACE_OUTER_BOUND('',#270,.T.);
#186=FACE_OUTER_BOUND('',#271,.T.);
#187=FACE_OUTER_BOUND('',#272,.T.);
#188=FACE_OUTER_BOUND('',#273,.T.);
#189=FACE_OUTER_BOUND('',#274,.T.);
#190=FACE_OUTER_BOUND('',#275,.T.);
#191=FACE_OUTER_BOUND('',#276,.T.);
#192=FACE_OUTER_BOUND('',#277,.T.);
#193=FACE_OUTER_BOUND('',#278,.T.);
#194=FACE_OUTER_BOUND('',#279,.T.);
#195=FACE_OUTER_BOUND('',#280,.T.);
#196=FACE_OUTER_BOUND('',#281,.T.);
#197=FACE_OUTER_BOUND('',#295,.T.);
#198=EDGE_LOOP('',(#1126,#1127,#1128,#1129));
#199=EDGE_LOOP('',(#1130,#1131,#1132,#1133));
#200=EDGE_LOOP('',(#1134,#1135,#1136,#1137));
#201=EDGE_LOOP('',(#1138,#1139,#1140,#1141));
#202=EDGE_LOOP('',(#1142,#1143,#1144,#1145));
#203=EDGE_LOOP('',(#1146,#1147,#1148,#1149));
#204=EDGE_LOOP('',(#1150,#1151,#1152,#1153));
#205=EDGE_LOOP('',(#1154,#1155,#1156,#1157));
#206=EDGE_LOOP('',(#1158,#1159,#1160,#1161));
#207=EDGE_LOOP('',(#1162,#1163,#1164,#1165));
#208=EDGE_LOOP('',(#1166,#1167,#1168,#1169));
#209=EDGE_LOOP('',(#1170,#1171,#1172,#1173));
#210=EDGE_LOOP('',(#1174,#1175,#1176,#1177));
#211=EDGE_LOOP('',(#1178,#1179,#1180,#1181));
#212=EDGE_LOOP('',(#1182,#1183,#1184,#1185));
#213=EDGE_LOOP('',(#1186,#1187,#1188,#1189));
#214=EDGE_LOOP('',(#1190,#1191,#1192,#1193));
#215=EDGE_LOOP('',(#1194,#1195,#1196,#1197));
#216=EDGE_LOOP('',(#1198,#1199,#1200,#1201));
#217=EDGE_LOOP('',(#1202,#1203,#1204,#1205));
#218=EDGE_LOOP('',(#1206,#1207,#1208,#1209));
#219=EDGE_LOOP('',(#1210,#1211,#1212,#1213));
#220=EDGE_LOOP('',(#1214,#1215,#1216,#1217));
#221=EDGE_LOOP('',(#1218,#1219,#1220,#1221));
#222=EDGE_LOOP('',(#1222,#1223,#1224,#1225));
#223=EDGE_LOOP('',(#1226,#1227,#1228,#1229));
#224=EDGE_LOOP('',(#1230,#1231,#1232,#1233));
#225=EDGE_LOOP('',(#1234,#1235,#1236,#1237));
#226=EDGE_LOOP('',(#1238,#1239,#1240,#1241));
#227=EDGE_LOOP('',(#1242,#1243,#1244,#1245));
#228=EDGE_LOOP('',(#1246,#1247,#1248,#1249));
#229=EDGE_LOOP('',(#1250,#1251,#1252,#1253));
#230=EDGE_LOOP('',(#1254,#1255,#1256,#1257));
#231=EDGE_LOOP('',(#1258,#1259,#1260,#1261));
#232=EDGE_LOOP('',(#1262,#1263,#1264,#1265));
#233=EDGE_LOOP('',(#1266,#1267,#1268,#1269));
#234=EDGE_LOOP('',(#1270,#1271,#1272,#1273));
#235=EDGE_LOOP('',(#1274,#1275,#1276,#1277));
#236=EDGE_LOOP('',(#1278,#1279,#1280,#1281));
#237=EDGE_LOOP('',(#1282,#1283,#1284,#1285));
#238=EDGE_LOOP('',(#1286,#1287,#1288,#1289));
#239=EDGE_LOOP('',(#1290,#1291,#1292,#1293));
#240=EDGE_LOOP('',(#1294,#1295,#1296,#1297));
#241=EDGE_LOOP('',(#1298,#1299,#1300,#1301));
#242=EDGE_LOOP('',(#1302,#1303,#1304,#1305));
#243=EDGE_LOOP('',(#1306,#1307,#1308,#1309));
#244=EDGE_LOOP('',(#1310,#1311,#1312,#1313));
#245=EDGE_LOOP('',(#1314,#1315,#1316,#1317));
#246=EDGE_LOOP('',(#1318,#1319,#1320,#1321));
#247=EDGE_LOOP('',(#1322,#1323,#1324,#1325));
#248=EDGE_LOOP('',(#1326,#1327,#1328,#1329));
#249=EDGE_LOOP('',(#1330,#1331,#1332,#1333));
#250=EDGE_LOOP('',(#1334,#1335,#1336,#1337));
#251=EDGE_LOOP('',(#1338,#1339,#1340,#1341));
#252=EDGE_LOOP('',(#1342,#1343,#1344,#1345));
#253=EDGE_LOOP('',(#1346,#1347,#1348,#1349));
#254=EDGE_LOOP('',(#1350,#1351,#1352,#1353));
#255=EDGE_LOOP('',(#1354,#1355,#1356,#1357));
#256=EDGE_LOOP('',(#1358,#1359,#1360,#1361));
#257=EDGE_LOOP('',(#1362,#1363,#1364,#1365));
#258=EDGE_LOOP('',(#1366,#1367,#1368,#1369));
#259=EDGE_LOOP('',(#1370,#1371,#1372,#1373));
#260=EDGE_LOOP('',(#1374,#1375,#1376,#1377));
#261=EDGE_LOOP('',(#1378,#1379,#1380,#1381));
#262=EDGE_LOOP('',(#1382,#1383,#1384,#1385));
#263=EDGE_LOOP('',(#1386,#1387,#1388,#1389));
#264=EDGE_LOOP('',(#1390,#1391,#1392,#1393));
#265=EDGE_LOOP('',(#1394,#1395,#1396,#1397));
#266=EDGE_LOOP('',(#1398,#1399,#1400,#1401));
#267=EDGE_LOOP('',(#1402,#1403,#1404,#1405));
#268=EDGE_LOOP('',(#1406,#1407,#1408,#1409));
#269=EDGE_LOOP('',(#1410,#1411,#1412,#1413));
#270=EDGE_LOOP('',(#1414,#1415,#1416,#1417));
#271=EDGE_LOOP('',(#1418,#1419,#1420,#1421));
#272=EDGE_LOOP('',(#1422,#1423,#1424,#1425));
#273=EDGE_LOOP('',(#1426,#1427,#1428,#1429));
#274=EDGE_LOOP('',(#1430,#1431,#1432,#1433));
#275=EDGE_LOOP('',(#1434,#1435,#1436,#1437));
#276=EDGE_LOOP('',(#1438,#1439,#1440,#1441));
#277=EDGE_LOOP('',(#1442,#1443,#1444,#1445));
#278=EDGE_LOOP('',(#1446,#1447,#1448,#1449));
#279=EDGE_LOOP('',(#1450,#1451,#1452,#1453));
#280=EDGE_LOOP('',(#1454,#1455,#1456,#1457));
#281=EDGE_LOOP('',(#1458,#1459,#1460,#1461,#1462,#1463,#1464,#1465,#1466,
#1467,#1468,#1469));
#282=EDGE_LOOP('',(#1470,#1471,#1472,#1473,#1474,#1475,#1476,#1477,#1478,
#1479,#1480,#1481,#1482,#1483,#1484,#1485));
#283=EDGE_LOOP('',(#1486,#1487,#1488,#1489,#1490,#1491,#1492,#1493));
#284=EDGE_LOOP('',(#1494,#1495,#1496,#1497,#1498,#1499,#1500,#1501));
#285=EDGE_LOOP('',(#1502));
#286=EDGE_LOOP('',(#1503,#1504,#1505,#1506));
#287=EDGE_LOOP('',(#1507));
#288=EDGE_LOOP('',(#1508));
#289=EDGE_LOOP('',(#1509,#1510,#1511,#1512));
#290=EDGE_LOOP('',(#1513,#1514,#1515,#1516));
#291=EDGE_LOOP('',(#1517,#1518,#1519,#1520));
#292=EDGE_LOOP('',(#1521,#1522,#1523,#1524));
#293=EDGE_LOOP('',(#1525,#1526,#1527,#1528,#1529,#1530,#1531,#1532));
#294=EDGE_LOOP('',(#1533,#1534,#1535,#1536,#1537,#1538,#1539,#1540));
#295=EDGE_LOOP('',(#1541,#1542,#1543,#1544,#1545,#1546,#1547,#1548,#1549,
#1550,#1551,#1552));
#296=EDGE_LOOP('',(#1553,#1554,#1555,#1556,#1557,#1558,#1559,#1560,#1561,
#1562,#1563,#1564,#1565,#1566,#1567,#1568));
#297=EDGE_LOOP('',(#1569,#1570,#1571,#1572,#1573,#1574,#1575,#1576));
#298=EDGE_LOOP('',(#1577,#1578,#1579,#1580,#1581,#1582,#1583,#1584));
#299=EDGE_LOOP('',(#1585));
#300=EDGE_LOOP('',(#1586,#1587,#1588,#1589));
#301=EDGE_LOOP('',(#1590));
#302=EDGE_LOOP('',(#1591));
#303=EDGE_LOOP('',(#1592,#1593,#1594,#1595));
#304=EDGE_LOOP('',(#1596,#1597,#1598,#1599));
#305=EDGE_LOOP('',(#1600,#1601,#1602,#1603));
#306=EDGE_LOOP('',(#1604,#1605,#1606,#1607));
#307=EDGE_LOOP('',(#1608,#1609,#1610,#1611,#1612,#1613,#1614,#1615));
#308=EDGE_LOOP('',(#1616,#1617,#1618,#1619,#1620,#1621,#1622,#1623));
#309=LINE('',#2390,#510);
#310=LINE('',#2392,#511);
#311=LINE('',#2394,#512);
#312=LINE('',#2395,#513);
#313=LINE('',#2401,#514);
#314=LINE('',#2404,#515);
#315=LINE('',#2406,#516);
#316=LINE('',#2407,#517);
#317=LINE('',#2413,#518);
#318=LINE('',#2416,#519);
#319=LINE('',#2418,#520);
#320=LINE('',#2419,#521);
#321=LINE('',#2425,#522);
#322=LINE('',#2428,#523);
#323=LINE('',#2430,#524);
#324=LINE('',#2431,#525);
#325=LINE('',#2438,#526);
#326=LINE('',#2440,#527);
#327=LINE('',#2442,#528);
#328=LINE('',#2443,#529);
#329=LINE('',#2449,#530);
#330=LINE('',#2452,#531);
#331=LINE('',#2454,#532);
#332=LINE('',#2455,#533);
#333=LINE('',#2461,#534);
#334=LINE('',#2464,#535);
#335=LINE('',#2466,#536);
#336=LINE('',#2467,#537);
#337=LINE('',#2473,#538);
#338=LINE('',#2476,#539);
#339=LINE('',#2478,#540);
#340=LINE('',#2479,#541);
#341=LINE('',#2486,#542);
#342=LINE('',#2488,#543);
#343=LINE('',#2490,#544);
#344=LINE('',#2491,#545);
#345=LINE('',#2494,#546);
#346=LINE('',#2496,#547);
#347=LINE('',#2497,#548);
#348=LINE('',#2500,#549);
#349=LINE('',#2502,#550);
#350=LINE('',#2503,#551);
#351=LINE('',#2505,#552);
#352=LINE('',#2506,#553);
#353=LINE('',#2510,#554);
#354=LINE('',#2512,#555);
#355=LINE('',#2514,#556);
#356=LINE('',#2515,#557);
#357=LINE('',#2518,#558);
#358=LINE('',#2520,#559);
#359=LINE('',#2521,#560);
#360=LINE('',#2524,#561);
#361=LINE('',#2526,#562);
#362=LINE('',#2527,#563);
#363=LINE('',#2529,#564);
#364=LINE('',#2530,#565);
#365=LINE('',#2534,#566);
#366=LINE('',#2536,#567);
#367=LINE('',#2538,#568);
#368=LINE('',#2539,#569);
#369=LINE('',#2542,#570);
#370=LINE('',#2544,#571);
#371=LINE('',#2545,#572);
#372=LINE('',#2548,#573);
#373=LINE('',#2550,#574);
#374=LINE('',#2551,#575);
#375=LINE('',#2553,#576);
#376=LINE('',#2554,#577);
#377=LINE('',#2558,#578);
#378=LINE('',#2560,#579);
#379=LINE('',#2562,#580);
#380=LINE('',#2563,#581);
#381=LINE('',#2566,#582);
#382=LINE('',#2568,#583);
#383=LINE('',#2569,#584);
#384=LINE('',#2572,#585);
#385=LINE('',#2574,#586);
#386=LINE('',#2575,#587);
#387=LINE('',#2577,#588);
#388=LINE('',#2578,#589);
#389=LINE('',#2583,#590);
#390=LINE('',#2589,#591);
#391=LINE('',#2594,#592);
#392=LINE('',#2596,#593);
#393=LINE('',#2598,#594);
#394=LINE('',#2599,#595);
#395=LINE('',#2602,#596);
#396=LINE('',#2604,#597);
#397=LINE('',#2605,#598);
#398=LINE('',#2608,#599);
#399=LINE('',#2610,#600);
#400=LINE('',#2611,#601);
#401=LINE('',#2613,#602);
#402=LINE('',#2614,#603);
#403=LINE('',#2619,#604);
#404=LINE('',#2624,#605);
#405=LINE('',#2626,#606);
#406=LINE('',#2628,#607);
#407=LINE('',#2629,#608);
#408=LINE('',#2635,#609);
#409=LINE('',#2638,#610);
#410=LINE('',#2640,#611);
#411=LINE('',#2641,#612);
#412=LINE('',#2647,#613);
#413=LINE('',#2650,#614);
#414=LINE('',#2652,#615);
#415=LINE('',#2653,#616);
#416=LINE('',#2659,#617);
#417=LINE('',#2662,#618);
#418=LINE('',#2664,#619);
#419=LINE('',#2665,#620);
#420=LINE('',#2672,#621);
#421=LINE('',#2674,#622);
#422=LINE('',#2676,#623);
#423=LINE('',#2677,#624);
#424=LINE('',#2683,#625);
#425=LINE('',#2686,#626);
#426=LINE('',#2688,#627);
#427=LINE('',#2689,#628);
#428=LINE('',#2695,#629);
#429=LINE('',#2698,#630);
#430=LINE('',#2700,#631);
#431=LINE('',#2701,#632);
#432=LINE('',#2707,#633);
#433=LINE('',#2710,#634);
#434=LINE('',#2712,#635);
#435=LINE('',#2713,#636);
#436=LINE('',#2720,#637);
#437=LINE('',#2722,#638);
#438=LINE('',#2724,#639);
#439=LINE('',#2725,#640);
#440=LINE('',#2731,#641);
#441=LINE('',#2734,#642);
#442=LINE('',#2736,#643);
#443=LINE('',#2737,#644);
#444=LINE('',#2740,#645);
#445=LINE('',#2742,#646);
#446=LINE('',#2743,#647);
#447=LINE('',#2746,#648);
#448=LINE('',#2748,#649);
#449=LINE('',#2749,#650);
#450=LINE('',#2755,#651);
#451=LINE('',#2758,#652);
#452=LINE('',#2760,#653);
#453=LINE('',#2761,#654);
#454=LINE('',#2764,#655);
#455=LINE('',#2766,#656);
#456=LINE('',#2767,#657);
#457=LINE('',#2770,#658);
#458=LINE('',#2772,#659);
#459=LINE('',#2773,#660);
#460=LINE('',#2779,#661);
#461=LINE('',#2782,#662);
#462=LINE('',#2784,#663);
#463=LINE('',#2785,#664);
#464=LINE('',#2788,#665);
#465=LINE('',#2790,#666);
#466=LINE('',#2791,#667);
#467=LINE('',#2794,#668);
#468=LINE('',#2796,#669);
#469=LINE('',#2797,#670);
#470=LINE('',#2803,#671);
#471=LINE('',#2806,#672);
#472=LINE('',#2808,#673);
#473=LINE('',#2809,#674);
#474=LINE('',#2811,#675);
#475=LINE('',#2812,#676);
#476=LINE('',#2816,#677);
#477=LINE('',#2818,#678);
#478=LINE('',#2820,#679);
#479=LINE('',#2821,#680);
#480=LINE('',#2824,#681);
#481=LINE('',#2826,#682);
#482=LINE('',#2827,#683);
#483=LINE('',#2833,#684);
#484=LINE('',#2836,#685);
#485=LINE('',#2838,#686);
#486=LINE('',#2839,#687);
#487=LINE('',#2842,#688);
#488=LINE('',#2844,#689);
#489=LINE('',#2845,#690);
#490=LINE('',#2848,#691);
#491=LINE('',#2850,#692);
#492=LINE('',#2851,#693);
#493=LINE('',#2854,#694);
#494=LINE('',#2856,#695);
#495=LINE('',#2857,#696);
#496=LINE('',#2860,#697);
#497=LINE('',#2862,#698);
#498=LINE('',#2863,#699);
#499=LINE('',#2866,#700);
#500=LINE('',#2868,#701);
#501=LINE('',#2869,#702);
#502=LINE('',#2872,#703);
#503=LINE('',#2874,#704);
#504=LINE('',#2875,#705);
#505=LINE('',#2878,#706);
#506=LINE('',#2880,#707);
#507=LINE('',#2881,#708);
#508=LINE('',#2883,#709);
#509=LINE('',#2884,#710);
#510=VECTOR('',#1921,10.);
#511=VECTOR('',#1922,10.);
#512=VECTOR('',#1923,10.);
#513=VECTOR('',#1924,10.);
#514=VECTOR('',#1931,10.);
#515=VECTOR('',#1934,10.);
#516=VECTOR('',#1935,10.);
#517=VECTOR('',#1936,10.);
#518=VECTOR('',#1943,10.);
#519=VECTOR('',#1946,10.);
#520=VECTOR('',#1947,10.);
#521=VECTOR('',#1948,10.);
#522=VECTOR('',#1955,10.);
#523=VECTOR('',#1958,10.);
#524=VECTOR('',#1959,10.);
#525=VECTOR('',#1960,10.);
#526=VECTOR('',#1969,10.);
#527=VECTOR('',#1970,10.);
#528=VECTOR('',#1971,10.);
#529=VECTOR('',#1972,10.);
#530=VECTOR('',#1979,10.);
#531=VECTOR('',#1982,10.);
#532=VECTOR('',#1983,10.);
#533=VECTOR('',#1984,10.);
#534=VECTOR('',#1991,10.);
#535=VECTOR('',#1994,10.);
#536=VECTOR('',#1995,10.);
#537=VECTOR('',#1996,10.);
#538=VECTOR('',#2003,10.);
#539=VECTOR('',#2006,10.);
#540=VECTOR('',#2007,10.);
#541=VECTOR('',#2008,10.);
#542=VECTOR('',#2017,10.);
#543=VECTOR('',#2018,10.);
#544=VECTOR('',#2019,10.);
#545=VECTOR('',#2020,10.);
#546=VECTOR('',#2023,10.);
#547=VECTOR('',#2024,10.);
#548=VECTOR('',#2025,10.);
#549=VECTOR('',#2028,10.);
#550=VECTOR('',#2029,10.);
#551=VECTOR('',#2030,10.);
#552=VECTOR('',#2033,10.);
#553=VECTOR('',#2034,10.);
#554=VECTOR('',#2037,10.);
#555=VECTOR('',#2038,10.);
#556=VECTOR('',#2039,10.);
#557=VECTOR('',#2040,10.);
#558=VECTOR('',#2043,10.);
#559=VECTOR('',#2044,10.);
#560=VECTOR('',#2045,10.);
#561=VECTOR('',#2048,10.);
#562=VECTOR('',#2049,10.);
#563=VECTOR('',#2050,10.);
#564=VECTOR('',#2053,10.);
#565=VECTOR('',#2054,10.);
#566=VECTOR('',#2057,10.);
#567=VECTOR('',#2058,10.);
#568=VECTOR('',#2059,10.);
#569=VECTOR('',#2060,10.);
#570=VECTOR('',#2063,10.);
#571=VECTOR('',#2064,10.);
#572=VECTOR('',#2065,10.);
#573=VECTOR('',#2068,10.);
#574=VECTOR('',#2069,10.);
#575=VECTOR('',#2070,10.);
#576=VECTOR('',#2073,10.);
#577=VECTOR('',#2074,10.);
#578=VECTOR('',#2077,10.);
#579=VECTOR('',#2078,10.);
#580=VECTOR('',#2079,10.);
#581=VECTOR('',#2080,10.);
#582=VECTOR('',#2083,10.);
#583=VECTOR('',#2084,10.);
#584=VECTOR('',#2085,10.);
#585=VECTOR('',#2088,10.);
#586=VECTOR('',#2089,10.);
#587=VECTOR('',#2090,10.);
#588=VECTOR('',#2093,10.);
#589=VECTOR('',#2094,10.);
#590=VECTOR('',#2099,1.75);
#591=VECTOR('',#2106,1.75);
#592=VECTOR('',#2111,10.);
#593=VECTOR('',#2112,10.);
#594=VECTOR('',#2113,10.);
#595=VECTOR('',#2114,10.);
#596=VECTOR('',#2117,10.);
#597=VECTOR('',#2118,10.);
#598=VECTOR('',#2119,10.);
#599=VECTOR('',#2122,10.);
#600=VECTOR('',#2123,10.);
#601=VECTOR('',#2124,10.);
#602=VECTOR('',#2127,10.);
#603=VECTOR('',#2128,10.);
#604=VECTOR('',#2133,1.75);
#605=VECTOR('',#2138,10.);
#606=VECTOR('',#2139,10.);
#607=VECTOR('',#2140,10.);
#608=VECTOR('',#2141,10.);
#609=VECTOR('',#2148,10.);
#610=VECTOR('',#2151,10.);
#611=VECTOR('',#2152,10.);
#612=VECTOR('',#2153,10.);
#613=VECTOR('',#2160,10.);
#614=VECTOR('',#2163,10.);
#615=VECTOR('',#2164,10.);
#616=VECTOR('',#2165,10.);
#617=VECTOR('',#2172,10.);
#618=VECTOR('',#2175,10.);
#619=VECTOR('',#2176,10.);
#620=VECTOR('',#2177,10.);
#621=VECTOR('',#2186,10.);
#622=VECTOR('',#2187,10.);
#623=VECTOR('',#2188,10.);
#624=VECTOR('',#2189,10.);
#625=VECTOR('',#2196,10.);
#626=VECTOR('',#2199,10.);
#627=VECTOR('',#2200,10.);
#628=VECTOR('',#2201,10.);
#629=VECTOR('',#2208,10.);
#630=VECTOR('',#2211,10.);
#631=VECTOR('',#2212,10.);
#632=VECTOR('',#2213,10.);
#633=VECTOR('',#2220,10.);
#634=VECTOR('',#2223,10.);
#635=VECTOR('',#2224,10.);
#636=VECTOR('',#2225,10.);
#637=VECTOR('',#2234,10.);
#638=VECTOR('',#2235,10.);
#639=VECTOR('',#2236,10.);
#640=VECTOR('',#2237,10.);
#641=VECTOR('',#2244,10.);
#642=VECTOR('',#2247,10.);
#643=VECTOR('',#2248,10.);
#644=VECTOR('',#2249,10.);
#645=VECTOR('',#2252,10.);
#646=VECTOR('',#2253,10.);
#647=VECTOR('',#2254,10.);
#648=VECTOR('',#2257,10.);
#649=VECTOR('',#2258,10.);
#650=VECTOR('',#2259,10.);
#651=VECTOR('',#2266,10.);
#652=VECTOR('',#2269,10.);
#653=VECTOR('',#2270,10.);
#654=VECTOR('',#2271,10.);
#655=VECTOR('',#2274,10.);
#656=VECTOR('',#2275,10.);
#657=VECTOR('',#2276,10.);
#658=VECTOR('',#2279,10.);
#659=VECTOR('',#2280,10.);
#660=VECTOR('',#2281,10.);
#661=VECTOR('',#2288,10.);
#662=VECTOR('',#2291,10.);
#663=VECTOR('',#2292,10.);
#664=VECTOR('',#2293,10.);
#665=VECTOR('',#2296,10.);
#666=VECTOR('',#2297,10.);
#667=VECTOR('',#2298,10.);
#668=VECTOR('',#2301,10.);
#669=VECTOR('',#2302,10.);
#670=VECTOR('',#2303,10.);
#671=VECTOR('',#2310,10.);
#672=VECTOR('',#2313,10.);
#673=VECTOR('',#2314,10.);
#674=VECTOR('',#2315,10.);
#675=VECTOR('',#2318,10.);
#676=VECTOR('',#2319,10.);
#677=VECTOR('',#2322,10.);
#678=VECTOR('',#2323,10.);
#679=VECTOR('',#2324,10.);
#680=VECTOR('',#2325,10.);
#681=VECTOR('',#2328,10.);
#682=VECTOR('',#2329,10.);
#683=VECTOR('',#2330,10.);
#684=VECTOR('',#2337,10.);
#685=VECTOR('',#2340,10.);
#686=VECTOR('',#2341,10.);
#687=VECTOR('',#2342,10.);
#688=VECTOR('',#2345,10.);
#689=VECTOR('',#2346,10.);
#690=VECTOR('',#2347,10.);
#691=VECTOR('',#2350,10.);
#692=VECTOR('',#2351,10.);
#693=VECTOR('',#2352,10.);
#694=VECTOR('',#2355,10.);
#695=VECTOR('',#2356,10.);
#696=VECTOR('',#2357,10.);
#697=VECTOR('',#2360,10.);
#698=VECTOR('',#2361,10.);
#699=VECTOR('',#2362,10.);
#700=VECTOR('',#2365,10.);
#701=VECTOR('',#2366,10.);
#702=VECTOR('',#2367,10.);
#703=VECTOR('',#2370,10.);
#704=VECTOR('',#2371,10.);
#705=VECTOR('',#2372,10.);
#706=VECTOR('',#2375,10.);
#707=VECTOR('',#2376,10.);
#708=VECTOR('',#2377,10.);
#709=VECTOR('',#2380,10.);
#710=VECTOR('',#2381,10.);
#711=VERTEX_POINT('',#2388);
#712=VERTEX_POINT('',#2389);
#713=VERTEX_POINT('',#2391);
#714=VERTEX_POINT('',#2393);
#715=VERTEX_POINT('',#2397);
#716=VERTEX_POINT('',#2399);
#717=VERTEX_POINT('',#2403);
#718=VERTEX_POINT('',#2405);
#719=VERTEX_POINT('',#2409);
#720=VERTEX_POINT('',#2411);
#721=VERTEX_POINT('',#2415);
#722=VERTEX_POINT('',#2417);
#723=VERTEX_POINT('',#2421);
#724=VERTEX_POINT('',#2423);
#725=VERTEX_POINT('',#2427);
#726=VERTEX_POINT('',#2429);
#727=VERTEX_POINT('',#2436);
#728=VERTEX_POINT('',#2437);
#729=VERTEX_POINT('',#2439);
#730=VERTEX_POINT('',#2441);
#731=VERTEX_POINT('',#2445);
#732=VERTEX_POINT('',#2447);
#733=VERTEX_POINT('',#2451);
#734=VERTEX_POINT('',#2453);
#735=VERTEX_POINT('',#2457);
#736=VERTEX_POINT('',#2459);
#737=VERTEX_POINT('',#2463);
#738=VERTEX_POINT('',#2465);
#739=VERTEX_POINT('',#2469);
#740=VERTEX_POINT('',#2471);
#741=VERTEX_POINT('',#2475);
#742=VERTEX_POINT('',#2477);
#743=VERTEX_POINT('',#2484);
#744=VERTEX_POINT('',#2485);
#745=VERTEX_POINT('',#2487);
#746=VERTEX_POINT('',#2489);
#747=VERTEX_POINT('',#2493);
#748=VERTEX_POINT('',#2495);
#749=VERTEX_POINT('',#2499);
#750=VERTEX_POINT('',#2501);
#751=VERTEX_POINT('',#2508);
#752=VERTEX_POINT('',#2509);
#753=VERTEX_POINT('',#2511);
#754=VERTEX_POINT('',#2513);
#755=VERTEX_POINT('',#2517);
#756=VERTEX_POINT('',#2519);
#757=VERTEX_POINT('',#2523);
#758=VERTEX_POINT('',#2525);
#759=VERTEX_POINT('',#2532);
#760=VERTEX_POINT('',#2533);
#761=VERTEX_POINT('',#2535);
#762=VERTEX_POINT('',#2537);
#763=VERTEX_POINT('',#2541);
#764=VERTEX_POINT('',#2543);
#765=VERTEX_POINT('',#2547);
#766=VERTEX_POINT('',#2549);
#767=VERTEX_POINT('',#2556);
#768=VERTEX_POINT('',#2557);
#769=VERTEX_POINT('',#2559);
#770=VERTEX_POINT('',#2561);
#771=VERTEX_POINT('',#2565);
#772=VERTEX_POINT('',#2567);
#773=VERTEX_POINT('',#2571);
#774=VERTEX_POINT('',#2573);
#775=VERTEX_POINT('',#2580);
#776=VERTEX_POINT('',#2582);
#777=VERTEX_POINT('',#2586);
#778=VERTEX_POINT('',#2588);
#779=VERTEX_POINT('',#2592);
#780=VERTEX_POINT('',#2593);
#781=VERTEX_POINT('',#2595);
#782=VERTEX_POINT('',#2597);
#783=VERTEX_POINT('',#2601);
#784=VERTEX_POINT('',#2603);
#785=VERTEX_POINT('',#2607);
#786=VERTEX_POINT('',#2609);
#787=VERTEX_POINT('',#2616);
#788=VERTEX_POINT('',#2618);
#789=VERTEX_POINT('',#2622);
#790=VERTEX_POINT('',#2623);
#791=VERTEX_POINT('',#2625);
#792=VERTEX_POINT('',#2627);
#793=VERTEX_POINT('',#2631);
#794=VERTEX_POINT('',#2633);
#795=VERTEX_POINT('',#2637);
#796=VERTEX_POINT('',#2639);
#797=VERTEX_POINT('',#2643);
#798=VERTEX_POINT('',#2645);
#799=VERTEX_POINT('',#2649);
#800=VERTEX_POINT('',#2651);
#801=VERTEX_POINT('',#2655);
#802=VERTEX_POINT('',#2657);
#803=VERTEX_POINT('',#2661);
#804=VERTEX_POINT('',#2663);
#805=VERTEX_POINT('',#2670);
#806=VERTEX_POINT('',#2671);
#807=VERTEX_POINT('',#2673);
#808=VERTEX_POINT('',#2675);
#809=VERTEX_POINT('',#2679);
#810=VERTEX_POINT('',#2681);
#811=VERTEX_POINT('',#2685);
#812=VERTEX_POINT('',#2687);
#813=VERTEX_POINT('',#2691);
#814=VERTEX_POINT('',#2693);
#815=VERTEX_POINT('',#2697);
#816=VERTEX_POINT('',#2699);
#817=VERTEX_POINT('',#2703);
#818=VERTEX_POINT('',#2705);
#819=VERTEX_POINT('',#2709);
#820=VERTEX_POINT('',#2711);
#821=VERTEX_POINT('',#2718);
#822=VERTEX_POINT('',#2719);
#823=VERTEX_POINT('',#2721);
#824=VERTEX_POINT('',#2723);
#825=VERTEX_POINT('',#2727);
#826=VERTEX_POINT('',#2729);
#827=VERTEX_POINT('',#2733);
#828=VERTEX_POINT('',#2735);
#829=VERTEX_POINT('',#2739);
#830=VERTEX_POINT('',#2741);
#831=VERTEX_POINT('',#2745);
#832=VERTEX_POINT('',#2747);
#833=VERTEX_POINT('',#2751);
#834=VERTEX_POINT('',#2753);
#835=VERTEX_POINT('',#2757);
#836=VERTEX_POINT('',#2759);
#837=VERTEX_POINT('',#2763);
#838=VERTEX_POINT('',#2765);
#839=VERTEX_POINT('',#2769);
#840=VERTEX_POINT('',#2771);
#841=VERTEX_POINT('',#2775);
#842=VERTEX_POINT('',#2777);
#843=VERTEX_POINT('',#2781);
#844=VERTEX_POINT('',#2783);
#845=VERTEX_POINT('',#2787);
#846=VERTEX_POINT('',#2789);
#847=VERTEX_POINT('',#2793);
#848=VERTEX_POINT('',#2795);
#849=VERTEX_POINT('',#2799);
#850=VERTEX_POINT('',#2801);
#851=VERTEX_POINT('',#2805);
#852=VERTEX_POINT('',#2807);
#853=VERTEX_POINT('',#2814);
#854=VERTEX_POINT('',#2815);
#855=VERTEX_POINT('',#2817);
#856=VERTEX_POINT('',#2819);
#857=VERTEX_POINT('',#2823);
#858=VERTEX_POINT('',#2825);
#859=VERTEX_POINT('',#2829);
#860=VERTEX_POINT('',#2831);
#861=VERTEX_POINT('',#2835);
#862=VERTEX_POINT('',#2837);
#863=VERTEX_POINT('',#2841);
#864=VERTEX_POINT('',#2843);
#865=VERTEX_POINT('',#2847);
#866=VERTEX_POINT('',#2849);
#867=VERTEX_POINT('',#2853);
#868=VERTEX_POINT('',#2855);
#869=VERTEX_POINT('',#2859);
#870=VERTEX_POINT('',#2861);
#871=VERTEX_POINT('',#2865);
#872=VERTEX_POINT('',#2867);
#873=VERTEX_POINT('',#2871);
#874=VERTEX_POINT('',#2873);
#875=VERTEX_POINT('',#2877);
#876=VERTEX_POINT('',#2879);
#877=EDGE_CURVE('',#711,#712,#309,.T.);
#878=EDGE_CURVE('',#713,#711,#310,.T.);
#879=EDGE_CURVE('',#714,#713,#311,.T.);
#880=EDGE_CURVE('',#714,#712,#312,.T.);
#881=EDGE_CURVE('',#712,#715,#41,.T.);
#882=EDGE_CURVE('',#716,#714,#42,.T.);
#883=EDGE_CURVE('',#716,#715,#313,.T.);
#884=EDGE_CURVE('',#715,#717,#314,.T.);
#885=EDGE_CURVE('',#718,#716,#315,.T.);
#886=EDGE_CURVE('',#718,#717,#316,.T.);
#887=EDGE_CURVE('',#717,#719,#43,.T.);
#888=EDGE_CURVE('',#720,#718,#44,.T.);
#889=EDGE_CURVE('',#720,#719,#317,.T.);
#890=EDGE_CURVE('',#719,#721,#318,.T.);
#891=EDGE_CURVE('',#722,#720,#319,.T.);
#892=EDGE_CURVE('',#722,#721,#320,.T.);
#893=EDGE_CURVE('',#721,#723,#45,.T.);
#894=EDGE_CURVE('',#724,#722,#46,.T.);
#895=EDGE_CURVE('',#724,#723,#321,.T.);
#896=EDGE_CURVE('',#723,#725,#322,.T.);
#897=EDGE_CURVE('',#726,#724,#323,.T.);
#898=EDGE_CURVE('',#726,#725,#324,.T.);
#899=EDGE_CURVE('',#725,#711,#47,.T.);
#900=EDGE_CURVE('',#713,#726,#48,.T.);
#901=EDGE_CURVE('',#727,#728,#325,.T.);
#902=EDGE_CURVE('',#729,#727,#326,.T.);
#903=EDGE_CURVE('',#730,#729,#327,.T.);
#904=EDGE_CURVE('',#730,#728,#328,.T.);
#905=EDGE_CURVE('',#728,#731,#49,.T.);
#906=EDGE_CURVE('',#732,#730,#50,.T.);
#907=EDGE_CURVE('',#732,#731,#329,.T.);
#908=EDGE_CURVE('',#731,#733,#330,.T.);
#909=EDGE_CURVE('',#734,#732,#331,.T.);
#910=EDGE_CURVE('',#734,#733,#332,.T.);
#911=EDGE_CURVE('',#733,#735,#51,.T.);
#912=EDGE_CURVE('',#736,#734,#52,.T.);
#913=EDGE_CURVE('',#736,#735,#333,.T.);
#914=EDGE_CURVE('',#735,#737,#334,.T.);
#915=EDGE_CURVE('',#738,#736,#335,.T.);
#916=EDGE_CURVE('',#738,#737,#336,.T.);
#917=EDGE_CURVE('',#737,#739,#53,.T.);
#918=EDGE_CURVE('',#740,#738,#54,.T.);
#919=EDGE_CURVE('',#740,#739,#337,.T.);
#920=EDGE_CURVE('',#739,#741,#338,.T.);
#921=EDGE_CURVE('',#742,#740,#339,.T.);
#922=EDGE_CURVE('',#742,#741,#340,.T.);
#923=EDGE_CURVE('',#741,#727,#55,.T.);
#924=EDGE_CURVE('',#729,#742,#56,.T.);
#925=EDGE_CURVE('',#743,#744,#341,.T.);
#926=EDGE_CURVE('',#745,#743,#342,.T.);
#927=EDGE_CURVE('',#746,#745,#343,.T.);
#928=EDGE_CURVE('',#746,#744,#344,.T.);
#929=EDGE_CURVE('',#744,#747,#345,.T.);
#930=EDGE_CURVE('',#748,#746,#346,.T.);
#931=EDGE_CURVE('',#748,#747,#347,.T.);
#932=EDGE_CURVE('',#747,#749,#348,.T.);
#933=EDGE_CURVE('',#750,#748,#349,.T.);
#934=EDGE_CURVE('',#750,#749,#350,.T.);
#935=EDGE_CURVE('',#749,#743,#351,.T.);
#936=EDGE_CURVE('',#745,#750,#352,.T.);
#937=EDGE_CURVE('',#751,#752,#353,.T.);
#938=EDGE_CURVE('',#753,#751,#354,.T.);
#939=EDGE_CURVE('',#754,#753,#355,.T.);
#940=EDGE_CURVE('',#754,#752,#356,.T.);
#941=EDGE_CURVE('',#752,#755,#357,.T.);
#942=EDGE_CURVE('',#756,#754,#358,.T.);
#943=EDGE_CURVE('',#756,#755,#359,.T.);
#944=EDGE_CURVE('',#755,#757,#360,.T.);
#945=EDGE_CURVE('',#758,#756,#361,.T.);
#946=EDGE_CURVE('',#758,#757,#362,.T.);
#947=EDGE_CURVE('',#757,#751,#363,.T.);
#948=EDGE_CURVE('',#753,#758,#364,.T.);
#949=EDGE_CURVE('',#759,#760,#365,.T.);
#950=EDGE_CURVE('',#761,#759,#366,.T.);
#951=EDGE_CURVE('',#762,#761,#367,.T.);
#952=EDGE_CURVE('',#762,#760,#368,.T.);
#953=EDGE_CURVE('',#760,#763,#369,.T.);
#954=EDGE_CURVE('',#764,#762,#370,.T.);
#955=EDGE_CURVE('',#764,#763,#371,.T.);
#956=EDGE_CURVE('',#763,#765,#372,.T.);
#957=EDGE_CURVE('',#766,#764,#373,.T.);
#958=EDGE_CURVE('',#766,#765,#374,.T.);
#959=EDGE_CURVE('',#765,#759,#375,.T.);
#960=EDGE_CURVE('',#761,#766,#376,.T.);
#961=EDGE_CURVE('',#767,#768,#377,.T.);
#962=EDGE_CURVE('',#769,#767,#378,.T.);
#963=EDGE_CURVE('',#770,#769,#379,.T.);
#964=EDGE_CURVE('',#770,#768,#380,.T.);
#965=EDGE_CURVE('',#768,#771,#381,.T.);
#966=EDGE_CURVE('',#772,#770,#382,.T.);
#967=EDGE_CURVE('',#772,#771,#383,.T.);
#968=EDGE_CURVE('',#771,#773,#384,.T.);
#969=EDGE_CURVE('',#774,#772,#385,.T.);
#970=EDGE_CURVE('',#774,#773,#386,.T.);
#971=EDGE_CURVE('',#773,#767,#387,.T.);
#972=EDGE_CURVE('',#769,#774,#388,.T.);
#973=EDGE_CURVE('',#775,#775,#57,.T.);
#974=EDGE_CURVE('',#775,#776,#389,.T.);
#975=EDGE_CURVE('',#776,#776,#58,.T.);
#976=EDGE_CURVE('',#777,#777,#59,.T.);
#977=EDGE_CURVE('',#777,#778,#390,.T.);
#978=EDGE_CURVE('',#778,#778,#60,.T.);
#979=EDGE_CURVE('',#779,#780,#391,.T.);
#980=EDGE_CURVE('',#781,#779,#392,.T.);
#981=EDGE_CURVE('',#782,#781,#393,.T.);
#982=EDGE_CURVE('',#782,#780,#394,.T.);
#983=EDGE_CURVE('',#780,#783,#395,.T.);
#984=EDGE_CURVE('',#784,#782,#396,.T.);
#985=EDGE_CURVE('',#784,#783,#397,.T.);
#986=EDGE_CURVE('',#783,#785,#398,.T.);
#987=EDGE_CURVE('',#786,#784,#399,.T.);
#988=EDGE_CURVE('',#786,#785,#400,.T.);
#989=EDGE_CURVE('',#785,#779,#401,.T.);
#990=EDGE_CURVE('',#781,#786,#402,.T.);
#991=EDGE_CURVE('',#787,#787,#61,.T.);
#992=EDGE_CURVE('',#787,#788,#403,.T.);
#993=EDGE_CURVE('',#788,#788,#62,.T.);
#994=EDGE_CURVE('',#789,#790,#404,.T.);
#995=EDGE_CURVE('',#791,#789,#405,.T.);
#996=EDGE_CURVE('',#792,#791,#406,.T.);
#997=EDGE_CURVE('',#792,#790,#407,.T.);
#998=EDGE_CURVE('',#790,#793,#63,.T.);
#999=EDGE_CURVE('',#794,#792,#64,.T.);
#1000=EDGE_CURVE('',#794,#793,#408,.T.);
#1001=EDGE_CURVE('',#793,#795,#409,.T.);
#1002=EDGE_CURVE('',#796,#794,#410,.T.);
#1003=EDGE_CURVE('',#796,#795,#411,.T.);
#1004=EDGE_CURVE('',#795,#797,#65,.T.);
#1005=EDGE_CURVE('',#798,#796,#66,.T.);
#1006=EDGE_CURVE('',#798,#797,#412,.T.);
#1007=EDGE_CURVE('',#797,#799,#413,.T.);
#1008=EDGE_CURVE('',#800,#798,#414,.T.);
#1009=EDGE_CURVE('',#800,#799,#415,.T.);
#1010=EDGE_CURVE('',#799,#801,#67,.T.);
#1011=EDGE_CURVE('',#802,#800,#68,.T.);
#1012=EDGE_CURVE('',#802,#801,#416,.T.);
#1013=EDGE_CURVE('',#801,#803,#417,.T.);
#1014=EDGE_CURVE('',#804,#802,#418,.T.);
#1015=EDGE_CURVE('',#804,#803,#419,.T.);
#1016=EDGE_CURVE('',#803,#789,#69,.T.);
#1017=EDGE_CURVE('',#791,#804,#70,.T.);
#1018=EDGE_CURVE('',#805,#806,#420,.T.);
#1019=EDGE_CURVE('',#807,#805,#421,.T.);
#1020=EDGE_CURVE('',#808,#807,#422,.T.);
#1021=EDGE_CURVE('',#808,#806,#423,.T.);
#1022=EDGE_CURVE('',#806,#809,#71,.T.);
#1023=EDGE_CURVE('',#810,#808,#72,.T.);
#1024=EDGE_CURVE('',#810,#809,#424,.T.);
#1025=EDGE_CURVE('',#809,#811,#425,.T.);
#1026=EDGE_CURVE('',#812,#810,#426,.T.);
#1027=EDGE_CURVE('',#812,#811,#427,.T.);
#1028=EDGE_CURVE('',#811,#813,#73,.T.);
#1029=EDGE_CURVE('',#814,#812,#74,.T.);
#1030=EDGE_CURVE('',#814,#813,#428,.T.);
#1031=EDGE_CURVE('',#813,#815,#429,.T.);
#1032=EDGE_CURVE('',#816,#814,#430,.T.);
#1033=EDGE_CURVE('',#816,#815,#431,.T.);
#1034=EDGE_CURVE('',#815,#817,#75,.T.);
#1035=EDGE_CURVE('',#818,#816,#76,.T.);
#1036=EDGE_CURVE('',#818,#817,#432,.T.);
#1037=EDGE_CURVE('',#817,#819,#433,.T.);
#1038=EDGE_CURVE('',#820,#818,#434,.T.);
#1039=EDGE_CURVE('',#820,#819,#435,.T.);
#1040=EDGE_CURVE('',#819,#805,#77,.T.);
#1041=EDGE_CURVE('',#807,#820,#78,.T.);
#1042=EDGE_CURVE('',#821,#822,#436,.T.);
#1043=EDGE_CURVE('',#823,#821,#437,.T.);
#1044=EDGE_CURVE('',#824,#823,#438,.T.);
#1045=EDGE_CURVE('',#824,#822,#439,.T.);
#1046=EDGE_CURVE('',#822,#825,#79,.T.);
#1047=EDGE_CURVE('',#826,#824,#80,.T.);
#1048=EDGE_CURVE('',#826,#825,#440,.T.);
#1049=EDGE_CURVE('',#825,#827,#441,.T.);
#1050=EDGE_CURVE('',#828,#826,#442,.T.);
#1051=EDGE_CURVE('',#828,#827,#443,.T.);
#1052=EDGE_CURVE('',#827,#829,#444,.T.);
#1053=EDGE_CURVE('',#830,#828,#445,.T.);
#1054=EDGE_CURVE('',#830,#829,#446,.T.);
#1055=EDGE_CURVE('',#829,#831,#447,.T.);
#1056=EDGE_CURVE('',#832,#830,#448,.T.);
#1057=EDGE_CURVE('',#832,#831,#449,.T.);
#1058=EDGE_CURVE('',#831,#833,#81,.T.);
#1059=EDGE_CURVE('',#834,#832,#82,.T.);
#1060=EDGE_CURVE('',#834,#833,#450,.T.);
#1061=EDGE_CURVE('',#833,#835,#451,.T.);
#1062=EDGE_CURVE('',#836,#834,#452,.T.);
#1063=EDGE_CURVE('',#836,#835,#453,.T.);
#1064=EDGE_CURVE('',#835,#837,#454,.T.);
#1065=EDGE_CURVE('',#838,#836,#455,.T.);
#1066=EDGE_CURVE('',#838,#837,#456,.T.);
#1067=EDGE_CURVE('',#837,#839,#457,.T.);
#1068=EDGE_CURVE('',#840,#838,#458,.T.);
#1069=EDGE_CURVE('',#840,#839,#459,.T.);
#1070=EDGE_CURVE('',#839,#841,#83,.T.);
#1071=EDGE_CURVE('',#842,#840,#84,.T.);
#1072=EDGE_CURVE('',#842,#841,#460,.T.);
#1073=EDGE_CURVE('',#841,#843,#461,.T.);
#1074=EDGE_CURVE('',#844,#842,#462,.T.);
#1075=EDGE_CURVE('',#844,#843,#463,.T.);
#1076=EDGE_CURVE('',#843,#845,#464,.T.);
#1077=EDGE_CURVE('',#846,#844,#465,.T.);
#1078=EDGE_CURVE('',#846,#845,#466,.T.);
#1079=EDGE_CURVE('',#845,#847,#467,.T.);
#1080=EDGE_CURVE('',#848,#846,#468,.T.);
#1081=EDGE_CURVE('',#848,#847,#469,.T.);
#1082=EDGE_CURVE('',#847,#849,#85,.T.);
#1083=EDGE_CURVE('',#850,#848,#86,.T.);
#1084=EDGE_CURVE('',#850,#849,#470,.T.);
#1085=EDGE_CURVE('',#849,#851,#471,.T.);
#1086=EDGE_CURVE('',#852,#850,#472,.T.);
#1087=EDGE_CURVE('',#852,#851,#473,.T.);
#1088=EDGE_CURVE('',#851,#821,#474,.T.);
#1089=EDGE_CURVE('',#823,#852,#475,.T.);
#1090=EDGE_CURVE('',#853,#854,#476,.T.);
#1091=EDGE_CURVE('',#853,#855,#477,.T.);
#1092=EDGE_CURVE('',#856,#855,#478,.T.);
#1093=EDGE_CURVE('',#854,#856,#479,.T.);
#1094=EDGE_CURVE('',#854,#857,#480,.T.);
#1095=EDGE_CURVE('',#858,#856,#481,.T.);
#1096=EDGE_CURVE('',#857,#858,#482,.T.);
#1097=EDGE_CURVE('',#859,#857,#87,.T.);
#1098=EDGE_CURVE('',#860,#858,#88,.T.);
#1099=EDGE_CURVE('',#859,#860,#483,.T.);
#1100=EDGE_CURVE('',#861,#859,#484,.T.);
#1101=EDGE_CURVE('',#862,#860,#485,.T.);
#1102=EDGE_CURVE('',#861,#862,#486,.T.);
#1103=EDGE_CURVE('',#863,#861,#487,.T.);
#1104=EDGE_CURVE('',#864,#862,#488,.T.);
#1105=EDGE_CURVE('',#863,#864,#489,.T.);
#1106=EDGE_CURVE('',#865,#863,#490,.T.);
#1107=EDGE_CURVE('',#866,#864,#491,.T.);
#1108=EDGE_CURVE('',#865,#866,#492,.T.);
#1109=EDGE_CURVE('',#867,#865,#493,.T.);
#1110=EDGE_CURVE('',#868,#866,#494,.T.);
#1111=EDGE_CURVE('',#867,#868,#495,.T.);
#1112=EDGE_CURVE('',#869,#867,#496,.T.);
#1113=EDGE_CURVE('',#870,#868,#497,.T.);
#1114=EDGE_CURVE('',#869,#870,#498,.T.);
#1115=EDGE_CURVE('',#871,#869,#499,.T.);
#1116=EDGE_CURVE('',#872,#870,#500,.T.);
#1117=EDGE_CURVE('',#871,#872,#501,.T.);
#1118=EDGE_CURVE('',#873,#871,#502,.T.);
#1119=EDGE_CURVE('',#874,#872,#503,.T.);
#1120=EDGE_CURVE('',#873,#874,#504,.T.);
#1121=EDGE_CURVE('',#875,#873,#505,.T.);
#1122=EDGE_CURVE('',#876,#874,#506,.T.);
#1123=EDGE_CURVE('',#875,#876,#507,.T.);
#1124=EDGE_CURVE('',#875,#853,#508,.T.);
#1125=EDGE_CURVE('',#855,#876,#509,.T.);
#1126=ORIENTED_EDGE('',*,*,#877,.F.);
#1127=ORIENTED_EDGE('',*,*,#878,.F.);
#1128=ORIENTED_EDGE('',*,*,#879,.F.);
#1129=ORIENTED_EDGE('',*,*,#880,.T.);
#1130=ORIENTED_EDGE('',*,*,#881,.F.);
#1131=ORIENTED_EDGE('',*,*,#880,.F.);
#1132=ORIENTED_EDGE('',*,*,#882,.F.);
#1133=ORIENTED_EDGE('',*,*,#883,.T.);
#1134=ORIENTED_EDGE('',*,*,#884,.F.);
#1135=ORIENTED_EDGE('',*,*,#883,.F.);
#1136=ORIENTED_EDGE('',*,*,#885,.F.);
#1137=ORIENTED_EDGE('',*,*,#886,.T.);
#1138=ORIENTED_EDGE('',*,*,#887,.F.);
#1139=ORIENTED_EDGE('',*,*,#886,.F.);
#1140=ORIENTED_EDGE('',*,*,#888,.F.);
#1141=ORIENTED_EDGE('',*,*,#889,.T.);
#1142=ORIENTED_EDGE('',*,*,#890,.F.);
#1143=ORIENTED_EDGE('',*,*,#889,.F.);
#1144=ORIENTED_EDGE('',*,*,#891,.F.);
#1145=ORIENTED_EDGE('',*,*,#892,.T.);
#1146=ORIENTED_EDGE('',*,*,#893,.F.);
#1147=ORIENTED_EDGE('',*,*,#892,.F.);
#1148=ORIENTED_EDGE('',*,*,#894,.F.);
#1149=ORIENTED_EDGE('',*,*,#895,.T.);
#1150=ORIENTED_EDGE('',*,*,#896,.F.);
#1151=ORIENTED_EDGE('',*,*,#895,.F.);
#1152=ORIENTED_EDGE('',*,*,#897,.F.);
#1153=ORIENTED_EDGE('',*,*,#898,.T.);
#1154=ORIENTED_EDGE('',*,*,#899,.F.);
#1155=ORIENTED_EDGE('',*,*,#898,.F.);
#1156=ORIENTED_EDGE('',*,*,#900,.F.);
#1157=ORIENTED_EDGE('',*,*,#878,.T.);
#1158=ORIENTED_EDGE('',*,*,#901,.F.);
#1159=ORIENTED_EDGE('',*,*,#902,.F.);
#1160=ORIENTED_EDGE('',*,*,#903,.F.);
#1161=ORIENTED_EDGE('',*,*,#904,.T.);
#1162=ORIENTED_EDGE('',*,*,#905,.F.);
#1163=ORIENTED_EDGE('',*,*,#904,.F.);
#1164=ORIENTED_EDGE('',*,*,#906,.F.);
#1165=ORIENTED_EDGE('',*,*,#907,.T.);
#1166=ORIENTED_EDGE('',*,*,#908,.F.);
#1167=ORIENTED_EDGE('',*,*,#907,.F.);
#1168=ORIENTED_EDGE('',*,*,#909,.F.);
#1169=ORIENTED_EDGE('',*,*,#910,.T.);
#1170=ORIENTED_EDGE('',*,*,#911,.F.);
#1171=ORIENTED_EDGE('',*,*,#910,.F.);
#1172=ORIENTED_EDGE('',*,*,#912,.F.);
#1173=ORIENTED_EDGE('',*,*,#913,.T.);
#1174=ORIENTED_EDGE('',*,*,#914,.F.);
#1175=ORIENTED_EDGE('',*,*,#913,.F.);
#1176=ORIENTED_EDGE('',*,*,#915,.F.);
#1177=ORIENTED_EDGE('',*,*,#916,.T.);
#1178=ORIENTED_EDGE('',*,*,#917,.F.);
#1179=ORIENTED_EDGE('',*,*,#916,.F.);
#1180=ORIENTED_EDGE('',*,*,#918,.F.);
#1181=ORIENTED_EDGE('',*,*,#919,.T.);
#1182=ORIENTED_EDGE('',*,*,#920,.F.);
#1183=ORIENTED_EDGE('',*,*,#919,.F.);
#1184=ORIENTED_EDGE('',*,*,#921,.F.);
#1185=ORIENTED_EDGE('',*,*,#922,.T.);
#1186=ORIENTED_EDGE('',*,*,#923,.F.);
#1187=ORIENTED_EDGE('',*,*,#922,.F.);
#1188=ORIENTED_EDGE('',*,*,#924,.F.);
#1189=ORIENTED_EDGE('',*,*,#902,.T.);
#1190=ORIENTED_EDGE('',*,*,#925,.F.);
#1191=ORIENTED_EDGE('',*,*,#926,.F.);
#1192=ORIENTED_EDGE('',*,*,#927,.F.);
#1193=ORIENTED_EDGE('',*,*,#928,.T.);
#1194=ORIENTED_EDGE('',*,*,#929,.F.);
#1195=ORIENTED_EDGE('',*,*,#928,.F.);
#1196=ORIENTED_EDGE('',*,*,#930,.F.);
#1197=ORIENTED_EDGE('',*,*,#931,.T.);
#1198=ORIENTED_EDGE('',*,*,#932,.F.);
#1199=ORIENTED_EDGE('',*,*,#931,.F.);
#1200=ORIENTED_EDGE('',*,*,#933,.F.);
#1201=ORIENTED_EDGE('',*,*,#934,.T.);
#1202=ORIENTED_EDGE('',*,*,#935,.F.);
#1203=ORIENTED_EDGE('',*,*,#934,.F.);
#1204=ORIENTED_EDGE('',*,*,#936,.F.);
#1205=ORIENTED_EDGE('',*,*,#926,.T.);
#1206=ORIENTED_EDGE('',*,*,#937,.F.);
#1207=ORIENTED_EDGE('',*,*,#938,.F.);
#1208=ORIENTED_EDGE('',*,*,#939,.F.);
#1209=ORIENTED_EDGE('',*,*,#940,.T.);
#1210=ORIENTED_EDGE('',*,*,#941,.F.);
#1211=ORIENTED_EDGE('',*,*,#940,.F.);
#1212=ORIENTED_EDGE('',*,*,#942,.F.);
#1213=ORIENTED_EDGE('',*,*,#943,.T.);
#1214=ORIENTED_EDGE('',*,*,#944,.F.);
#1215=ORIENTED_EDGE('',*,*,#943,.F.);
#1216=ORIENTED_EDGE('',*,*,#945,.F.);
#1217=ORIENTED_EDGE('',*,*,#946,.T.);
#1218=ORIENTED_EDGE('',*,*,#947,.F.);
#1219=ORIENTED_EDGE('',*,*,#946,.F.);
#1220=ORIENTED_EDGE('',*,*,#948,.F.);
#1221=ORIENTED_EDGE('',*,*,#938,.T.);
#1222=ORIENTED_EDGE('',*,*,#949,.F.);
#1223=ORIENTED_EDGE('',*,*,#950,.F.);
#1224=ORIENTED_EDGE('',*,*,#951,.F.);
#1225=ORIENTED_EDGE('',*,*,#952,.T.);
#1226=ORIENTED_EDGE('',*,*,#953,.F.);
#1227=ORIENTED_EDGE('',*,*,#952,.F.);
#1228=ORIENTED_EDGE('',*,*,#954,.F.);
#1229=ORIENTED_EDGE('',*,*,#955,.T.);
#1230=ORIENTED_EDGE('',*,*,#956,.F.);
#1231=ORIENTED_EDGE('',*,*,#955,.F.);
#1232=ORIENTED_EDGE('',*,*,#957,.F.);
#1233=ORIENTED_EDGE('',*,*,#958,.T.);
#1234=ORIENTED_EDGE('',*,*,#959,.F.);
#1235=ORIENTED_EDGE('',*,*,#958,.F.);
#1236=ORIENTED_EDGE('',*,*,#960,.F.);
#1237=ORIENTED_EDGE('',*,*,#950,.T.);
#1238=ORIENTED_EDGE('',*,*,#961,.F.);
#1239=ORIENTED_EDGE('',*,*,#962,.F.);
#1240=ORIENTED_EDGE('',*,*,#963,.F.);
#1241=ORIENTED_EDGE('',*,*,#964,.T.);
#1242=ORIENTED_EDGE('',*,*,#965,.F.);
#1243=ORIENTED_EDGE('',*,*,#964,.F.);
#1244=ORIENTED_EDGE('',*,*,#966,.F.);
#1245=ORIENTED_EDGE('',*,*,#967,.T.);
#1246=ORIENTED_EDGE('',*,*,#968,.F.);
#1247=ORIENTED_EDGE('',*,*,#967,.F.);
#1248=ORIENTED_EDGE('',*,*,#969,.F.);
#1249=ORIENTED_EDGE('',*,*,#970,.T.);
#1250=ORIENTED_EDGE('',*,*,#971,.F.);
#1251=ORIENTED_EDGE('',*,*,#970,.F.);
#1252=ORIENTED_EDGE('',*,*,#972,.F.);
#1253=ORIENTED_EDGE('',*,*,#962,.T.);
#1254=ORIENTED_EDGE('',*,*,#973,.F.);
#1255=ORIENTED_EDGE('',*,*,#974,.T.);
#1256=ORIENTED_EDGE('',*,*,#975,.F.);
#1257=ORIENTED_EDGE('',*,*,#974,.F.);
#1258=ORIENTED_EDGE('',*,*,#976,.F.);
#1259=ORIENTED_EDGE('',*,*,#977,.T.);
#1260=ORIENTED_EDGE('',*,*,#978,.F.);
#1261=ORIENTED_EDGE('',*,*,#977,.F.);
#1262=ORIENTED_EDGE('',*,*,#979,.F.);
#1263=ORIENTED_EDGE('',*,*,#980,.F.);
#1264=ORIENTED_EDGE('',*,*,#981,.F.);
#1265=ORIENTED_EDGE('',*,*,#982,.T.);
#1266=ORIENTED_EDGE('',*,*,#983,.F.);
#1267=ORIENTED_EDGE('',*,*,#982,.F.);
#1268=ORIENTED_EDGE('',*,*,#984,.F.);
#1269=ORIENTED_EDGE('',*,*,#985,.T.);
#1270=ORIENTED_EDGE('',*,*,#986,.F.);
#1271=ORIENTED_EDGE('',*,*,#985,.F.);
#1272=ORIENTED_EDGE('',*,*,#987,.F.);
#1273=ORIENTED_EDGE('',*,*,#988,.T.);
#1274=ORIENTED_EDGE('',*,*,#989,.F.);
#1275=ORIENTED_EDGE('',*,*,#988,.F.);
#1276=ORIENTED_EDGE('',*,*,#990,.F.);
#1277=ORIENTED_EDGE('',*,*,#980,.T.);
#1278=ORIENTED_EDGE('',*,*,#991,.F.);
#1279=ORIENTED_EDGE('',*,*,#992,.T.);
#1280=ORIENTED_EDGE('',*,*,#993,.F.);
#1281=ORIENTED_EDGE('',*,*,#992,.F.);
#1282=ORIENTED_EDGE('',*,*,#994,.F.);
#1283=ORIENTED_EDGE('',*,*,#995,.F.);
#1284=ORIENTED_EDGE('',*,*,#996,.F.);
#1285=ORIENTED_EDGE('',*,*,#997,.T.);
#1286=ORIENTED_EDGE('',*,*,#998,.F.);
#1287=ORIENTED_EDGE('',*,*,#997,.F.);
#1288=ORIENTED_EDGE('',*,*,#999,.F.);
#1289=ORIENTED_EDGE('',*,*,#1000,.T.);
#1290=ORIENTED_EDGE('',*,*,#1001,.F.);
#1291=ORIENTED_EDGE('',*,*,#1000,.F.);
#1292=ORIENTED_EDGE('',*,*,#1002,.F.);
#1293=ORIENTED_EDGE('',*,*,#1003,.T.);
#1294=ORIENTED_EDGE('',*,*,#1004,.F.);
#1295=ORIENTED_EDGE('',*,*,#1003,.F.);
#1296=ORIENTED_EDGE('',*,*,#1005,.F.);
#1297=ORIENTED_EDGE('',*,*,#1006,.T.);
#1298=ORIENTED_EDGE('',*,*,#1007,.F.);
#1299=ORIENTED_EDGE('',*,*,#1006,.F.);
#1300=ORIENTED_EDGE('',*,*,#1008,.F.);
#1301=ORIENTED_EDGE('',*,*,#1009,.T.);
#1302=ORIENTED_EDGE('',*,*,#1010,.F.);
#1303=ORIENTED_EDGE('',*,*,#1009,.F.);
#1304=ORIENTED_EDGE('',*,*,#1011,.F.);
#1305=ORIENTED_EDGE('',*,*,#1012,.T.);
#1306=ORIENTED_EDGE('',*,*,#1013,.F.);
#1307=ORIENTED_EDGE('',*,*,#1012,.F.);
#1308=ORIENTED_EDGE('',*,*,#1014,.F.);
#1309=ORIENTED_EDGE('',*,*,#1015,.T.);
#1310=ORIENTED_EDGE('',*,*,#1016,.F.);
#1311=ORIENTED_EDGE('',*,*,#1015,.F.);
#1312=ORIENTED_EDGE('',*,*,#1017,.F.);
#1313=ORIENTED_EDGE('',*,*,#995,.T.);
#1314=ORIENTED_EDGE('',*,*,#1018,.F.);
#1315=ORIENTED_EDGE('',*,*,#1019,.F.);
#1316=ORIENTED_EDGE('',*,*,#1020,.F.);
#1317=ORIENTED_EDGE('',*,*,#1021,.T.);
#1318=ORIENTED_EDGE('',*,*,#1022,.F.);
#1319=ORIENTED_EDGE('',*,*,#1021,.F.);
#1320=ORIENTED_EDGE('',*,*,#1023,.F.);
#1321=ORIENTED_EDGE('',*,*,#1024,.T.);
#1322=ORIENTED_EDGE('',*,*,#1025,.F.);
#1323=ORIENTED_EDGE('',*,*,#1024,.F.);
#1324=ORIENTED_EDGE('',*,*,#1026,.F.);
#1325=ORIENTED_EDGE('',*,*,#1027,.T.);
#1326=ORIENTED_EDGE('',*,*,#1028,.F.);
#1327=ORIENTED_EDGE('',*,*,#1027,.F.);
#1328=ORIENTED_EDGE('',*,*,#1029,.F.);
#1329=ORIENTED_EDGE('',*,*,#1030,.T.);
#1330=ORIENTED_EDGE('',*,*,#1031,.F.);
#1331=ORIENTED_EDGE('',*,*,#1030,.F.);
#1332=ORIENTED_EDGE('',*,*,#1032,.F.);
#1333=ORIENTED_EDGE('',*,*,#1033,.T.);
#1334=ORIENTED_EDGE('',*,*,#1034,.F.);
#1335=ORIENTED_EDGE('',*,*,#1033,.F.);
#1336=ORIENTED_EDGE('',*,*,#1035,.F.);
#1337=ORIENTED_EDGE('',*,*,#1036,.T.);
#1338=ORIENTED_EDGE('',*,*,#1037,.F.);
#1339=ORIENTED_EDGE('',*,*,#1036,.F.);
#1340=ORIENTED_EDGE('',*,*,#1038,.F.);
#1341=ORIENTED_EDGE('',*,*,#1039,.T.);
#1342=ORIENTED_EDGE('',*,*,#1040,.F.);
#1343=ORIENTED_EDGE('',*,*,#1039,.F.);
#1344=ORIENTED_EDGE('',*,*,#1041,.F.);
#1345=ORIENTED_EDGE('',*,*,#1019,.T.);
#1346=ORIENTED_EDGE('',*,*,#1042,.F.);
#1347=ORIENTED_EDGE('',*,*,#1043,.F.);
#1348=ORIENTED_EDGE('',*,*,#1044,.F.);
#1349=ORIENTED_EDGE('',*,*,#1045,.T.);
#1350=ORIENTED_EDGE('',*,*,#1046,.F.);
#1351=ORIENTED_EDGE('',*,*,#1045,.F.);
#1352=ORIENTED_EDGE('',*,*,#1047,.F.);
#1353=ORIENTED_EDGE('',*,*,#1048,.T.);
#1354=ORIENTED_EDGE('',*,*,#1049,.F.);
#1355=ORIENTED_EDGE('',*,*,#1048,.F.);
#1356=ORIENTED_EDGE('',*,*,#1050,.F.);
#1357=ORIENTED_EDGE('',*,*,#1051,.T.);
#1358=ORIENTED_EDGE('',*,*,#1052,.F.);
#1359=ORIENTED_EDGE('',*,*,#1051,.F.);
#1360=ORIENTED_EDGE('',*,*,#1053,.F.);
#1361=ORIENTED_EDGE('',*,*,#1054,.T.);
#1362=ORIENTED_EDGE('',*,*,#1055,.F.);
#1363=ORIENTED_EDGE('',*,*,#1054,.F.);
#1364=ORIENTED_EDGE('',*,*,#1056,.F.);
#1365=ORIENTED_EDGE('',*,*,#1057,.T.);
#1366=ORIENTED_EDGE('',*,*,#1058,.F.);
#1367=ORIENTED_EDGE('',*,*,#1057,.F.);
#1368=ORIENTED_EDGE('',*,*,#1059,.F.);
#1369=ORIENTED_EDGE('',*,*,#1060,.T.);
#1370=ORIENTED_EDGE('',*,*,#1061,.F.);
#1371=ORIENTED_EDGE('',*,*,#1060,.F.);
#1372=ORIENTED_EDGE('',*,*,#1062,.F.);
#1373=ORIENTED_EDGE('',*,*,#1063,.T.);
#1374=ORIENTED_EDGE('',*,*,#1064,.F.);
#1375=ORIENTED_EDGE('',*,*,#1063,.F.);
#1376=ORIENTED_EDGE('',*,*,#1065,.F.);
#1377=ORIENTED_EDGE('',*,*,#1066,.T.);
#1378=ORIENTED_EDGE('',*,*,#1067,.F.);
#1379=ORIENTED_EDGE('',*,*,#1066,.F.);
#1380=ORIENTED_EDGE('',*,*,#1068,.F.);
#1381=ORIENTED_EDGE('',*,*,#1069,.T.);
#1382=ORIENTED_EDGE('',*,*,#1070,.F.);
#1383=ORIENTED_EDGE('',*,*,#1069,.F.);
#1384=ORIENTED_EDGE('',*,*,#1071,.F.);
#1385=ORIENTED_EDGE('',*,*,#1072,.T.);
#1386=ORIENTED_EDGE('',*,*,#1073,.F.);
#1387=ORIENTED_EDGE('',*,*,#1072,.F.);
#1388=ORIENTED_EDGE('',*,*,#1074,.F.);
#1389=ORIENTED_EDGE('',*,*,#1075,.T.);
#1390=ORIENTED_EDGE('',*,*,#1076,.F.);
#1391=ORIENTED_EDGE('',*,*,#1075,.F.);
#1392=ORIENTED_EDGE('',*,*,#1077,.F.);
#1393=ORIENTED_EDGE('',*,*,#1078,.T.);
#1394=ORIENTED_EDGE('',*,*,#1079,.F.);
#1395=ORIENTED_EDGE('',*,*,#1078,.F.);
#1396=ORIENTED_EDGE('',*,*,#1080,.F.);
#1397=ORIENTED_EDGE('',*,*,#1081,.T.);
#1398=ORIENTED_EDGE('',*,*,#1082,.F.);
#1399=ORIENTED_EDGE('',*,*,#1081,.F.);
#1400=ORIENTED_EDGE('',*,*,#1083,.F.);
#1401=ORIENTED_EDGE('',*,*,#1084,.T.);
#1402=ORIENTED_EDGE('',*,*,#1085,.F.);
#1403=ORIENTED_EDGE('',*,*,#1084,.F.);
#1404=ORIENTED_EDGE('',*,*,#1086,.F.);
#1405=ORIENTED_EDGE('',*,*,#1087,.T.);
#1406=ORIENTED_EDGE('',*,*,#1088,.F.);
#1407=ORIENTED_EDGE('',*,*,#1087,.F.);
#1408=ORIENTED_EDGE('',*,*,#1089,.F.);
#1409=ORIENTED_EDGE('',*,*,#1043,.T.);
#1410=ORIENTED_EDGE('',*,*,#1090,.F.);
#1411=ORIENTED_EDGE('',*,*,#1091,.T.);
#1412=ORIENTED_EDGE('',*,*,#1092,.F.);
#1413=ORIENTED_EDGE('',*,*,#1093,.F.);
#1414=ORIENTED_EDGE('',*,*,#1094,.F.);
#1415=ORIENTED_EDGE('',*,*,#1093,.T.);
#1416=ORIENTED_EDGE('',*,*,#1095,.F.);
#1417=ORIENTED_EDGE('',*,*,#1096,.F.);
#1418=ORIENTED_EDGE('',*,*,#1097,.T.);
#1419=ORIENTED_EDGE('',*,*,#1096,.T.);
#1420=ORIENTED_EDGE('',*,*,#1098,.F.);
#1421=ORIENTED_EDGE('',*,*,#1099,.F.);
#1422=ORIENTED_EDGE('',*,*,#1100,.T.);
#1423=ORIENTED_EDGE('',*,*,#1099,.T.);
#1424=ORIENTED_EDGE('',*,*,#1101,.F.);
#1425=ORIENTED_EDGE('',*,*,#1102,.F.);
#1426=ORIENTED_EDGE('',*,*,#1103,.T.);
#1427=ORIENTED_EDGE('',*,*,#1102,.T.);
#1428=ORIENTED_EDGE('',*,*,#1104,.F.);
#1429=ORIENTED_EDGE('',*,*,#1105,.F.);
#1430=ORIENTED_EDGE('',*,*,#1106,.T.);
#1431=ORIENTED_EDGE('',*,*,#1105,.T.);
#1432=ORIENTED_EDGE('',*,*,#1107,.F.);
#1433=ORIENTED_EDGE('',*,*,#1108,.F.);
#1434=ORIENTED_EDGE('',*,*,#1109,.T.);
#1435=ORIENTED_EDGE('',*,*,#1108,.T.);
#1436=ORIENTED_EDGE('',*,*,#1110,.F.);
#1437=ORIENTED_EDGE('',*,*,#1111,.F.);
#1438=ORIENTED_EDGE('',*,*,#1112,.T.);
#1439=ORIENTED_EDGE('',*,*,#1111,.T.);
#1440=ORIENTED_EDGE('',*,*,#1113,.F.);
#1441=ORIENTED_EDGE('',*,*,#1114,.F.);
#1442=ORIENTED_EDGE('',*,*,#1115,.T.);
#1443=ORIENTED_EDGE('',*,*,#1114,.T.);
#1444=ORIENTED_EDGE('',*,*,#1116,.F.);
#1445=ORIENTED_EDGE('',*,*,#1117,.F.);
#1446=ORIENTED_EDGE('',*,*,#1118,.T.);
#1447=ORIENTED_EDGE('',*,*,#1117,.T.);
#1448=ORIENTED_EDGE('',*,*,#1119,.F.);
#1449=ORIENTED_EDGE('',*,*,#1120,.F.);
#1450=ORIENTED_EDGE('',*,*,#1121,.T.);
#1451=ORIENTED_EDGE('',*,*,#1120,.T.);
#1452=ORIENTED_EDGE('',*,*,#1122,.F.);
#1453=ORIENTED_EDGE('',*,*,#1123,.F.);
#1454=ORIENTED_EDGE('',*,*,#1124,.F.);
#1455=ORIENTED_EDGE('',*,*,#1123,.T.);
#1456=ORIENTED_EDGE('',*,*,#1125,.F.);
#1457=ORIENTED_EDGE('',*,*,#1091,.F.);
#1458=ORIENTED_EDGE('',*,*,#1125,.T.);
#1459=ORIENTED_EDGE('',*,*,#1122,.T.);
#1460=ORIENTED_EDGE('',*,*,#1119,.T.);
#1461=ORIENTED_EDGE('',*,*,#1116,.T.);
#1462=ORIENTED_EDGE('',*,*,#1113,.T.);
#1463=ORIENTED_EDGE('',*,*,#1110,.T.);
#1464=ORIENTED_EDGE('',*,*,#1107,.T.);
#1465=ORIENTED_EDGE('',*,*,#1104,.T.);
#1466=ORIENTED_EDGE('',*,*,#1101,.T.);
#1467=ORIENTED_EDGE('',*,*,#1098,.T.);
#1468=ORIENTED_EDGE('',*,*,#1095,.T.);
#1469=ORIENTED_EDGE('',*,*,#1092,.T.);
#1470=ORIENTED_EDGE('',*,*,#1067,.T.);
#1471=ORIENTED_EDGE('',*,*,#1070,.T.);
#1472=ORIENTED_EDGE('',*,*,#1073,.T.);
#1473=ORIENTED_EDGE('',*,*,#1076,.T.);
#1474=ORIENTED_EDGE('',*,*,#1079,.T.);
#1475=ORIENTED_EDGE('',*,*,#1082,.T.);
#1476=ORIENTED_EDGE('',*,*,#1085,.T.);
#1477=ORIENTED_EDGE('',*,*,#1088,.T.);
#1478=ORIENTED_EDGE('',*,*,#1042,.T.);
#1479=ORIENTED_EDGE('',*,*,#1046,.T.);
#1480=ORIENTED_EDGE('',*,*,#1049,.T.);
#1481=ORIENTED_EDGE('',*,*,#1052,.T.);
#1482=ORIENTED_EDGE('',*,*,#1055,.T.);
#1483=ORIENTED_EDGE('',*,*,#1058,.T.);
#1484=ORIENTED_EDGE('',*,*,#1061,.T.);
#1485=ORIENTED_EDGE('',*,*,#1064,.T.);
#1486=ORIENTED_EDGE('',*,*,#1031,.T.);
#1487=ORIENTED_EDGE('',*,*,#1034,.T.);
#1488=ORIENTED_EDGE('',*,*,#1037,.T.);
#1489=ORIENTED_EDGE('',*,*,#1040,.T.);
#1490=ORIENTED_EDGE('',*,*,#1018,.T.);
#1491=ORIENTED_EDGE('',*,*,#1022,.T.);
#1492=ORIENTED_EDGE('',*,*,#1025,.T.);
#1493=ORIENTED_EDGE('',*,*,#1028,.T.);
#1494=ORIENTED_EDGE('',*,*,#1007,.T.);
#1495=ORIENTED_EDGE('',*,*,#1010,.T.);
#1496=ORIENTED_EDGE('',*,*,#1013,.T.);
#1497=ORIENTED_EDGE('',*,*,#1016,.T.);
#1498=ORIENTED_EDGE('',*,*,#994,.T.);
#1499=ORIENTED_EDGE('',*,*,#998,.T.);
#1500=ORIENTED_EDGE('',*,*,#1001,.T.);
#1501=ORIENTED_EDGE('',*,*,#1004,.T.);
#1502=ORIENTED_EDGE('',*,*,#993,.T.);
#1503=ORIENTED_EDGE('',*,*,#986,.T.);
#1504=ORIENTED_EDGE('',*,*,#989,.T.);
#1505=ORIENTED_EDGE('',*,*,#979,.T.);
#1506=ORIENTED_EDGE('',*,*,#983,.T.);
#1507=ORIENTED_EDGE('',*,*,#978,.T.);
#1508=ORIENTED_EDGE('',*,*,#975,.T.);
#1509=ORIENTED_EDGE('',*,*,#968,.T.);
#1510=ORIENTED_EDGE('',*,*,#971,.T.);
#1511=ORIENTED_EDGE('',*,*,#961,.T.);
#1512=ORIENTED_EDGE('',*,*,#965,.T.);
#1513=ORIENTED_EDGE('',*,*,#956,.T.);
#1514=ORIENTED_EDGE('',*,*,#959,.T.);
#1515=ORIENTED_EDGE('',*,*,#949,.T.);
#1516=ORIENTED_EDGE('',*,*,#953,.T.);
#1517=ORIENTED_EDGE('',*,*,#944,.T.);
#1518=ORIENTED_EDGE('',*,*,#947,.T.);
#1519=ORIENTED_EDGE('',*,*,#937,.T.);
#1520=ORIENTED_EDGE('',*,*,#941,.T.);
#1521=ORIENTED_EDGE('',*,*,#932,.T.);
#1522=ORIENTED_EDGE('',*,*,#935,.T.);
#1523=ORIENTED_EDGE('',*,*,#925,.T.);
#1524=ORIENTED_EDGE('',*,*,#929,.T.);
#1525=ORIENTED_EDGE('',*,*,#914,.T.);
#1526=ORIENTED_EDGE('',*,*,#917,.T.);
#1527=ORIENTED_EDGE('',*,*,#920,.T.);
#1528=ORIENTED_EDGE('',*,*,#923,.T.);
#1529=ORIENTED_EDGE('',*,*,#901,.T.);
#1530=ORIENTED_EDGE('',*,*,#905,.T.);
#1531=ORIENTED_EDGE('',*,*,#908,.T.);
#1532=ORIENTED_EDGE('',*,*,#911,.T.);
#1533=ORIENTED_EDGE('',*,*,#890,.T.);
#1534=ORIENTED_EDGE('',*,*,#893,.T.);
#1535=ORIENTED_EDGE('',*,*,#896,.T.);
#1536=ORIENTED_EDGE('',*,*,#899,.T.);
#1537=ORIENTED_EDGE('',*,*,#877,.T.);
#1538=ORIENTED_EDGE('',*,*,#881,.T.);
#1539=ORIENTED_EDGE('',*,*,#884,.T.);
#1540=ORIENTED_EDGE('',*,*,#887,.T.);
#1541=ORIENTED_EDGE('',*,*,#1124,.T.);
#1542=ORIENTED_EDGE('',*,*,#1090,.T.);
#1543=ORIENTED_EDGE('',*,*,#1094,.T.);
#1544=ORIENTED_EDGE('',*,*,#1097,.F.);
#1545=ORIENTED_EDGE('',*,*,#1100,.F.);
#1546=ORIENTED_EDGE('',*,*,#1103,.F.);
#1547=ORIENTED_EDGE('',*,*,#1106,.F.);
#1548=ORIENTED_EDGE('',*,*,#1109,.F.);
#1549=ORIENTED_EDGE('',*,*,#1112,.F.);
#1550=ORIENTED_EDGE('',*,*,#1115,.F.);
#1551=ORIENTED_EDGE('',*,*,#1118,.F.);
#1552=ORIENTED_EDGE('',*,*,#1121,.F.);
#1553=ORIENTED_EDGE('',*,*,#1068,.T.);
#1554=ORIENTED_EDGE('',*,*,#1065,.T.);
#1555=ORIENTED_EDGE('',*,*,#1062,.T.);
#1556=ORIENTED_EDGE('',*,*,#1059,.T.);
#1557=ORIENTED_EDGE('',*,*,#1056,.T.);
#1558=ORIENTED_EDGE('',*,*,#1053,.T.);
#1559=ORIENTED_EDGE('',*,*,#1050,.T.);
#1560=ORIENTED_EDGE('',*,*,#1047,.T.);
#1561=ORIENTED_EDGE('',*,*,#1044,.T.);
#1562=ORIENTED_EDGE('',*,*,#1089,.T.);
#1563=ORIENTED_EDGE('',*,*,#1086,.T.);
#1564=ORIENTED_EDGE('',*,*,#1083,.T.);
#1565=ORIENTED_EDGE('',*,*,#1080,.T.);
#1566=ORIENTED_EDGE('',*,*,#1077,.T.);
#1567=ORIENTED_EDGE('',*,*,#1074,.T.);
#1568=ORIENTED_EDGE('',*,*,#1071,.T.);
#1569=ORIENTED_EDGE('',*,*,#1032,.T.);
#1570=ORIENTED_EDGE('',*,*,#1029,.T.);
#1571=ORIENTED_EDGE('',*,*,#1026,.T.);
#1572=ORIENTED_EDGE('',*,*,#1023,.T.);
#1573=ORIENTED_EDGE('',*,*,#1020,.T.);
#1574=ORIENTED_EDGE('',*,*,#1041,.T.);
#1575=ORIENTED_EDGE('',*,*,#1038,.T.);
#1576=ORIENTED_EDGE('',*,*,#1035,.T.);
#1577=ORIENTED_EDGE('',*,*,#1008,.T.);
#1578=ORIENTED_EDGE('',*,*,#1005,.T.);
#1579=ORIENTED_EDGE('',*,*,#1002,.T.);
#1580=ORIENTED_EDGE('',*,*,#999,.T.);
#1581=ORIENTED_EDGE('',*,*,#996,.T.);
#1582=ORIENTED_EDGE('',*,*,#1017,.T.);
#1583=ORIENTED_EDGE('',*,*,#1014,.T.);
#1584=ORIENTED_EDGE('',*,*,#1011,.T.);
#1585=ORIENTED_EDGE('',*,*,#991,.T.);
#1586=ORIENTED_EDGE('',*,*,#987,.T.);
#1587=ORIENTED_EDGE('',*,*,#984,.T.);
#1588=ORIENTED_EDGE('',*,*,#981,.T.);
#1589=ORIENTED_EDGE('',*,*,#990,.T.);
#1590=ORIENTED_EDGE('',*,*,#976,.T.);
#1591=ORIENTED_EDGE('',*,*,#973,.T.);
#1592=ORIENTED_EDGE('',*,*,#969,.T.);
#1593=ORIENTED_EDGE('',*,*,#966,.T.);
#1594=ORIENTED_EDGE('',*,*,#963,.T.);
#1595=ORIENTED_EDGE('',*,*,#972,.T.);
#1596=ORIENTED_EDGE('',*,*,#957,.T.);
#1597=ORIENTED_EDGE('',*,*,#954,.T.);
#1598=ORIENTED_EDGE('',*,*,#951,.T.);
#1599=ORIENTED_EDGE('',*,*,#960,.T.);
#1600=ORIENTED_EDGE('',*,*,#945,.T.);
#1601=ORIENTED_EDGE('',*,*,#942,.T.);
#1602=ORIENTED_EDGE('',*,*,#939,.T.);
#1603=ORIENTED_EDGE('',*,*,#948,.T.);
#1604=ORIENTED_EDGE('',*,*,#933,.T.);
#1605=ORIENTED_EDGE('',*,*,#930,.T.);
#1606=ORIENTED_EDGE('',*,*,#927,.T.);
#1607=ORIENTED_EDGE('',*,*,#936,.T.);
#1608=ORIENTED_EDGE('',*,*,#915,.T.);
#1609=ORIENTED_EDGE('',*,*,#912,.T.);
#1610=ORIENTED_EDGE('',*,*,#909,.T.);
#1611=ORIENTED_EDGE('',*,*,#906,.T.);
#1612=ORIENTED_EDGE('',*,*,#903,.T.);
#1613=ORIENTED_EDGE('',*,*,#924,.T.);
#1614=ORIENTED_EDGE('',*,*,#921,.T.);
#1615=ORIENTED_EDGE('',*,*,#918,.T.);
#1616=ORIENTED_EDGE('',*,*,#891,.T.);
#1617=ORIENTED_EDGE('',*,*,#888,.T.);
#1618=ORIENTED_EDGE('',*,*,#885,.T.);
#1619=ORIENTED_EDGE('',*,*,#882,.T.);
#1620=ORIENTED_EDGE('',*,*,#879,.T.);
#1621=ORIENTED_EDGE('',*,*,#900,.T.);
#1622=ORIENTED_EDGE('',*,*,#897,.T.);
#1623=ORIENTED_EDGE('',*,*,#894,.T.);
#1624=PLANE('',#1784);
#1625=PLANE('',#1788);
#1626=PLANE('',#1792);
#1627=PLANE('',#1796);
#1628=PLANE('',#1800);
#1629=PLANE('',#1804);
#1630=PLANE('',#1808);
#1631=PLANE('',#1812);
#1632=PLANE('',#1816);
#1633=PLANE('',#1817);
#1634=PLANE('',#1818);
#1635=PLANE('',#1819);
#1636=PLANE('',#1820);
#1637=PLANE('',#1821);
#1638=PLANE('',#1822);
#1639=PLANE('',#1823);
#1640=PLANE('',#1824);
#1641=PLANE('',#1825);
#1642=PLANE('',#1826);
#1643=PLANE('',#1827);
#1644=PLANE('',#1828);
#1645=PLANE('',#1829);
#1646=PLANE('',#1830);
#1647=PLANE('',#1831);
#1648=PLANE('',#1838);
#1649=PLANE('',#1839);
#1650=PLANE('',#1840);
#1651=PLANE('',#1841);
#1652=PLANE('',#1845);
#1653=PLANE('',#1849);
#1654=PLANE('',#1853);
#1655=PLANE('',#1857);
#1656=PLANE('',#1861);
#1657=PLANE('',#1865);
#1658=PLANE('',#1869);
#1659=PLANE('',#1873);
#1660=PLANE('',#1877);
#1661=PLANE('',#1881);
#1662=PLANE('',#1882);
#1663=PLANE('',#1883);
#1664=PLANE('',#1887);
#1665=PLANE('',#1888);
#1666=PLANE('',#1889);
#1667=PLANE('',#1893);
#1668=PLANE('',#1894);
#1669=PLANE('',#1895);
#1670=PLANE('',#1899);
#1671=PLANE('',#1900);
#1672=PLANE('',#1901);
#1673=PLANE('',#1902);
#1674=PLANE('',#1906);
#1675=PLANE('',#1907);
#1676=PLANE('',#1908);
#1677=PLANE('',#1909);
#1678=PLANE('',#1910);
#1679=PLANE('',#1911);
#1680=PLANE('',#1912);
#1681=PLANE('',#1913);
#1682=PLANE('',#1914);
#1683=PLANE('',#1915);
#1684=PLANE('',#1916);
#1685=ADVANCED_FACE('',(#113),#1624,.F.);
#1686=ADVANCED_FACE('',(#114),#89,.F.);
#1687=ADVANCED_FACE('',(#115),#1625,.F.);
#1688=ADVANCED_FACE('',(#116),#90,.F.);
#1689=ADVANCED_FACE('',(#117),#1626,.F.);
#1690=ADVANCED_FACE('',(#118),#91,.F.);
#1691=ADVANCED_FACE('',(#119),#1627,.F.);
#1692=ADVANCED_FACE('',(#120),#92,.F.);
#1693=ADVANCED_FACE('',(#121),#1628,.F.);
#1694=ADVANCED_FACE('',(#122),#93,.F.);
#1695=ADVANCED_FACE('',(#123),#1629,.F.);
#1696=ADVANCED_FACE('',(#124),#94,.F.);
#1697=ADVANCED_FACE('',(#125),#1630,.F.);
#1698=ADVANCED_FACE('',(#126),#95,.F.);
#1699=ADVANCED_FACE('',(#127),#1631,.F.);
#1700=ADVANCED_FACE('',(#128),#96,.F.);
#1701=ADVANCED_FACE('',(#129),#1632,.F.);
#1702=ADVANCED_FACE('',(#130),#1633,.F.);
#1703=ADVANCED_FACE('',(#131),#1634,.F.);
#1704=ADVANCED_FACE('',(#132),#1635,.F.);
#1705=ADVANCED_FACE('',(#133),#1636,.F.);
#1706=ADVANCED_FACE('',(#134),#1637,.F.);
#1707=ADVANCED_FACE('',(#135),#1638,.F.);
#1708=ADVANCED_FACE('',(#136),#1639,.F.);
#1709=ADVANCED_FACE('',(#137),#1640,.F.);
#1710=ADVANCED_FACE('',(#138),#1641,.F.);
#1711=ADVANCED_FACE('',(#139),#1642,.F.);
#1712=ADVANCED_FACE('',(#140),#1643,.F.);
#1713=ADVANCED_FACE('',(#141),#1644,.F.);
#1714=ADVANCED_FACE('',(#142),#1645,.F.);
#1715=ADVANCED_FACE('',(#143),#1646,.F.);
#1716=ADVANCED_FACE('',(#144),#1647,.F.);
#1717=ADVANCED_FACE('',(#145),#97,.F.);
#1718=ADVANCED_FACE('',(#146),#98,.F.);
#1719=ADVANCED_FACE('',(#147),#1648,.F.);
#1720=ADVANCED_FACE('',(#148),#1649,.F.);
#1721=ADVANCED_FACE('',(#149),#1650,.F.);
#1722=ADVANCED_FACE('',(#150),#1651,.F.);
#1723=ADVANCED_FACE('',(#151),#99,.F.);
#1724=ADVANCED_FACE('',(#152),#1652,.F.);
#1725=ADVANCED_FACE('',(#153),#100,.F.);
#1726=ADVANCED_FACE('',(#154),#1653,.F.);
#1727=ADVANCED_FACE('',(#155),#101,.F.);
#1728=ADVANCED_FACE('',(#156),#1654,.F.);
#1729=ADVANCED_FACE('',(#157),#102,.F.);
#1730=ADVANCED_FACE('',(#158),#1655,.F.);
#1731=ADVANCED_FACE('',(#159),#103,.F.);
#1732=ADVANCED_FACE('',(#160),#1656,.F.);
#1733=ADVANCED_FACE('',(#161),#104,.F.);
#1734=ADVANCED_FACE('',(#162),#1657,.F.);
#1735=ADVANCED_FACE('',(#163),#105,.F.);
#1736=ADVANCED_FACE('',(#164),#1658,.F.);
#1737=ADVANCED_FACE('',(#165),#106,.F.);
#1738=ADVANCED_FACE('',(#166),#1659,.F.);
#1739=ADVANCED_FACE('',(#167),#107,.F.);
#1740=ADVANCED_FACE('',(#168),#1660,.F.);
#1741=ADVANCED_FACE('',(#169),#108,.F.);
#1742=ADVANCED_FACE('',(#170),#1661,.F.);
#1743=ADVANCED_FACE('',(#171),#1662,.F.);
#1744=ADVANCED_FACE('',(#172),#1663,.F.);
#1745=ADVANCED_FACE('',(#173),#109,.F.);
#1746=ADVANCED_FACE('',(#174),#1664,.F.);
#1747=ADVANCED_FACE('',(#175),#1665,.F.);
#1748=ADVANCED_FACE('',(#176),#1666,.F.);
#1749=ADVANCED_FACE('',(#177),#110,.F.);
#1750=ADVANCED_FACE('',(#178),#1667,.F.);
#1751=ADVANCED_FACE('',(#179),#1668,.F.);
#1752=ADVANCED_FACE('',(#180),#1669,.F.);
#1753=ADVANCED_FACE('',(#181),#111,.F.);
#1754=ADVANCED_FACE('',(#182),#1670,.F.);
#1755=ADVANCED_FACE('',(#183),#1671,.F.);
#1756=ADVANCED_FACE('',(#184),#1672,.T.);
#1757=ADVANCED_FACE('',(#185),#1673,.T.);
#1758=ADVANCED_FACE('',(#186),#112,.T.);
#1759=ADVANCED_FACE('',(#187),#1674,.T.);
#1760=ADVANCED_FACE('',(#188),#1675,.T.);
#1761=ADVANCED_FACE('',(#189),#1676,.T.);
#1762=ADVANCED_FACE('',(#190),#1677,.T.);
#1763=ADVANCED_FACE('',(#191),#1678,.T.);
#1764=ADVANCED_FACE('',(#192),#1679,.T.);
#1765=ADVANCED_FACE('',(#193),#1680,.T.);
#1766=ADVANCED_FACE('',(#194),#1681,.T.);
#1767=ADVANCED_FACE('',(#195),#1682,.T.);
#1768=ADVANCED_FACE('',(#196,#15,#16,#17,#18,#19,#20,#21,#22,#23,#24,#25,
#26,#27),#1683,.T.);
#1769=ADVANCED_FACE('',(#197,#28,#29,#30,#31,#32,#33,#34,#35,#36,#37,#38,
#39,#40),#1684,.F.);
#1770=CLOSED_SHELL('',(#1685,#1686,#1687,#1688,#1689,#1690,#1691,#1692,
#1693,#1694,#1695,#1696,#1697,#1698,#1699,#1700,#1701,#1702,#1703,#1704,
#1705,#1706,#1707,#1708,#1709,#1710,#1711,#1712,#1713,#1714,#1715,#1716,
#1717,#1718,#1719,#1720,#1721,#1722,#1723,#1724,#1725,#1726,#1727,#1728,
#1729,#1730,#1731,#1732,#1733,#1734,#1735,#1736,#1737,#1738,#1739,#1740,
#1741,#1742,#1743,#1744,#1745,#1746,#1747,#1748,#1749,#1750,#1751,#1752,
#1753,#1754,#1755,#1756,#1757,#1758,#1759,#1760,#1761,#1762,#1763,#1764,
#1765,#1766,#1767,#1768,#1769));
#1771=DERIVED_UNIT_ELEMENT(#1773,1.);
#1772=DERIVED_UNIT_ELEMENT(#2892,-3.);
#1773=(
MASS_UNIT()
NAMED_UNIT(*)
SI_UNIT(.KILO.,.GRAM.)
);
#1774=DERIVED_UNIT((#1771,#1772));
#1775=MEASURE_REPRESENTATION_ITEM('density measure',
POSITIVE_RATIO_MEASURE(7850.),#1774);
#1776=PROPERTY_DEFINITION_REPRESENTATION(#1781,#1778);
#1777=PROPERTY_DEFINITION_REPRESENTATION(#1782,#1779);
#1778=REPRESENTATION('material name',(#1780),#2889);
#1779=REPRESENTATION('density',(#1775),#2889);
#1780=DESCRIPTIVE_REPRESENTATION_ITEM('Steel','Steel');
#1781=PROPERTY_DEFINITION('material property','material name',#2899);
#1782=PROPERTY_DEFINITION('material property','density of part',#2899);
#1783=AXIS2_PLACEMENT_3D('',#2386,#1917,#1918);
#1784=AXIS2_PLACEMENT_3D('',#2387,#1919,#1920);
#1785=AXIS2_PLACEMENT_3D('',#2396,#1925,#1926);
#1786=AXIS2_PLACEMENT_3D('',#2398,#1927,#1928);
#1787=AXIS2_PLACEMENT_3D('',#2400,#1929,#1930);
#1788=AXIS2_PLACEMENT_3D('',#2402,#1932,#1933);
#1789=AXIS2_PLACEMENT_3D('',#2408,#1937,#1938);
#1790=AXIS2_PLACEMENT_3D('',#2410,#1939,#1940);
#1791=AXIS2_PLACEMENT_3D('',#2412,#1941,#1942);
#1792=AXIS2_PLACEMENT_3D('',#2414,#1944,#1945);
#1793=AXIS2_PLACEMENT_3D('',#2420,#1949,#1950);
#1794=AXIS2_PLACEMENT_3D('',#2422,#1951,#1952);
#1795=AXIS2_PLACEMENT_3D('',#2424,#1953,#1954);
#1796=AXIS2_PLACEMENT_3D('',#2426,#1956,#1957);
#1797=AXIS2_PLACEMENT_3D('',#2432,#1961,#1962);
#1798=AXIS2_PLACEMENT_3D('',#2433,#1963,#1964);
#1799=AXIS2_PLACEMENT_3D('',#2434,#1965,#1966);
#1800=AXIS2_PLACEMENT_3D('',#2435,#1967,#1968);
#1801=AXIS2_PLACEMENT_3D('',#2444,#1973,#1974);
#1802=AXIS2_PLACEMENT_3D('',#2446,#1975,#1976);
#1803=AXIS2_PLACEMENT_3D('',#2448,#1977,#1978);
#1804=AXIS2_PLACEMENT_3D('',#2450,#1980,#1981);
#1805=AXIS2_PLACEMENT_3D('',#2456,#1985,#1986);
#1806=AXIS2_PLACEMENT_3D('',#2458,#1987,#1988);
#1807=AXIS2_PLACEMENT_3D('',#2460,#1989,#1990);
#1808=AXIS2_PLACEMENT_3D('',#2462,#1992,#1993);
#1809=AXIS2_PLACEMENT_3D('',#2468,#1997,#1998);
#1810=AXIS2_PLACEMENT_3D('',#2470,#1999,#2000);
#1811=AXIS2_PLACEMENT_3D('',#2472,#2001,#2002);
#1812=AXIS2_PLACEMENT_3D('',#2474,#2004,#2005);
#1813=AXIS2_PLACEMENT_3D('',#2480,#2009,#2010);
#1814=AXIS2_PLACEMENT_3D('',#2481,#2011,#2012);
#1815=AXIS2_PLACEMENT_3D('',#2482,#2013,#2014);
#1816=AXIS2_PLACEMENT_3D('',#2483,#2015,#2016);
#1817=AXIS2_PLACEMENT_3D('',#2492,#2021,#2022);
#1818=AXIS2_PLACEMENT_3D('',#2498,#2026,#2027);
#1819=AXIS2_PLACEMENT_3D('',#2504,#2031,#2032);
#1820=AXIS2_PLACEMENT_3D('',#2507,#2035,#2036);
#1821=AXIS2_PLACEMENT_3D('',#2516,#2041,#2042);
#1822=AXIS2_PLACEMENT_3D('',#2522,#2046,#2047);
#1823=AXIS2_PLACEMENT_3D('',#2528,#2051,#2052);
#1824=AXIS2_PLACEMENT_3D('',#2531,#2055,#2056);
#1825=AXIS2_PLACEMENT_3D('',#2540,#2061,#2062);
#1826=AXIS2_PLACEMENT_3D('',#2546,#2066,#2067);
#1827=AXIS2_PLACEMENT_3D('',#2552,#2071,#2072);
#1828=AXIS2_PLACEMENT_3D('',#2555,#2075,#2076);
#1829=AXIS2_PLACEMENT_3D('',#2564,#2081,#2082);
#1830=AXIS2_PLACEMENT_3D('',#2570,#2086,#2087);
#1831=AXIS2_PLACEMENT_3D('',#2576,#2091,#2092);
#1832=AXIS2_PLACEMENT_3D('',#2579,#2095,#2096);
#1833=AXIS2_PLACEMENT_3D('',#2581,#2097,#2098);
#1834=AXIS2_PLACEMENT_3D('',#2584,#2100,#2101);
#1835=AXIS2_PLACEMENT_3D('',#2585,#2102,#2103);
#1836=AXIS2_PLACEMENT_3D('',#2587,#2104,#2105);
#1837=AXIS2_PLACEMENT_3D('',#2590,#2107,#2108);
#1838=AXIS2_PLACEMENT_3D('',#2591,#2109,#2110);
#1839=AXIS2_PLACEMENT_3D('',#2600,#2115,#2116);
#1840=AXIS2_PLACEMENT_3D('',#2606,#2120,#2121);
#1841=AXIS2_PLACEMENT_3D('',#2612,#2125,#2126);
#1842=AXIS2_PLACEMENT_3D('',#2615,#2129,#2130);
#1843=AXIS2_PLACEMENT_3D('',#2617,#2131,#2132);
#1844=AXIS2_PLACEMENT_3D('',#2620,#2134,#2135);
#1845=AXIS2_PLACEMENT_3D('',#2621,#2136,#2137);
#1846=AXIS2_PLACEMENT_3D('',#2630,#2142,#2143);
#1847=AXIS2_PLACEMENT_3D('',#2632,#2144,#2145);
#1848=AXIS2_PLACEMENT_3D('',#2634,#2146,#2147);
#1849=AXIS2_PLACEMENT_3D('',#2636,#2149,#2150);
#1850=AXIS2_PLACEMENT_3D('',#2642,#2154,#2155);
#1851=AXIS2_PLACEMENT_3D('',#2644,#2156,#2157);
#1852=AXIS2_PLACEMENT_3D('',#2646,#2158,#2159);
#1853=AXIS2_PLACEMENT_3D('',#2648,#2161,#2162);
#1854=AXIS2_PLACEMENT_3D('',#2654,#2166,#2167);
#1855=AXIS2_PLACEMENT_3D('',#2656,#2168,#2169);
#1856=AXIS2_PLACEMENT_3D('',#2658,#2170,#2171);
#1857=AXIS2_PLACEMENT_3D('',#2660,#2173,#2174);
#1858=AXIS2_PLACEMENT_3D('',#2666,#2178,#2179);
#1859=AXIS2_PLACEMENT_3D('',#2667,#2180,#2181);
#1860=AXIS2_PLACEMENT_3D('',#2668,#2182,#2183);
#1861=AXIS2_PLACEMENT_3D('',#2669,#2184,#2185);
#1862=AXIS2_PLACEMENT_3D('',#2678,#2190,#2191);
#1863=AXIS2_PLACEMENT_3D('',#2680,#2192,#2193);
#1864=AXIS2_PLACEMENT_3D('',#2682,#2194,#2195);
#1865=AXIS2_PLACEMENT_3D('',#2684,#2197,#2198);
#1866=AXIS2_PLACEMENT_3D('',#2690,#2202,#2203);
#1867=AXIS2_PLACEMENT_3D('',#2692,#2204,#2205);
#1868=AXIS2_PLACEMENT_3D('',#2694,#2206,#2207);
#1869=AXIS2_PLACEMENT_3D('',#2696,#2209,#2210);
#1870=AXIS2_PLACEMENT_3D('',#2702,#2214,#2215);
#1871=AXIS2_PLACEMENT_3D('',#2704,#2216,#2217);
#1872=AXIS2_PLACEMENT_3D('',#2706,#2218,#2219);
#1873=AXIS2_PLACEMENT_3D('',#2708,#2221,#2222);
#1874=AXIS2_PLACEMENT_3D('',#2714,#2226,#2227);
#1875=AXIS2_PLACEMENT_3D('',#2715,#2228,#2229);
#1876=AXIS2_PLACEMENT_3D('',#2716,#2230,#2231);
#1877=AXIS2_PLACEMENT_3D('',#2717,#2232,#2233);
#1878=AXIS2_PLACEMENT_3D('',#2726,#2238,#2239);
#1879=AXIS2_PLACEMENT_3D('',#2728,#2240,#2241);
#1880=AXIS2_PLACEMENT_3D('',#2730,#2242,#2243);
#1881=AXIS2_PLACEMENT_3D('',#2732,#2245,#2246);
#1882=AXIS2_PLACEMENT_3D('',#2738,#2250,#2251);
#1883=AXIS2_PLACEMENT_3D('',#2744,#2255,#2256);
#1884=AXIS2_PLACEMENT_3D('',#2750,#2260,#2261);
#1885=AXIS2_PLACEMENT_3D('',#2752,#2262,#2263);
#1886=AXIS2_PLACEMENT_3D('',#2754,#2264,#2265);
#1887=AXIS2_PLACEMENT_3D('',#2756,#2267,#2268);
#1888=AXIS2_PLACEMENT_3D('',#2762,#2272,#2273);
#1889=AXIS2_PLACEMENT_3D('',#2768,#2277,#2278);
#1890=AXIS2_PLACEMENT_3D('',#2774,#2282,#2283);
#1891=AXIS2_PLACEMENT_3D('',#2776,#2284,#2285);
#1892=AXIS2_PLACEMENT_3D('',#2778,#2286,#2287);
#1893=AXIS2_PLACEMENT_3D('',#2780,#2289,#2290);
#1894=AXIS2_PLACEMENT_3D('',#2786,#2294,#2295);
#1895=AXIS2_PLACEMENT_3D('',#2792,#2299,#2300);
#1896=AXIS2_PLACEMENT_3D('',#2798,#2304,#2305);
#1897=AXIS2_PLACEMENT_3D('',#2800,#2306,#2307);
#1898=AXIS2_PLACEMENT_3D('',#2802,#2308,#2309);
#1899=AXIS2_PLACEMENT_3D('',#2804,#2311,#2312);
#1900=AXIS2_PLACEMENT_3D('',#2810,#2316,#2317);
#1901=AXIS2_PLACEMENT_3D('',#2813,#2320,#2321);
#1902=AXIS2_PLACEMENT_3D('',#2822,#2326,#2327);
#1903=AXIS2_PLACEMENT_3D('',#2828,#2331,#2332);
#1904=AXIS2_PLACEMENT_3D('',#2830,#2333,#2334);
#1905=AXIS2_PLACEMENT_3D('',#2832,#2335,#2336);
#1906=AXIS2_PLACEMENT_3D('',#2834,#2338,#2339);
#1907=AXIS2_PLACEMENT_3D('',#2840,#2343,#2344);
#1908=AXIS2_PLACEMENT_3D('',#2846,#2348,#2349);
#1909=AXIS2_PLACEMENT_3D('',#2852,#2353,#2354);
#1910=AXIS2_PLACEMENT_3D('',#2858,#2358,#2359);
#1911=AXIS2_PLACEMENT_3D('',#2864,#2363,#2364);
#1912=AXIS2_PLACEMENT_3D('',#2870,#2368,#2369);
#1913=AXIS2_PLACEMENT_3D('',#2876,#2373,#2374);
#1914=AXIS2_PLACEMENT_3D('',#2882,#2378,#2379);
#1915=AXIS2_PLACEMENT_3D('',#2885,#2382,#2383);
#1916=AXIS2_PLACEMENT_3D('',#2886,#2384,#2385);
#1917=DIRECTION('axis',(0.,0.,1.));
#1918=DIRECTION('refdir',(1.,0.,0.));
#1919=DIRECTION('center_axis',(1.,0.,0.));
#1920=DIRECTION('ref_axis',(0.,1.,0.));
#1921=DIRECTION('',(0.,-1.,0.));
#1922=DIRECTION('',(0.,0.,1.));
#1923=DIRECTION('',(0.,1.,0.));
#1924=DIRECTION('',(0.,0.,1.));
#1925=DIRECTION('center_axis',(0.,0.,1.));
#1926=DIRECTION('ref_axis',(1.11022302462516E-15,-1.,0.));
#1927=DIRECTION('center_axis',(0.,0.,-1.));
#1928=DIRECTION('ref_axis',(1.11022302462516E-15,-1.,0.));
#1929=DIRECTION('center_axis',(0.,0.,1.));
#1930=DIRECTION('ref_axis',(1.11022302462516E-15,-1.,0.));
#1931=DIRECTION('',(0.,0.,1.));
#1932=DIRECTION('center_axis',(0.,-1.,0.));
#1933=DIRECTION('ref_axis',(1.,0.,0.));
#1934=DIRECTION('',(-1.,0.,0.));
#1935=DIRECTION('',(1.,0.,0.));
#1936=DIRECTION('',(0.,0.,1.));
#1937=DIRECTION('center_axis',(0.,0.,1.));
#1938=DIRECTION('ref_axis',(-1.,0.,0.));
#1939=DIRECTION('center_axis',(0.,0.,-1.));
#1940=DIRECTION('ref_axis',(-1.,0.,0.));
#1941=DIRECTION('center_axis',(0.,0.,1.));
#1942=DIRECTION('ref_axis',(-1.,0.,0.));
#1943=DIRECTION('',(0.,0.,1.));
#1944=DIRECTION('center_axis',(-1.,0.,0.));
#1945=DIRECTION('ref_axis',(0.,-1.,0.));
#1946=DIRECTION('',(0.,1.,0.));
#1947=DIRECTION('',(0.,-1.,0.));
#1948=DIRECTION('',(0.,0.,1.));
#1949=DIRECTION('center_axis',(0.,0.,1.));
#1950=DIRECTION('ref_axis',(-1.66533453693773E-15,1.,0.));
#1951=DIRECTION('center_axis',(0.,0.,-1.));
#1952=DIRECTION('ref_axis',(-1.66533453693773E-15,1.,0.));
#1953=DIRECTION('center_axis',(0.,0.,1.));
#1954=DIRECTION('ref_axis',(-1.66533453693773E-15,1.,0.));
#1955=DIRECTION('',(0.,0.,1.));
#1956=DIRECTION('center_axis',(0.,1.,0.));
#1957=DIRECTION('ref_axis',(-1.,0.,0.));
#1958=DIRECTION('',(1.,0.,0.));
#1959=DIRECTION('',(-1.,0.,0.));
#1960=DIRECTION('',(0.,0.,1.));
#1961=DIRECTION('center_axis',(0.,0.,1.));
#1962=DIRECTION('ref_axis',(1.,0.,0.));
#1963=DIRECTION('center_axis',(0.,0.,-1.));
#1964=DIRECTION('ref_axis',(1.,0.,0.));
#1965=DIRECTION('center_axis',(0.,0.,1.));
#1966=DIRECTION('ref_axis',(1.,0.,0.));
#1967=DIRECTION('center_axis',(1.,0.,0.));
#1968=DIRECTION('ref_axis',(0.,1.,0.));
#1969=DIRECTION('',(0.,-1.,0.));
#1970=DIRECTION('',(0.,0.,1.));
#1971=DIRECTION('',(0.,1.,0.));
#1972=DIRECTION('',(0.,0.,1.));
#1973=DIRECTION('center_axis',(0.,0.,1.));
#1974=DIRECTION('ref_axis',(4.4408920985006E-15,-1.,0.));
#1975=DIRECTION('center_axis',(0.,0.,-1.));
#1976=DIRECTION('ref_axis',(4.4408920985006E-15,-1.,0.));
#1977=DIRECTION('center_axis',(0.,0.,1.));
#1978=DIRECTION('ref_axis',(4.4408920985006E-15,-1.,0.));
#1979=DIRECTION('',(0.,0.,1.));
#1980=DIRECTION('center_axis',(0.,-1.,0.));
#1981=DIRECTION('ref_axis',(1.,0.,0.));
#1982=DIRECTION('',(-1.,0.,0.));
#1983=DIRECTION('',(1.,0.,0.));
#1984=DIRECTION('',(0.,0.,1.));
#1985=DIRECTION('center_axis',(0.,0.,1.));
#1986=DIRECTION('ref_axis',(-1.,-2.22044604925031E-15,0.));
#1987=DIRECTION('center_axis',(0.,0.,-1.));
#1988=DIRECTION('ref_axis',(-1.,-2.22044604925031E-15,0.));
#1989=DIRECTION('center_axis',(0.,0.,1.));
#1990=DIRECTION('ref_axis',(-1.,-2.22044604925031E-15,0.));
#1991=DIRECTION('',(0.,0.,1.));
#1992=DIRECTION('center_axis',(-1.,0.,0.));
#1993=DIRECTION('ref_axis',(0.,-1.,0.));
#1994=DIRECTION('',(0.,1.,0.));
#1995=DIRECTION('',(0.,-1.,0.));
#1996=DIRECTION('',(0.,0.,1.));
#1997=DIRECTION('center_axis',(0.,0.,1.));
#1998=DIRECTION('ref_axis',(-2.22044604925031E-15,1.,0.));
#1999=DIRECTION('center_axis',(0.,0.,-1.));
#2000=DIRECTION('ref_axis',(-2.22044604925031E-15,1.,0.));
#2001=DIRECTION('center_axis',(0.,0.,1.));
#2002=DIRECTION('ref_axis',(-2.22044604925031E-15,1.,0.));
#2003=DIRECTION('',(0.,0.,1.));
#2004=DIRECTION('center_axis',(0.,1.,0.));
#2005=DIRECTION('ref_axis',(-1.,0.,0.));
#2006=DIRECTION('',(1.,0.,0.));
#2007=DIRECTION('',(-1.,0.,0.));
#2008=DIRECTION('',(0.,0.,1.));
#2009=DIRECTION('center_axis',(0.,0.,1.));
#2010=DIRECTION('ref_axis',(1.,4.4408920985006E-15,0.));
#2011=DIRECTION('center_axis',(0.,0.,-1.));
#2012=DIRECTION('ref_axis',(1.,4.4408920985006E-15,0.));
#2013=DIRECTION('center_axis',(0.,0.,1.));
#2014=DIRECTION('ref_axis',(1.,4.4408920985006E-15,0.));
#2015=DIRECTION('center_axis',(1.,0.,0.));
#2016=DIRECTION('ref_axis',(0.,1.,0.));
#2017=DIRECTION('',(0.,-1.,0.));
#2018=DIRECTION('',(0.,0.,1.));
#2019=DIRECTION('',(0.,1.,0.));
#2020=DIRECTION('',(0.,0.,1.));
#2021=DIRECTION('center_axis',(0.,-1.,0.));
#2022=DIRECTION('ref_axis',(1.,0.,0.));
#2023=DIRECTION('',(-1.,0.,0.));
#2024=DIRECTION('',(1.,0.,0.));
#2025=DIRECTION('',(0.,0.,1.));
#2026=DIRECTION('center_axis',(-1.,0.,0.));
#2027=DIRECTION('ref_axis',(0.,-1.,0.));
#2028=DIRECTION('',(0.,1.,0.));
#2029=DIRECTION('',(0.,-1.,0.));
#2030=DIRECTION('',(0.,0.,1.));
#2031=DIRECTION('center_axis',(0.,1.,0.));
#2032=DIRECTION('ref_axis',(-1.,0.,0.));
#2033=DIRECTION('',(1.,0.,0.));
#2034=DIRECTION('',(-1.,0.,0.));
#2035=DIRECTION('center_axis',(1.,0.,0.));
#2036=DIRECTION('ref_axis',(0.,1.,0.));
#2037=DIRECTION('',(0.,-1.,0.));
#2038=DIRECTION('',(0.,0.,1.));
#2039=DIRECTION('',(0.,1.,0.));
#2040=DIRECTION('',(0.,0.,1.));
#2041=DIRECTION('center_axis',(0.,-1.,0.));
#2042=DIRECTION('ref_axis',(1.,0.,0.));
#2043=DIRECTION('',(-1.,0.,0.));
#2044=DIRECTION('',(1.,0.,0.));
#2045=DIRECTION('',(0.,0.,1.));
#2046=DIRECTION('center_axis',(-1.,0.,0.));
#2047=DIRECTION('ref_axis',(0.,-1.,0.));
#2048=DIRECTION('',(0.,1.,0.));
#2049=DIRECTION('',(0.,-1.,0.));
#2050=DIRECTION('',(0.,0.,1.));
#2051=DIRECTION('center_axis',(0.,1.,0.));
#2052=DIRECTION('ref_axis',(-1.,0.,0.));
#2053=DIRECTION('',(1.,0.,0.));
#2054=DIRECTION('',(-1.,0.,0.));
#2055=DIRECTION('center_axis',(1.,0.,0.));
#2056=DIRECTION('ref_axis',(0.,1.,0.));
#2057=DIRECTION('',(0.,-1.,0.));
#2058=DIRECTION('',(0.,0.,1.));
#2059=DIRECTION('',(0.,1.,0.));
#2060=DIRECTION('',(0.,0.,1.));
#2061=DIRECTION('center_axis',(0.,-1.,0.));
#2062=DIRECTION('ref_axis',(1.,0.,0.));
#2063=DIRECTION('',(-1.,0.,0.));
#2064=DIRECTION('',(1.,0.,0.));
#2065=DIRECTION('',(0.,0.,1.));
#2066=DIRECTION('center_axis',(-1.,0.,0.));
#2067=DIRECTION('ref_axis',(0.,-1.,0.));
#2068=DIRECTION('',(0.,1.,0.));
#2069=DIRECTION('',(0.,-1.,0.));
#2070=DIRECTION('',(0.,0.,1.));
#2071=DIRECTION('center_axis',(0.,1.,0.));
#2072=DIRECTION('ref_axis',(-1.,0.,0.));
#2073=DIRECTION('',(1.,0.,0.));
#2074=DIRECTION('',(-1.,0.,0.));
#2075=DIRECTION('center_axis',(1.,0.,0.));
#2076=DIRECTION('ref_axis',(0.,1.,0.));
#2077=DIRECTION('',(0.,-1.,0.));
#2078=DIRECTION('',(0.,0.,1.));
#2079=DIRECTION('',(0.,1.,0.));
#2080=DIRECTION('',(0.,0.,1.));
#2081=DIRECTION('center_axis',(0.,-1.,0.));
#2082=DIRECTION('ref_axis',(1.,0.,0.));
#2083=DIRECTION('',(-1.,0.,0.));
#2084=DIRECTION('',(1.,0.,0.));
#2085=DIRECTION('',(0.,0.,1.));
#2086=DIRECTION('center_axis',(-1.,0.,0.));
#2087=DIRECTION('ref_axis',(0.,-1.,0.));
#2088=DIRECTION('',(0.,1.,0.));
#2089=DIRECTION('',(0.,-1.,0.));
#2090=DIRECTION('',(0.,0.,1.));
#2091=DIRECTION('center_axis',(0.,1.,0.));
#2092=DIRECTION('ref_axis',(-1.,0.,0.));
#2093=DIRECTION('',(1.,0.,0.));
#2094=DIRECTION('',(-1.,0.,0.));
#2095=DIRECTION('center_axis',(0.,0.,1.));
#2096=DIRECTION('ref_axis',(1.,0.,0.));
#2097=DIRECTION('center_axis',(0.,0.,1.));
#2098=DIRECTION('ref_axis',(1.,0.,0.));
#2099=DIRECTION('',(0.,0.,1.));
#2100=DIRECTION('center_axis',(0.,0.,-1.));
#2101=DIRECTION('ref_axis',(1.,0.,0.));
#2102=DIRECTION('center_axis',(0.,0.,1.));
#2103=DIRECTION('ref_axis',(1.,0.,0.));
#2104=DIRECTION('center_axis',(0.,0.,1.));
#2105=DIRECTION('ref_axis',(1.,0.,0.));
#2106=DIRECTION('',(0.,0.,1.));
#2107=DIRECTION('center_axis',(0.,0.,-1.));
#2108=DIRECTION('ref_axis',(1.,0.,0.));
#2109=DIRECTION('center_axis',(1.,0.,0.));
#2110=DIRECTION('ref_axis',(0.,1.,0.));
#2111=DIRECTION('',(0.,-1.,0.));
#2112=DIRECTION('',(0.,0.,1.));
#2113=DIRECTION('',(0.,1.,0.));
#2114=DIRECTION('',(0.,0.,1.));
#2115=DIRECTION('center_axis',(0.,-1.,0.));
#2116=DIRECTION('ref_axis',(1.,0.,0.));
#2117=DIRECTION('',(-1.,0.,0.));
#2118=DIRECTION('',(1.,0.,0.));
#2119=DIRECTION('',(0.,0.,1.));
#2120=DIRECTION('center_axis',(-1.,0.,0.));
#2121=DIRECTION('ref_axis',(0.,-1.,0.));
#2122=DIRECTION('',(0.,1.,0.));
#2123=DIRECTION('',(0.,-1.,0.));
#2124=DIRECTION('',(0.,0.,1.));
#2125=DIRECTION('center_axis',(0.,1.,0.));
#2126=DIRECTION('ref_axis',(-1.,0.,0.));
#2127=DIRECTION('',(1.,0.,0.));
#2128=DIRECTION('',(-1.,0.,0.));
#2129=DIRECTION('center_axis',(0.,0.,1.));
#2130=DIRECTION('ref_axis',(1.,0.,0.));
#2131=DIRECTION('center_axis',(0.,0.,1.));
#2132=DIRECTION('ref_axis',(1.,0.,0.));
#2133=DIRECTION('',(0.,0.,1.));
#2134=DIRECTION('center_axis',(0.,0.,-1.));
#2135=DIRECTION('ref_axis',(1.,0.,0.));
#2136=DIRECTION('center_axis',(1.,0.,0.));
#2137=DIRECTION('ref_axis',(0.,1.,0.));
#2138=DIRECTION('',(0.,-1.,0.));
#2139=DIRECTION('',(0.,0.,1.));
#2140=DIRECTION('',(0.,1.,0.));
#2141=DIRECTION('',(0.,0.,1.));
#2142=DIRECTION('center_axis',(0.,0.,1.));
#2143=DIRECTION('ref_axis',(2.22044604925031E-15,-1.,0.));
#2144=DIRECTION('center_axis',(0.,0.,-1.));
#2145=DIRECTION('ref_axis',(2.22044604925031E-15,-1.,0.));
#2146=DIRECTION('center_axis',(0.,0.,1.));
#2147=DIRECTION('ref_axis',(2.22044604925031E-15,-1.,0.));
#2148=DIRECTION('',(0.,0.,1.));
#2149=DIRECTION('center_axis',(0.,-1.,0.));
#2150=DIRECTION('ref_axis',(1.,0.,0.));
#2151=DIRECTION('',(-1.,0.,0.));
#2152=DIRECTION('',(1.,0.,0.));
#2153=DIRECTION('',(0.,0.,1.));
#2154=DIRECTION('center_axis',(0.,0.,1.));
#2155=DIRECTION('ref_axis',(-1.,-2.22044604925031E-15,0.));
#2156=DIRECTION('center_axis',(0.,0.,-1.));
#2157=DIRECTION('ref_axis',(-1.,-2.22044604925031E-15,0.));
#2158=DIRECTION('center_axis',(0.,0.,1.));
#2159=DIRECTION('ref_axis',(-1.,-2.22044604925031E-15,0.));
#2160=DIRECTION('',(0.,0.,1.));
#2161=DIRECTION('center_axis',(-1.,0.,0.));
#2162=DIRECTION('ref_axis',(0.,-1.,0.));
#2163=DIRECTION('',(0.,1.,0.));
#2164=DIRECTION('',(0.,-1.,0.));
#2165=DIRECTION('',(0.,0.,1.));
#2166=DIRECTION('center_axis',(0.,0.,1.));
#2167=DIRECTION('ref_axis',(-2.22044604925031E-15,1.,0.));
#2168=DIRECTION('center_axis',(0.,0.,-1.));
#2169=DIRECTION('ref_axis',(-2.22044604925031E-15,1.,0.));
#2170=DIRECTION('center_axis',(0.,0.,1.));
#2171=DIRECTION('ref_axis',(-2.22044604925031E-15,1.,0.));
#2172=DIRECTION('',(0.,0.,1.));
#2173=DIRECTION('center_axis',(0.,1.,0.));
#2174=DIRECTION('ref_axis',(-1.,0.,0.));
#2175=DIRECTION('',(1.,0.,0.));
#2176=DIRECTION('',(-1.,0.,0.));
#2177=DIRECTION('',(0.,0.,1.));
#2178=DIRECTION('center_axis',(0.,0.,1.));
#2179=DIRECTION('ref_axis',(1.,2.22044604925031E-15,0.));
#2180=DIRECTION('center_axis',(0.,0.,-1.));
#2181=DIRECTION('ref_axis',(1.,2.22044604925031E-15,0.));
#2182=DIRECTION('center_axis',(0.,0.,1.));
#2183=DIRECTION('ref_axis',(1.,2.22044604925031E-15,0.));
#2184=DIRECTION('center_axis',(5.55111487497162E-16,-1.,0.));
#2185=DIRECTION('ref_axis',(1.,5.55111487497162E-16,0.));
#2186=DIRECTION('',(-1.,-5.55111487497162E-16,0.));
#2187=DIRECTION('',(0.,0.,1.));
#2188=DIRECTION('',(1.,5.55111487497162E-16,0.));
#2189=DIRECTION('',(0.,0.,1.));
#2190=DIRECTION('center_axis',(0.,0.,1.));
#2191=DIRECTION('ref_axis',(-1.,-1.66533453693773E-15,0.));
#2192=DIRECTION('center_axis',(0.,0.,-1.));
#2193=DIRECTION('ref_axis',(-1.,-1.66533453693773E-15,0.));
#2194=DIRECTION('center_axis',(0.,0.,1.));
#2195=DIRECTION('ref_axis',(-1.,-1.66533453693773E-15,0.));
#2196=DIRECTION('',(0.,0.,1.));
#2197=DIRECTION('center_axis',(-1.,0.,0.));
#2198=DIRECTION('ref_axis',(0.,-1.,0.));
#2199=DIRECTION('',(0.,1.,0.));
#2200=DIRECTION('',(0.,-1.,0.));
#2201=DIRECTION('',(0.,0.,1.));
#2202=DIRECTION('center_axis',(0.,0.,1.));
#2203=DIRECTION('ref_axis',(0.,1.,0.));
#2204=DIRECTION('center_axis',(0.,0.,-1.));
#2205=DIRECTION('ref_axis',(0.,1.,0.));
#2206=DIRECTION('center_axis',(0.,0.,1.));
#2207=DIRECTION('ref_axis',(0.,1.,0.));
#2208=DIRECTION('',(0.,0.,1.));
#2209=DIRECTION('center_axis',(0.,1.,0.));
#2210=DIRECTION('ref_axis',(-1.,0.,0.));
#2211=DIRECTION('',(1.,0.,0.));
#2212=DIRECTION('',(-1.,0.,0.));
#2213=DIRECTION('',(0.,0.,1.));
#2214=DIRECTION('center_axis',(0.,0.,1.));
#2215=DIRECTION('ref_axis',(1.,1.11022302462516E-15,0.));
#2216=DIRECTION('center_axis',(0.,0.,-1.));
#2217=DIRECTION('ref_axis',(1.,1.11022302462516E-15,0.));
#2218=DIRECTION('center_axis',(0.,0.,1.));
#2219=DIRECTION('ref_axis',(1.,1.11022302462516E-15,0.));
#2220=DIRECTION('',(0.,0.,1.));
#2221=DIRECTION('center_axis',(1.,0.,0.));
#2222=DIRECTION('ref_axis',(0.,1.,0.));
#2223=DIRECTION('',(0.,-1.,0.));
#2224=DIRECTION('',(0.,1.,0.));
#2225=DIRECTION('',(0.,0.,1.));
#2226=DIRECTION('center_axis',(0.,0.,1.));
#2227=DIRECTION('ref_axis',(0.,-1.,0.));
#2228=DIRECTION('center_axis',(0.,0.,-1.));
#2229=DIRECTION('ref_axis',(0.,-1.,0.));
#2230=DIRECTION('center_axis',(0.,0.,1.));
#2231=DIRECTION('ref_axis',(0.,-1.,0.));
#2232=DIRECTION('center_axis',(0.743040416612218,0.66924654596101,0.));
#2233=DIRECTION('ref_axis',(-0.66924654596101,0.743040416612218,0.));
#2234=DIRECTION('',(0.66924654596101,-0.743040416612218,0.));
#2235=DIRECTION('',(0.,0.,1.));
#2236=DIRECTION('',(-0.66924654596101,0.743040416612218,0.));
#2237=DIRECTION('',(0.,0.,1.));
#2238=DIRECTION('center_axis',(0.,0.,1.));
#2239=DIRECTION('ref_axis',(1.,0.,0.));
#2240=DIRECTION('center_axis',(0.,0.,-1.));
#2241=DIRECTION('ref_axis',(1.,0.,0.));
#2242=DIRECTION('center_axis',(0.,0.,1.));
#2243=DIRECTION('ref_axis',(1.,0.,0.));
#2244=DIRECTION('',(0.,0.,1.));
#2245=DIRECTION('center_axis',(-0.81130530840937,0.584622695887508,0.));
#2246=DIRECTION('ref_axis',(-0.584622695887508,-0.81130530840937,0.));
#2247=DIRECTION('',(0.584622695887508,0.81130530840937,0.));
#2248=DIRECTION('',(-0.584622695887508,-0.81130530840937,0.));
#2249=DIRECTION('',(0.,0.,1.));
#2250=DIRECTION('center_axis',(0.584622695887508,0.81130530840937,0.));
#2251=DIRECTION('ref_axis',(-0.81130530840937,0.584622695887508,0.));
#2252=DIRECTION('',(0.81130530840937,-0.584622695887508,0.));
#2253=DIRECTION('',(-0.81130530840937,0.584622695887508,0.));
#2254=DIRECTION('',(0.,0.,1.));
#2255=DIRECTION('center_axis',(0.802276711776014,-0.596952324513328,0.));
#2256=DIRECTION('ref_axis',(0.596952324513328,0.802276711776014,0.));
#2257=DIRECTION('',(-0.596952324513328,-0.802276711776014,0.));
#2258=DIRECTION('',(0.596952324513328,0.802276711776014,0.));
#2259=DIRECTION('',(0.,0.,1.));
#2260=DIRECTION('center_axis',(0.,0.,1.));
#2261=DIRECTION('ref_axis',(1.,0.,0.));
#2262=DIRECTION('center_axis',(0.,0.,-1.));
#2263=DIRECTION('ref_axis',(1.,0.,0.));
#2264=DIRECTION('center_axis',(0.,0.,1.));
#2265=DIRECTION('ref_axis',(1.,0.,0.));
#2266=DIRECTION('',(0.,0.,1.));
#2267=DIRECTION('center_axis',(0.830146183561767,0.557545795354815,0.));
#2268=DIRECTION('ref_axis',(-0.557545795354815,0.830146183561767,0.));
#2269=DIRECTION('',(0.557545795354815,-0.830146183561767,0.));
#2270=DIRECTION('',(-0.557545795354815,0.830146183561767,0.));
#2271=DIRECTION('',(0.,0.,1.));
#2272=DIRECTION('center_axis',(0.557545795354814,-0.830146183561767,0.));
#2273=DIRECTION('ref_axis',(0.830146183561767,0.557545795354814,0.));
#2274=DIRECTION('',(-0.830146183561767,-0.557545795354814,0.));
#2275=DIRECTION('',(0.830146183561767,0.557545795354814,0.));
#2276=DIRECTION('',(0.,0.,1.));
#2277=DIRECTION('center_axis',(-0.830146183561768,-0.557545795354814,0.));
#2278=DIRECTION('ref_axis',(0.557545795354814,-0.830146183561767,0.));
#2279=DIRECTION('',(-0.557545795354814,0.830146183561767,0.));
#2280=DIRECTION('',(0.557545795354814,-0.830146183561767,0.));
#2281=DIRECTION('',(0.,0.,1.));
#2282=DIRECTION('center_axis',(0.,0.,1.));
#2283=DIRECTION('ref_axis',(1.,0.,0.));
#2284=DIRECTION('center_axis',(0.,0.,-1.));
#2285=DIRECTION('ref_axis',(1.,0.,0.));
#2286=DIRECTION('center_axis',(0.,0.,1.));
#2287=DIRECTION('ref_axis',(1.,0.,0.));
#2288=DIRECTION('',(0.,0.,1.));
#2289=DIRECTION('center_axis',(0.891883373965389,-0.452265461033799,0.));
#2290=DIRECTION('ref_axis',(0.452265461033799,0.891883373965389,0.));
#2291=DIRECTION('',(-0.452265461033799,-0.891883373965389,0.));
#2292=DIRECTION('',(0.452265461033799,0.891883373965389,0.));
#2293=DIRECTION('',(0.,0.,1.));
#2294=DIRECTION('center_axis',(-0.452265461033798,-0.891883373965389,0.));
#2295=DIRECTION('ref_axis',(0.891883373965389,-0.452265461033798,0.));
#2296=DIRECTION('',(-0.891883373965389,0.452265461033798,0.));
#2297=DIRECTION('',(0.891883373965389,-0.452265461033798,0.));
#2298=DIRECTION('',(0.,0.,1.));
#2299=DIRECTION('center_axis',(-0.865914733765589,0.500191637122882,0.));
#2300=DIRECTION('ref_axis',(-0.500191637122882,-0.865914733765589,0.));
#2301=DIRECTION('',(0.500191637122882,0.865914733765589,0.));
#2302=DIRECTION('',(-0.500191637122882,-0.865914733765589,0.));
#2303=DIRECTION('',(0.,0.,1.));
#2304=DIRECTION('center_axis',(0.,0.,1.));
#2305=DIRECTION('ref_axis',(-0.999562895953125,0.0295637790852552,0.));
#2306=DIRECTION('center_axis',(0.,0.,-1.));
#2307=DIRECTION('ref_axis',(1.,0.,0.));
#2308=DIRECTION('center_axis',(0.,0.,1.));
#2309=DIRECTION('ref_axis',(1.,0.,0.));
#2310=DIRECTION('',(0.,0.,1.));
#2311=DIRECTION('center_axis',(-0.743040416612218,-0.66924654596101,0.));
#2312=DIRECTION('ref_axis',(0.66924654596101,-0.743040416612218,0.));
#2313=DIRECTION('',(-0.66924654596101,0.743040416612218,0.));
#2314=DIRECTION('',(0.66924654596101,-0.743040416612218,0.));
#2315=DIRECTION('',(0.,0.,1.));
#2316=DIRECTION('center_axis',(-0.66924654596101,0.743040416612218,0.));
#2317=DIRECTION('ref_axis',(-0.743040416612218,-0.66924654596101,0.));
#2318=DIRECTION('',(0.743040416612218,0.66924654596101,0.));
#2319=DIRECTION('',(-0.743040416612218,-0.66924654596101,0.));
#2320=DIRECTION('center_axis',(-1.,0.,0.));
#2321=DIRECTION('ref_axis',(0.,-1.,0.));
#2322=DIRECTION('',(0.,1.,0.));
#2323=DIRECTION('',(0.,0.,1.));
#2324=DIRECTION('',(0.,-1.,0.));
#2325=DIRECTION('',(0.,0.,1.));
#2326=DIRECTION('center_axis',(-0.980580673667749,-0.19611614525404,0.));
#2327=DIRECTION('ref_axis',(0.19611614525404,-0.980580673667749,0.));
#2328=DIRECTION('',(-0.19611614525404,0.980580673667749,0.));
#2329=DIRECTION('',(0.19611614525404,-0.980580673667749,0.));
#2330=DIRECTION('',(0.,0.,1.));
#2331=DIRECTION('center_axis',(0.,0.,1.));
#2332=DIRECTION('ref_axis',(1.,0.,0.));
#2333=DIRECTION('center_axis',(0.,0.,1.));
#2334=DIRECTION('ref_axis',(1.,0.,0.));
#2335=DIRECTION('center_axis',(0.,0.,1.));
#2336=DIRECTION('ref_axis',(1.,0.,0.));
#2337=DIRECTION('',(0.,0.,1.));
#2338=DIRECTION('center_axis',(0.980580676477709,-0.19611613120424,0.));
#2339=DIRECTION('ref_axis',(0.19611613120424,0.980580676477709,0.));
#2340=DIRECTION('',(0.19611613120424,0.980580676477709,0.));
#2341=DIRECTION('',(0.19611613120424,0.980580676477709,0.));
#2342=DIRECTION('',(0.,0.,1.));
#2343=DIRECTION('center_axis',(1.,0.,0.));
#2344=DIRECTION('ref_axis',(0.,1.,0.));
#2345=DIRECTION('',(0.,1.,0.));
#2346=DIRECTION('',(0.,1.,0.));
#2347=DIRECTION('',(0.,0.,1.));
#2348=DIRECTION('center_axis',(0.707106781186548,0.707106781186548,0.));
#2349=DIRECTION('ref_axis',(-0.707106781186548,0.707106781186548,0.));
#2350=DIRECTION('',(-0.707106781186548,0.707106781186548,0.));
#2351=DIRECTION('',(-0.707106781186548,0.707106781186548,0.));
#2352=DIRECTION('',(0.,0.,1.));
#2353=DIRECTION('center_axis',(1.,0.,0.));
#2354=DIRECTION('ref_axis',(0.,1.,0.));
#2355=DIRECTION('',(0.,1.,0.));
#2356=DIRECTION('',(0.,1.,0.));
#2357=DIRECTION('',(0.,0.,1.));
#2358=DIRECTION('center_axis',(0.707106781186547,-0.707106781186548,0.));
#2359=DIRECTION('ref_axis',(0.707106781186548,0.707106781186547,0.));
#2360=DIRECTION('',(0.707106781186548,0.707106781186547,0.));
#2361=DIRECTION('',(0.707106781186548,0.707106781186547,0.));
#2362=DIRECTION('',(0.,0.,1.));
#2363=DIRECTION('center_axis',(0.,-1.,0.));
#2364=DIRECTION('ref_axis',(1.,0.,0.));
#2365=DIRECTION('',(1.,0.,0.));
#2366=DIRECTION('',(1.,0.,0.));
#2367=DIRECTION('',(0.,0.,1.));
#2368=DIRECTION('center_axis',(-0.707106781186548,-0.707106781186548,0.));
#2369=DIRECTION('ref_axis',(0.707106781186548,-0.707106781186548,0.));
#2370=DIRECTION('',(0.707106781186548,-0.707106781186548,0.));
#2371=DIRECTION('',(0.707106781186548,-0.707106781186548,0.));
#2372=DIRECTION('',(0.,0.,1.));
#2373=DIRECTION('center_axis',(-1.,0.,0.));
#2374=DIRECTION('ref_axis',(0.,-1.,0.));
#2375=DIRECTION('',(0.,-1.,0.));
#2376=DIRECTION('',(0.,-1.,0.));
#2377=DIRECTION('',(0.,0.,1.));
#2378=DIRECTION('center_axis',(-0.707106781186548,0.707106781186548,0.));
#2379=DIRECTION('ref_axis',(-0.707106781186548,-0.707106781186548,0.));
#2380=DIRECTION('',(0.707106781186548,0.707106781186548,0.));
#2381=DIRECTION('',(-0.707106781186548,-0.707106781186548,0.));
#2382=DIRECTION('center_axis',(0.,0.,1.));
#2383=DIRECTION('ref_axis',(1.,0.,0.));
#2384=DIRECTION('center_axis',(0.,0.,1.));
#2385=DIRECTION('ref_axis',(1.,0.,0.));
#2386=CARTESIAN_POINT('',(0.,0.,0.));
#2387=CARTESIAN_POINT('Origin',(9.00000013411045,11.0000001490116,0.));
#2388=CARTESIAN_POINT('',(9.00000013411045,12.0000001937151,5.));
#2389=CARTESIAN_POINT('',(9.00000013411045,11.0000001490116,5.));
#2390=CARTESIAN_POINT('',(9.00000013411045,31.1250000745058,5.));
#2391=CARTESIAN_POINT('',(9.00000013411045,12.0000001937151,0.));
#2392=CARTESIAN_POINT('',(9.00000013411045,12.0000001937151,0.));
#2393=CARTESIAN_POINT('',(9.00000013411045,11.0000001490116,0.));
#2394=CARTESIAN_POINT('',(9.00000013411045,31.1250000745058,0.));
#2395=CARTESIAN_POINT('',(9.00000013411045,11.0000001490116,0.));
#2396=CARTESIAN_POINT('Origin',(8.00000013411045,11.0000001490116,0.));
#2397=CARTESIAN_POINT('',(8.00000013411045,10.0000001490116,5.));
#2398=CARTESIAN_POINT('Origin',(8.00000013411045,11.0000001490116,5.));
#2399=CARTESIAN_POINT('',(8.00000013411045,10.0000001490116,0.));
#2400=CARTESIAN_POINT('Origin',(8.00000013411045,11.0000001490116,0.));
#2401=CARTESIAN_POINT('',(8.00000013411045,10.0000001490116,0.));
#2402=CARTESIAN_POINT('Origin',(4.00000004470348,10.0000001490116,0.));
#2403=CARTESIAN_POINT('',(4.00000004470348,10.0000001490116,5.));
#2404=CARTESIAN_POINT('',(8.250000115484,10.0000001490116,5.));
#2405=CARTESIAN_POINT('',(4.00000004470348,10.0000001490116,0.));
#2406=CARTESIAN_POINT('',(8.250000115484,10.0000001490116,0.));
#2407=CARTESIAN_POINT('',(4.00000004470348,10.0000001490116,0.));
#2408=CARTESIAN_POINT('Origin',(4.00000004470349,11.0000001490116,0.));
#2409=CARTESIAN_POINT('',(3.00000004470348,11.0000001490116,5.));
#2410=CARTESIAN_POINT('Origin',(4.00000004470349,11.0000001490116,5.));
#2411=CARTESIAN_POINT('',(3.00000004470348,11.0000001490116,0.));
#2412=CARTESIAN_POINT('Origin',(4.00000004470349,11.0000001490116,0.));
#2413=CARTESIAN_POINT('',(3.00000004470348,11.0000001490116,0.));
#2414=CARTESIAN_POINT('Origin',(3.00000004470348,12.0000001937151,0.));
#2415=CARTESIAN_POINT('',(3.00000004470348,12.0000001937151,5.));
#2416=CARTESIAN_POINT('',(3.00000004470348,31.6250000968575,5.));
#2417=CARTESIAN_POINT('',(3.00000004470348,12.0000001937151,0.));
#2418=CARTESIAN_POINT('',(3.00000004470348,31.6250000968575,0.));
#2419=CARTESIAN_POINT('',(3.00000004470348,12.0000001937151,0.));
#2420=CARTESIAN_POINT('Origin',(4.00000004470349,12.0000001937151,0.));
#2421=CARTESIAN_POINT('',(4.00000004470348,13.0000001937151,5.));
#2422=CARTESIAN_POINT('Origin',(4.00000004470349,12.0000001937151,5.));
#2423=CARTESIAN_POINT('',(4.00000004470348,13.0000001937151,0.));
#2424=CARTESIAN_POINT('Origin',(4.00000004470349,12.0000001937151,0.));
#2425=CARTESIAN_POINT('',(4.00000004470348,13.0000001937151,0.));
#2426=CARTESIAN_POINT('Origin',(8.00000013411045,13.0000001937151,0.));
#2427=CARTESIAN_POINT('',(8.00000013411045,13.0000001937151,5.));
#2428=CARTESIAN_POINT('',(10.2500001601875,13.0000001937151,5.));
#2429=CARTESIAN_POINT('',(8.00000013411045,13.0000001937151,0.));
#2430=CARTESIAN_POINT('',(10.2500001601875,13.0000001937151,0.));
#2431=CARTESIAN_POINT('',(8.00000013411045,13.0000001937151,0.));
#2432=CARTESIAN_POINT('Origin',(8.00000013411045,12.0000001937151,0.));
#2433=CARTESIAN_POINT('Origin',(8.00000013411045,12.0000001937151,5.));
#2434=CARTESIAN_POINT('Origin',(8.00000013411045,12.0000001937151,0.));
#2435=CARTESIAN_POINT('Origin',(22.476287648195,11.0000001490116,0.));
#2436=CARTESIAN_POINT('',(22.476287648195,12.0000001937151,5.));
#2437=CARTESIAN_POINT('',(22.476287648195,11.0000001490116,5.));
#2438=CARTESIAN_POINT('',(22.476287648195,31.1250000745058,5.));
#2439=CARTESIAN_POINT('',(22.476287648195,12.0000001937151,0.));
#2440=CARTESIAN_POINT('',(22.476287648195,12.0000001937151,0.));
#2441=CARTESIAN_POINT('',(22.476287648195,11.0000001490116,0.));
#2442=CARTESIAN_POINT('',(22.476287648195,31.1250000745058,0.));
#2443=CARTESIAN_POINT('',(22.476287648195,11.0000001490116,0.));
#2444=CARTESIAN_POINT('Origin',(21.476287648195,11.0000001490116,0.));
#2445=CARTESIAN_POINT('',(21.476287648195,10.0000001490116,5.));
#2446=CARTESIAN_POINT('Origin',(21.476287648195,11.0000001490116,5.));
#2447=CARTESIAN_POINT('',(21.476287648195,10.0000001490116,0.));
#2448=CARTESIAN_POINT('Origin',(21.476287648195,11.0000001490116,0.));
#2449=CARTESIAN_POINT('',(21.476287648195,10.0000001490116,0.));
#2450=CARTESIAN_POINT('Origin',(18.0000002533197,10.0000001490116,0.));
#2451=CARTESIAN_POINT('',(18.0000002533197,10.0000001490116,5.));
#2452=CARTESIAN_POINT('',(15.2500002197921,10.0000001490116,5.));
#2453=CARTESIAN_POINT('',(18.0000002533197,10.0000001490116,0.));
#2454=CARTESIAN_POINT('',(15.2500002197921,10.0000001490116,0.));
#2455=CARTESIAN_POINT('',(18.0000002533197,10.0000001490116,0.));
#2456=CARTESIAN_POINT('Origin',(18.0000002533197,11.0000001490116,0.));
#2457=CARTESIAN_POINT('',(17.0000002533197,11.0000001490116,5.));
#2458=CARTESIAN_POINT('Origin',(18.0000002533197,11.0000001490116,5.));
#2459=CARTESIAN_POINT('',(17.0000002533197,11.0000001490116,0.));
#2460=CARTESIAN_POINT('Origin',(18.0000002533197,11.0000001490116,0.));
#2461=CARTESIAN_POINT('',(17.0000002533197,11.0000001490116,0.));
#2462=CARTESIAN_POINT('Origin',(17.0000002533197,12.0000001937151,0.));
#2463=CARTESIAN_POINT('',(17.0000002533197,12.0000001937151,5.));
#2464=CARTESIAN_POINT('',(17.0000002533197,31.6250000968575,5.));
#2465=CARTESIAN_POINT('',(17.0000002533197,12.0000001937151,0.));
#2466=CARTESIAN_POINT('',(17.0000002533197,31.6250000968575,0.));
#2467=CARTESIAN_POINT('',(17.0000002533197,12.0000001937151,0.));
#2468=CARTESIAN_POINT('Origin',(18.0000002533197,12.0000001937151,0.));
#2469=CARTESIAN_POINT('',(18.0000002533197,13.0000001937151,5.));
#2470=CARTESIAN_POINT('Origin',(18.0000002533197,12.0000001937151,5.));
#2471=CARTESIAN_POINT('',(18.0000002533197,13.0000001937151,0.));
#2472=CARTESIAN_POINT('Origin',(18.0000002533197,12.0000001937151,0.));
#2473=CARTESIAN_POINT('',(18.0000002533197,13.0000001937151,0.));
#2474=CARTESIAN_POINT('Origin',(21.476287648195,13.0000001937151,0.));
#2475=CARTESIAN_POINT('',(21.476287648195,13.0000001937151,5.));
#2476=CARTESIAN_POINT('',(16.9881439172298,13.0000001937151,5.));
#2477=CARTESIAN_POINT('',(21.476287648195,13.0000001937151,0.));
#2478=CARTESIAN_POINT('',(16.9881439172298,13.0000001937151,0.));
#2479=CARTESIAN_POINT('',(21.476287648195,13.0000001937151,0.));
#2480=CARTESIAN_POINT('Origin',(21.476287648195,12.0000001937151,0.));
#2481=CARTESIAN_POINT('Origin',(21.476287648195,12.0000001937151,5.));
#2482=CARTESIAN_POINT('Origin',(21.476287648195,12.0000001937151,0.));
#2483=CARTESIAN_POINT('Origin',(18.0000002682209,30.0000004470348,0.));
#2484=CARTESIAN_POINT('',(18.0000002682209,34.0000005066395,5.));
#2485=CARTESIAN_POINT('',(18.0000002682209,30.0000004470348,5.));
#2486=CARTESIAN_POINT('',(18.0000002682209,40.6250002235174,5.));
#2487=CARTESIAN_POINT('',(18.0000002682209,34.0000005066395,0.));
#2488=CARTESIAN_POINT('',(18.0000002682209,34.0000005066395,0.));
#2489=CARTESIAN_POINT('',(18.0000002682209,30.0000004470348,0.));
#2490=CARTESIAN_POINT('',(18.0000002682209,40.6250002235174,0.));
#2491=CARTESIAN_POINT('',(18.0000002682209,30.0000004470348,0.));
#2492=CARTESIAN_POINT('Origin',(7.00000010430813,30.0000004470348,0.));
#2493=CARTESIAN_POINT('',(7.00000010430813,30.0000004470348,5.));
#2494=CARTESIAN_POINT('',(9.75000014528632,30.0000004470348,5.));
#2495=CARTESIAN_POINT('',(7.00000010430813,30.0000004470348,0.));
#2496=CARTESIAN_POINT('',(9.75000014528632,30.0000004470348,0.));
#2497=CARTESIAN_POINT('',(7.00000010430813,30.0000004470348,0.));
#2498=CARTESIAN_POINT('Origin',(7.00000010430813,34.0000005066395,0.));
#2499=CARTESIAN_POINT('',(7.00000010430813,34.0000005066395,5.));
#2500=CARTESIAN_POINT('',(7.00000010430813,42.6250002533197,5.));
#2501=CARTESIAN_POINT('',(7.00000010430813,34.0000005066395,0.));
#2502=CARTESIAN_POINT('',(7.00000010430813,42.6250002533197,0.));
#2503=CARTESIAN_POINT('',(7.00000010430813,34.0000005066395,0.));
#2504=CARTESIAN_POINT('Origin',(18.0000002682209,34.0000005066395,0.));
#2505=CARTESIAN_POINT('',(15.2500002272427,34.0000005066395,5.));
#2506=CARTESIAN_POINT('',(15.2500002272427,34.0000005066395,0.));
#2507=CARTESIAN_POINT('Origin',(18.0000002682209,39.0000005811453,0.));
#2508=CARTESIAN_POINT('',(18.0000002682209,43.0000006407499,5.));
#2509=CARTESIAN_POINT('',(18.0000002682209,39.0000005811453,5.));
#2510=CARTESIAN_POINT('',(18.0000002682209,45.1250002905726,5.));
#2511=CARTESIAN_POINT('',(18.0000002682209,43.0000006407499,0.));
#2512=CARTESIAN_POINT('',(18.0000002682209,43.0000006407499,0.));
#2513=CARTESIAN_POINT('',(18.0000002682209,39.0000005811453,0.));
#2514=CARTESIAN_POINT('',(18.0000002682209,45.1250002905726,0.));
#2515=CARTESIAN_POINT('',(18.0000002682209,39.0000005811453,0.));
#2516=CARTESIAN_POINT('Origin',(7.00000010430813,39.0000005811453,0.));
#2517=CARTESIAN_POINT('',(7.00000010430813,39.0000005811453,5.));
#2518=CARTESIAN_POINT('',(9.75000014528632,39.0000005811453,5.));
#2519=CARTESIAN_POINT('',(7.00000010430813,39.0000005811453,0.));
#2520=CARTESIAN_POINT('',(9.75000014528632,39.0000005811453,0.));
#2521=CARTESIAN_POINT('',(7.00000010430813,39.0000005811453,0.));
#2522=CARTESIAN_POINT('Origin',(7.00000010430813,43.0000006407499,0.));
#2523=CARTESIAN_POINT('',(7.00000010430813,43.0000006407499,5.));
#2524=CARTESIAN_POINT('',(7.00000010430813,47.125000320375,5.));
#2525=CARTESIAN_POINT('',(7.00000010430813,43.0000006407499,0.));
#2526=CARTESIAN_POINT('',(7.00000010430813,47.125000320375,0.));
#2527=CARTESIAN_POINT('',(7.00000010430813,43.0000006407499,0.));
#2528=CARTESIAN_POINT('Origin',(18.0000002682209,43.0000006407499,0.));
#2529=CARTESIAN_POINT('',(15.2500002272427,43.0000006407499,5.));
#2530=CARTESIAN_POINT('',(15.2500002272427,43.0000006407499,0.));
#2531=CARTESIAN_POINT('Origin',(18.0000002682209,56.000000834465,0.));
#2532=CARTESIAN_POINT('',(18.0000002682209,60.0000008940697,5.));
#2533=CARTESIAN_POINT('',(18.0000002682209,56.000000834465,5.));
#2534=CARTESIAN_POINT('',(18.0000002682209,53.6250004172325,5.));
#2535=CARTESIAN_POINT('',(18.0000002682209,60.0000008940697,0.));
#2536=CARTESIAN_POINT('',(18.0000002682209,60.0000008940697,0.));
#2537=CARTESIAN_POINT('',(18.0000002682209,56.000000834465,0.));
#2538=CARTESIAN_POINT('',(18.0000002682209,53.6250004172325,0.));
#2539=CARTESIAN_POINT('',(18.0000002682209,56.000000834465,0.));
#2540=CARTESIAN_POINT('Origin',(7.00000010430813,56.000000834465,0.));
#2541=CARTESIAN_POINT('',(7.00000010430813,56.000000834465,5.));
#2542=CARTESIAN_POINT('',(9.75000014528632,56.000000834465,5.));
#2543=CARTESIAN_POINT('',(7.00000010430813,56.000000834465,0.));
#2544=CARTESIAN_POINT('',(9.75000014528632,56.000000834465,0.));
#2545=CARTESIAN_POINT('',(7.00000010430813,56.000000834465,0.));
#2546=CARTESIAN_POINT('Origin',(7.00000010430813,60.0000008940697,0.));
#2547=CARTESIAN_POINT('',(7.00000010430813,60.0000008940697,5.));
#2548=CARTESIAN_POINT('',(7.00000010430813,55.6250004470348,5.));
#2549=CARTESIAN_POINT('',(7.00000010430813,60.0000008940697,0.));
#2550=CARTESIAN_POINT('',(7.00000010430813,55.6250004470348,0.));
#2551=CARTESIAN_POINT('',(7.00000010430813,60.0000008940697,0.));
#2552=CARTESIAN_POINT('Origin',(18.0000002682209,60.0000008940697,0.));
#2553=CARTESIAN_POINT('',(15.2500002272427,60.0000008940697,5.));
#2554=CARTESIAN_POINT('',(15.2500002272427,60.0000008940697,0.));
#2555=CARTESIAN_POINT('Origin',(18.0000002682209,70.0000010430813,0.));
#2556=CARTESIAN_POINT('',(18.0000002682209,75.0000011175871,5.));
#2557=CARTESIAN_POINT('',(18.0000002682209,70.0000010430813,5.));
#2558=CARTESIAN_POINT('',(18.0000002682209,60.6250005215406,5.));
#2559=CARTESIAN_POINT('',(18.0000002682209,75.0000011175871,0.));
#2560=CARTESIAN_POINT('',(18.0000002682209,75.0000011175871,0.));
#2561=CARTESIAN_POINT('',(18.0000002682209,70.0000010430813,0.));
#2562=CARTESIAN_POINT('',(18.0000002682209,60.6250005215406,0.));
#2563=CARTESIAN_POINT('',(18.0000002682209,70.0000010430813,0.));
#2564=CARTESIAN_POINT('Origin',(7.00000010430813,70.0000010430813,0.));
#2565=CARTESIAN_POINT('',(7.00000010430813,70.0000010430813,5.));
#2566=CARTESIAN_POINT('',(9.75000014528632,70.0000010430813,5.));
#2567=CARTESIAN_POINT('',(7.00000010430813,70.0000010430813,0.));
#2568=CARTESIAN_POINT('',(9.75000014528632,70.0000010430813,0.));
#2569=CARTESIAN_POINT('',(7.00000010430813,70.0000010430813,0.));
#2570=CARTESIAN_POINT('Origin',(7.00000010430813,75.0000011175871,0.));
#2571=CARTESIAN_POINT('',(7.00000010430813,75.0000011175871,5.));
#2572=CARTESIAN_POINT('',(7.00000010430813,63.1250005587935,5.));
#2573=CARTESIAN_POINT('',(7.00000010430813,75.0000011175871,0.));
#2574=CARTESIAN_POINT('',(7.00000010430813,63.1250005587935,0.));
#2575=CARTESIAN_POINT('',(7.00000010430813,75.0000011175871,0.));
#2576=CARTESIAN_POINT('Origin',(18.0000002682209,75.0000011175871,0.));
#2577=CARTESIAN_POINT('',(15.2500002272427,75.0000011175871,5.));
#2578=CARTESIAN_POINT('',(15.2500002272427,75.0000011175871,0.));
#2579=CARTESIAN_POINT('Origin',(12.0000001788139,84.0000012516975,0.));
#2580=CARTESIAN_POINT('',(10.2500001788139,84.0000012516975,0.));
#2581=CARTESIAN_POINT('Origin',(12.0000001788139,84.0000012516975,0.));
#2582=CARTESIAN_POINT('',(10.2500001788139,84.0000012516975,5.));
#2583=CARTESIAN_POINT('',(10.2500001788139,84.0000012516975,0.));
#2584=CARTESIAN_POINT('Origin',(12.0000001788139,84.0000012516975,5.));
#2585=CARTESIAN_POINT('Origin',(12.5000001862645,63.7662698231328,0.));
#2586=CARTESIAN_POINT('',(10.7500001862645,63.7662698231328,0.));
#2587=CARTESIAN_POINT('Origin',(12.5000001862645,63.7662698231328,0.));
#2588=CARTESIAN_POINT('',(10.7500001862645,63.7662698231328,5.));
#2589=CARTESIAN_POINT('',(10.7500001862645,63.7662698231328,0.));
#2590=CARTESIAN_POINT('Origin',(12.5000001862645,63.7662698231328,5.));
#2591=CARTESIAN_POINT('Origin',(18.0000002682209,48.0000007152557,0.));
#2592=CARTESIAN_POINT('',(18.0000002682209,52.0000007748604,5.));
#2593=CARTESIAN_POINT('',(18.0000002682209,48.0000007152557,5.));
#2594=CARTESIAN_POINT('',(18.0000002682209,49.6250003576279,5.));
#2595=CARTESIAN_POINT('',(18.0000002682209,52.0000007748604,0.));
#2596=CARTESIAN_POINT('',(18.0000002682209,52.0000007748604,0.));
#2597=CARTESIAN_POINT('',(18.0000002682209,48.0000007152557,0.));
#2598=CARTESIAN_POINT('',(18.0000002682209,49.6250003576279,0.));
#2599=CARTESIAN_POINT('',(18.0000002682209,48.0000007152557,0.));
#2600=CARTESIAN_POINT('Origin',(7.00000010430813,48.0000007152557,0.));
#2601=CARTESIAN_POINT('',(7.00000010430813,48.0000007152557,5.));
#2602=CARTESIAN_POINT('',(9.75000014528632,48.0000007152557,5.));
#2603=CARTESIAN_POINT('',(7.00000010430813,48.0000007152557,0.));
#2604=CARTESIAN_POINT('',(9.75000014528632,48.0000007152557,0.));
#2605=CARTESIAN_POINT('',(7.00000010430813,48.0000007152557,0.));
#2606=CARTESIAN_POINT('Origin',(7.00000010430813,52.0000007748604,0.));
#2607=CARTESIAN_POINT('',(7.00000010430813,52.0000007748604,5.));
#2608=CARTESIAN_POINT('',(7.00000010430813,51.6250003874302,5.));
#2609=CARTESIAN_POINT('',(7.00000010430813,52.0000007748604,0.));
#2610=CARTESIAN_POINT('',(7.00000010430813,51.6250003874302,0.));
#2611=CARTESIAN_POINT('',(7.00000010430813,52.0000007748604,0.));
#2612=CARTESIAN_POINT('Origin',(18.0000002682209,52.0000007748604,0.));
#2613=CARTESIAN_POINT('',(15.2500002272427,52.0000007748604,5.));
#2614=CARTESIAN_POINT('',(15.2500002272427,52.0000007748604,0.));
#2615=CARTESIAN_POINT('Origin',(12.0000001788139,98.0000014603138,0.));
#2616=CARTESIAN_POINT('',(10.2500001788139,98.0000014603138,0.));
#2617=CARTESIAN_POINT('Origin',(12.0000001788139,98.0000014603138,0.));
#2618=CARTESIAN_POINT('',(10.2500001788139,98.0000014603138,5.));
#2619=CARTESIAN_POINT('',(10.2500001788139,98.0000014603138,0.));
#2620=CARTESIAN_POINT('Origin',(12.0000001788139,98.0000014603138,5.));
#2621=CARTESIAN_POINT('Origin',(14.0000002086163,17.0000002384186,0.));
#2622=CARTESIAN_POINT('',(14.0000002086163,19.0000002980232,5.));
#2623=CARTESIAN_POINT('',(14.0000002086163,17.0000002384186,5.));
#2624=CARTESIAN_POINT('',(14.0000002086163,34.1250001192093,5.));
#2625=CARTESIAN_POINT('',(14.0000002086163,19.0000002980232,0.));
#2626=CARTESIAN_POINT('',(14.0000002086163,19.0000002980232,0.));
#2627=CARTESIAN_POINT('',(14.0000002086163,17.0000002384186,0.));
#2628=CARTESIAN_POINT('',(14.0000002086163,34.1250001192093,0.));
#2629=CARTESIAN_POINT('',(14.0000002086163,17.0000002384186,0.));
#2630=CARTESIAN_POINT('Origin',(13.0000002086163,17.0000002384186,0.));
#2631=CARTESIAN_POINT('',(13.0000002086163,16.0000002384186,5.));
#2632=CARTESIAN_POINT('Origin',(13.0000002086163,17.0000002384186,5.));
#2633=CARTESIAN_POINT('',(13.0000002086163,16.0000002384186,0.));
#2634=CARTESIAN_POINT('Origin',(13.0000002086163,17.0000002384186,0.));
#2635=CARTESIAN_POINT('',(13.0000002086163,16.0000002384186,0.));
#2636=CARTESIAN_POINT('Origin',(12.0000001639128,16.0000002384186,0.));
#2637=CARTESIAN_POINT('',(12.0000001639128,16.0000002384186,5.));
#2638=CARTESIAN_POINT('',(12.2500001750886,16.0000002384186,5.));
#2639=CARTESIAN_POINT('',(12.0000001639128,16.0000002384186,0.));
#2640=CARTESIAN_POINT('',(12.2500001750886,16.0000002384186,0.));
#2641=CARTESIAN_POINT('',(12.0000001639128,16.0000002384186,0.));
#2642=CARTESIAN_POINT('Origin',(12.0000001639128,17.0000002384186,0.));
#2643=CARTESIAN_POINT('',(11.0000001639128,17.0000002384186,5.));
#2644=CARTESIAN_POINT('Origin',(12.0000001639128,17.0000002384186,5.));
#2645=CARTESIAN_POINT('',(11.0000001639128,17.0000002384186,0.));
#2646=CARTESIAN_POINT('Origin',(12.0000001639128,17.0000002384186,0.));
#2647=CARTESIAN_POINT('',(11.0000001639128,17.0000002384186,0.));
#2648=CARTESIAN_POINT('Origin',(11.0000001639128,19.0000002980232,0.));
#2649=CARTESIAN_POINT('',(11.0000001639128,19.0000002980232,5.));
#2650=CARTESIAN_POINT('',(11.0000001639128,35.1250001490116,5.));
#2651=CARTESIAN_POINT('',(11.0000001639128,19.0000002980232,0.));
#2652=CARTESIAN_POINT('',(11.0000001639128,35.1250001490116,0.));
#2653=CARTESIAN_POINT('',(11.0000001639128,19.0000002980232,0.));
#2654=CARTESIAN_POINT('Origin',(12.0000001639128,19.0000002980232,0.));
#2655=CARTESIAN_POINT('',(12.0000001639128,20.0000002980232,5.));
#2656=CARTESIAN_POINT('Origin',(12.0000001639128,19.0000002980232,5.));
#2657=CARTESIAN_POINT('',(12.0000001639128,20.0000002980232,0.));
#2658=CARTESIAN_POINT('Origin',(12.0000001639128,19.0000002980232,0.));
#2659=CARTESIAN_POINT('',(12.0000001639128,20.0000002980232,0.));
#2660=CARTESIAN_POINT('Origin',(13.0000002086163,20.0000002980232,0.));
#2661=CARTESIAN_POINT('',(13.0000002086163,20.0000002980232,5.));
#2662=CARTESIAN_POINT('',(12.7500001974404,20.0000002980232,5.));
#2663=CARTESIAN_POINT('',(13.0000002086163,20.0000002980232,0.));
#2664=CARTESIAN_POINT('',(12.7500001974404,20.0000002980232,0.));
#2665=CARTESIAN_POINT('',(13.0000002086163,20.0000002980232,0.));
#2666=CARTESIAN_POINT('Origin',(13.0000002086163,19.0000002980232,0.));
#2667=CARTESIAN_POINT('Origin',(13.0000002086163,19.0000002980232,5.));
#2668=CARTESIAN_POINT('Origin',(13.0000002086163,19.0000002980232,0.));
#2669=CARTESIAN_POINT('Origin',(12.0000001639128,3.00000004470348,0.));
#2670=CARTESIAN_POINT('',(13.0000002086163,3.00000004470348,5.));
#2671=CARTESIAN_POINT('',(12.0000001639128,3.00000004470348,5.));
#2672=CARTESIAN_POINT('',(12.2500001750887,3.00000004470348,5.));
#2673=CARTESIAN_POINT('',(13.0000002086163,3.00000004470348,0.));
#2674=CARTESIAN_POINT('',(13.0000002086163,3.00000004470348,0.));
#2675=CARTESIAN_POINT('',(12.0000001639128,3.00000004470348,0.));
#2676=CARTESIAN_POINT('',(12.2500001750887,3.00000004470348,0.));
#2677=CARTESIAN_POINT('',(12.0000001639128,3.00000004470348,0.));
#2678=CARTESIAN_POINT('Origin',(12.0000001639128,4.00000004470349,0.));
#2679=CARTESIAN_POINT('',(11.0000001639128,4.00000004470348,5.));
#2680=CARTESIAN_POINT('Origin',(12.0000001639128,4.00000004470349,5.));
#2681=CARTESIAN_POINT('',(11.0000001639128,4.00000004470348,0.));
#2682=CARTESIAN_POINT('Origin',(12.0000001639128,4.00000004470349,0.));
#2683=CARTESIAN_POINT('',(11.0000001639128,4.00000004470348,0.));
#2684=CARTESIAN_POINT('Origin',(11.0000001639128,6.00000010430813,0.));
#2685=CARTESIAN_POINT('',(11.0000001639128,6.00000010430813,5.));
#2686=CARTESIAN_POINT('',(11.0000001639128,28.6250000521541,5.));
#2687=CARTESIAN_POINT('',(11.0000001639128,6.00000010430813,0.));
#2688=CARTESIAN_POINT('',(11.0000001639128,28.6250000521541,0.));
#2689=CARTESIAN_POINT('',(11.0000001639128,6.00000010430813,0.));
#2690=CARTESIAN_POINT('Origin',(12.0000001639128,6.00000010430813,0.));
#2691=CARTESIAN_POINT('',(12.0000001639128,7.00000010430813,5.));
#2692=CARTESIAN_POINT('Origin',(12.0000001639128,6.00000010430813,5.));
#2693=CARTESIAN_POINT('',(12.0000001639128,7.00000010430813,0.));
#2694=CARTESIAN_POINT('Origin',(12.0000001639128,6.00000010430813,0.));
#2695=CARTESIAN_POINT('',(12.0000001639128,7.00000010430813,0.));
#2696=CARTESIAN_POINT('Origin',(13.0000002086163,7.00000010430813,0.));
#2697=CARTESIAN_POINT('',(13.0000002086163,7.00000010430813,5.));
#2698=CARTESIAN_POINT('',(12.7500001974404,7.00000010430813,5.));
#2699=CARTESIAN_POINT('',(13.0000002086163,7.00000010430813,0.));
#2700=CARTESIAN_POINT('',(12.7500001974404,7.00000010430813,0.));
#2701=CARTESIAN_POINT('',(13.0000002086163,7.00000010430813,0.));
#2702=CARTESIAN_POINT('Origin',(13.0000002086163,6.00000010430813,0.));
#2703=CARTESIAN_POINT('',(14.0000002086163,6.00000010430813,5.));
#2704=CARTESIAN_POINT('Origin',(13.0000002086163,6.00000010430813,5.));
#2705=CARTESIAN_POINT('',(14.0000002086163,6.00000010430813,0.));
#2706=CARTESIAN_POINT('Origin',(13.0000002086163,6.00000010430813,0.));
#2707=CARTESIAN_POINT('',(14.0000002086163,6.00000010430813,0.));
#2708=CARTESIAN_POINT('Origin',(14.0000002086163,4.00000004470348,0.));
#2709=CARTESIAN_POINT('',(14.0000002086163,4.00000004470348,5.));
#2710=CARTESIAN_POINT('',(14.0000002086163,27.6250000223517,5.));
#2711=CARTESIAN_POINT('',(14.0000002086163,4.00000004470348,0.));
#2712=CARTESIAN_POINT('',(14.0000002086163,27.6250000223517,0.));
#2713=CARTESIAN_POINT('',(14.0000002086163,4.00000004470348,0.));
#2714=CARTESIAN_POINT('Origin',(13.0000002086163,4.00000004470349,0.));
#2715=CARTESIAN_POINT('Origin',(13.0000002086163,4.00000004470349,5.));
#2716=CARTESIAN_POINT('Origin',(13.0000002086163,4.00000004470349,0.));
#2717=CARTESIAN_POINT('Origin',(11.8130432301243,13.6011192174514,0.));
#2718=CARTESIAN_POINT('',(7.79756395435821,18.0593617171247,5.));
#2719=CARTESIAN_POINT('',(11.8130432301243,13.6011192174514,5.));
#2720=CARTESIAN_POINT('',(2.6059185104094,23.8234592935048,5.));
#2721=CARTESIAN_POINT('',(7.79756395435821,18.0593617171247,0.));
#2722=CARTESIAN_POINT('',(7.79756395435821,18.0593617171247,0.));
#2723=CARTESIAN_POINT('',(11.8130432301243,13.6011192174514,0.));
#2724=CARTESIAN_POINT('',(2.6059185104094,23.8234592935048,0.));
#2725=CARTESIAN_POINT('',(11.8130432301243,13.6011192174514,0.));
#2726=CARTESIAN_POINT('Origin',(12.556980638248,11.5512600098297,0.));
#2727=CARTESIAN_POINT('',(13.2674087788334,13.6129722825151,5.));
#2728=CARTESIAN_POINT('Origin',(12.556980638248,11.5512600098297,5.));
#2729=CARTESIAN_POINT('',(13.2674087788334,13.6129722825151,0.));
#2730=CARTESIAN_POINT('Origin',(12.556980638248,11.5512600098297,0.));
#2731=CARTESIAN_POINT('',(13.2674087788334,13.6129722825151,0.));
#2732=CARTESIAN_POINT('Origin',(16.7751449541584,18.4808041329713,0.));
#2733=CARTESIAN_POINT('',(16.7751449541584,18.4808041329713,5.));
#2734=CARTESIAN_POINT('',(23.8158951916178,28.2515470121264,5.));
#2735=CARTESIAN_POINT('',(16.7751449541584,18.4808041329713,0.));
#2736=CARTESIAN_POINT('',(23.8158951916178,28.2515470121264,0.));
#2737=CARTESIAN_POINT('',(16.7751449541584,18.4808041329713,0.));
#2738=CARTESIAN_POINT('Origin',(18.3977555709772,17.3115587411963,0.));
#2739=CARTESIAN_POINT('',(18.3977555709772,17.3115587411963,5.));
#2740=CARTESIAN_POINT('',(8.40812764116152,24.5100364914431,5.));
#2741=CARTESIAN_POINT('',(18.3977555709772,17.3115587411963,0.));
#2742=CARTESIAN_POINT('',(8.40812764116152,24.5100364914431,0.));
#2743=CARTESIAN_POINT('',(18.3977555709772,17.3115587411963,0.));
#2744=CARTESIAN_POINT('Origin',(14.6254534919255,12.2417567092255,0.));
#2745=CARTESIAN_POINT('',(14.6254534919255,12.2417567092255,5.));
#2746=CARTESIAN_POINT('',(23.5876810693871,24.286582025713,5.));
#2747=CARTESIAN_POINT('',(14.6254534919255,12.2417567092255,0.));
#2748=CARTESIAN_POINT('',(23.5876810693871,24.286582025713,0.));
#2749=CARTESIAN_POINT('',(14.6254534919255,12.2417567092255,0.));
#2750=CARTESIAN_POINT('Origin',(12.556980638248,11.5512600098297,0.));
#2751=CARTESIAN_POINT('',(14.6456648860196,10.9245513443493,5.));
#2752=CARTESIAN_POINT('Origin',(12.556980638248,11.5512600098297,5.));
#2753=CARTESIAN_POINT('',(14.6456648860196,10.9245513443493,0.));
#2754=CARTESIAN_POINT('Origin',(12.556980638248,11.5512600098297,0.));
#2755=CARTESIAN_POINT('',(14.6456648860196,10.9245513443493,0.));
#2756=CARTESIAN_POINT('Origin',(18.2179812934954,5.60562533531382,0.));
#2757=CARTESIAN_POINT('',(18.2179812934954,5.60562533531382,5.));
#2758=CARTESIAN_POINT('',(6.7661189612395,22.6566369096134,5.));
#2759=CARTESIAN_POINT('',(18.2179812934954,5.60562533531382,0.));
#2760=CARTESIAN_POINT('',(6.7661189612395,22.6566369096134,0.));
#2761=CARTESIAN_POINT('',(18.2179812934954,5.60562533531382,0.));
#2762=CARTESIAN_POINT('Origin',(16.5576889263719,4.49053374460419,0.));
#2763=CARTESIAN_POINT('',(16.5576889263719,4.49053374460419,5.));
#2764=CARTESIAN_POINT('',(25.9807068885741,10.8192552980025,5.));
#2765=CARTESIAN_POINT('',(16.5576889263719,4.49053374460419,0.));
#2766=CARTESIAN_POINT('',(25.9807068885741,10.8192552980025,0.));
#2767=CARTESIAN_POINT('',(16.5576889263719,4.49053374460419,0.));
#2768=CARTESIAN_POINT('Origin',(13.212414154243,9.47141084597479,0.));
#2769=CARTESIAN_POINT('',(13.212414154243,9.47141084597479,5.));
#2770=CARTESIAN_POINT('',(3.43318920805152,24.031983869589,5.));
#2771=CARTESIAN_POINT('',(13.212414154243,9.47141084597479,0.));
#2772=CARTESIAN_POINT('',(3.43318920805152,24.031983869589,0.));
#2773=CARTESIAN_POINT('',(13.212414154243,9.47141084597479,0.));
#2774=CARTESIAN_POINT('Origin',(12.556980638248,11.5512600098297,0.));
#2775=CARTESIAN_POINT('',(11.5055447624084,9.64080241090875,5.));
#2776=CARTESIAN_POINT('Origin',(12.556980638248,11.5512600098297,5.));
#2777=CARTESIAN_POINT('',(11.5055447624084,9.64080241090875,0.));
#2778=CARTESIAN_POINT('Origin',(12.556980638248,11.5512600098297,0.));
#2779=CARTESIAN_POINT('',(11.5055447624084,9.64080241090875,0.));
#2780=CARTESIAN_POINT('Origin',(8.79195199620562,4.28950216711641,0.));
#2781=CARTESIAN_POINT('',(8.79195199620562,4.28950216711641,5.));
#2782=CARTESIAN_POINT('',(18.642363697222,23.7148600150686,5.));
#2783=CARTESIAN_POINT('',(8.79195199620562,4.28950216711641,0.));
#2784=CARTESIAN_POINT('',(18.642363697222,23.7148600150686,0.));
#2785=CARTESIAN_POINT('',(8.79195199620562,4.28950216711641,0.));
#2786=CARTESIAN_POINT('Origin',(7.00818524827484,5.19403308918401,0.));
#2787=CARTESIAN_POINT('',(7.00818524827484,5.19403308918401,5.));
#2788=CARTESIAN_POINT('',(-0.0963189837466816,8.7966586966398,5.));
#2789=CARTESIAN_POINT('',(7.00818524827484,5.19403308918401,0.));
#2790=CARTESIAN_POINT('',(-0.0963189837466816,8.7966586966398,0.));
#2791=CARTESIAN_POINT('',(7.00818524827484,5.19403308918401,0.));
#2792=CARTESIAN_POINT('Origin',(10.4224978760767,11.1047748742755,0.));
#2793=CARTESIAN_POINT('',(10.4224978760767,11.1047748742755,5.));
#2794=CARTESIAN_POINT('',(19.3763011255519,26.6052942383249,5.));
#2795=CARTESIAN_POINT('',(10.4224978760767,11.1047748742755,0.));
#2796=CARTESIAN_POINT('',(19.3763011255519,26.6052942383249,0.));
#2797=CARTESIAN_POINT('',(10.4224978760767,11.1047748742755,0.));
#2798=CARTESIAN_POINT('Origin',(12.556980638248,11.5512600098297,0.));
#2799=CARTESIAN_POINT('',(10.452617061125,12.1231162623577,5.));
#2800=CARTESIAN_POINT('Origin',(12.556980638248,11.5512600098297,5.));
#2801=CARTESIAN_POINT('',(10.452617061125,12.1231162623577,0.));
#2802=CARTESIAN_POINT('Origin',(12.556980638248,11.5512600098297,0.));
#2803=CARTESIAN_POINT('',(10.452617061125,12.1231162623577,0.));
#2804=CARTESIAN_POINT('Origin',(6.31148312113378,16.7208686252026,0.));
#2805=CARTESIAN_POINT('',(6.31148312113378,16.7208686252026,5.));
#2806=CARTESIAN_POINT('',(-0.88790196069807,24.7140874514195,5.));
#2807=CARTESIAN_POINT('',(6.31148312113378,16.7208686252026,0.));
#2808=CARTESIAN_POINT('',(-0.88790196069807,24.7140874514195,0.));
#2809=CARTESIAN_POINT('',(6.31148312113378,16.7208686252026,0.));
#2810=CARTESIAN_POINT('Origin',(7.79756395435821,18.0593617171247,0.));
#2811=CARTESIAN_POINT('',(17.3481671521432,26.6614620323455,5.));
#2812=CARTESIAN_POINT('',(17.3481671521432,26.6614620323455,0.));
#2813=CARTESIAN_POINT('Origin',(5.00000007450581,65.0000009685755,0.));
#2814=CARTESIAN_POINT('',(5.00000007450581,25.000000372529,0.));
#2815=CARTESIAN_POINT('',(5.00000007450581,65.0000009685755,0.));
#2816=CARTESIAN_POINT('',(5.00000007450581,25.000000372529,0.));
#2817=CARTESIAN_POINT('',(5.00000007450581,25.000000372529,5.));
#2818=CARTESIAN_POINT('',(5.00000007450581,25.000000372529,0.));
#2819=CARTESIAN_POINT('',(5.00000007450581,65.0000009685755,5.));
#2820=CARTESIAN_POINT('',(5.00000007450581,25.000000372529,5.));
#2821=CARTESIAN_POINT('',(5.00000007450581,65.0000009685755,0.));
#2822=CARTESIAN_POINT('Origin',(0.,90.,0.));
#2823=CARTESIAN_POINT('',(0.,90.,0.));
#2824=CARTESIAN_POINT('',(5.00000007450581,65.0000009685755,0.));
#2825=CARTESIAN_POINT('',(0.,90.,5.));
#2826=CARTESIAN_POINT('',(5.00000007450581,65.0000009685755,5.));
#2827=CARTESIAN_POINT('',(0.,90.,0.));
#2828=CARTESIAN_POINT('Origin',(12.5,90.,0.));
#2829=CARTESIAN_POINT('',(25.,90.,0.));
#2830=CARTESIAN_POINT('Origin',(12.5,90.,0.));
#2831=CARTESIAN_POINT('',(25.,90.,5.));
#2832=CARTESIAN_POINT('Origin',(12.5,90.,5.));
#2833=CARTESIAN_POINT('',(25.,90.,0.));
#2834=CARTESIAN_POINT('Origin',(20.0000002980232,65.0000009685755,0.));
#2835=CARTESIAN_POINT('',(20.0000002980232,65.0000009685755,0.));
#2836=CARTESIAN_POINT('',(20.0000002980232,65.0000009685755,0.));
#2837=CARTESIAN_POINT('',(20.0000002980232,65.0000009685755,5.));
#2838=CARTESIAN_POINT('',(20.0000002980232,65.0000009685755,5.));
#2839=CARTESIAN_POINT('',(20.0000002980232,65.0000009685755,0.));
#2840=CARTESIAN_POINT('Origin',(20.0000002980232,25.000000372529,0.));
#2841=CARTESIAN_POINT('',(20.0000002980232,25.000000372529,0.));
#2842=CARTESIAN_POINT('',(20.0000002980232,25.000000372529,0.));
#2843=CARTESIAN_POINT('',(20.0000002980232,25.000000372529,5.));
#2844=CARTESIAN_POINT('',(20.0000002980232,25.000000372529,5.));
#2845=CARTESIAN_POINT('',(20.0000002980232,25.000000372529,0.));
#2846=CARTESIAN_POINT('Origin',(25.000000372529,20.0000002980232,0.));
#2847=CARTESIAN_POINT('',(25.000000372529,20.0000002980232,0.));
#2848=CARTESIAN_POINT('',(25.000000372529,20.0000002980232,0.));
#2849=CARTESIAN_POINT('',(25.000000372529,20.0000002980232,5.));
#2850=CARTESIAN_POINT('',(25.000000372529,20.0000002980232,5.));
#2851=CARTESIAN_POINT('',(25.000000372529,20.0000002980232,0.));
#2852=CARTESIAN_POINT('Origin',(25.,4.99999970197678,0.));
#2853=CARTESIAN_POINT('',(25.,4.99999970197678,0.));
#2854=CARTESIAN_POINT('',(25.,0.,0.));
#2855=CARTESIAN_POINT('',(25.,4.99999970197678,5.));
#2856=CARTESIAN_POINT('',(25.,0.,5.));
#2857=CARTESIAN_POINT('',(25.,4.99999970197678,0.));
#2858=CARTESIAN_POINT('Origin',(20.0000002980232,0.,0.));
#2859=CARTESIAN_POINT('',(20.0000002980232,0.,0.));
#2860=CARTESIAN_POINT('',(20.0000002980232,0.,0.));
#2861=CARTESIAN_POINT('',(20.0000002980232,0.,5.));
#2862=CARTESIAN_POINT('',(20.0000002980232,0.,5.));
#2863=CARTESIAN_POINT('',(20.0000002980232,0.,0.));
#2864=CARTESIAN_POINT('Origin',(5.00000007450581,0.,0.));
#2865=CARTESIAN_POINT('',(5.00000007450581,0.,0.));
#2866=CARTESIAN_POINT('',(0.,0.,0.));
#2867=CARTESIAN_POINT('',(5.00000007450581,0.,5.));
#2868=CARTESIAN_POINT('',(0.,0.,5.));
#2869=CARTESIAN_POINT('',(5.00000007450581,0.,0.));
#2870=CARTESIAN_POINT('Origin',(0.,5.00000007450581,0.));
#2871=CARTESIAN_POINT('',(0.,5.00000007450581,0.));
#2872=CARTESIAN_POINT('',(0.,5.00000007450581,0.));
#2873=CARTESIAN_POINT('',(0.,5.00000007450581,5.));
#2874=CARTESIAN_POINT('',(0.,5.00000007450581,5.));
#2875=CARTESIAN_POINT('',(0.,5.00000007450581,0.));
#2876=CARTESIAN_POINT('Origin',(0.,20.0000002980232,0.));
#2877=CARTESIAN_POINT('',(0.,20.0000002980232,0.));
#2878=CARTESIAN_POINT('',(0.,90.,0.));
#2879=CARTESIAN_POINT('',(0.,20.0000002980232,5.));
#2880=CARTESIAN_POINT('',(0.,90.,5.));
#2881=CARTESIAN_POINT('',(0.,20.0000002980232,0.));
#2882=CARTESIAN_POINT('Origin',(5.00000007450581,25.000000372529,0.));
#2883=CARTESIAN_POINT('',(0.,20.0000002980232,0.));
#2884=CARTESIAN_POINT('',(0.,20.0000002980232,5.));
#2885=CARTESIAN_POINT('Origin',(12.5000001862645,51.25,5.));
#2886=CARTESIAN_POINT('Origin',(12.5000001862645,51.25,0.));
#2887=UNCERTAINTY_MEASURE_WITH_UNIT(LENGTH_MEASURE(0.01),#2891,
'DISTANCE_ACCURACY_VALUE',
'Maximum model space distance between geometric entities at asserted c
onnectivities');
#2888=UNCERTAINTY_MEASURE_WITH_UNIT(LENGTH_MEASURE(0.01),#2891,
'DISTANCE_ACCURACY_VALUE',
'Maximum model space distance between geometric entities at asserted c
onnectivities');
#2889=(
GEOMETRIC_REPRESENTATION_CONTEXT(3)
GLOBAL_UNCERTAINTY_ASSIGNED_CONTEXT((#2887))
GLOBAL_UNIT_ASSIGNED_CONTEXT((#2891,#2893,#2894))
REPRESENTATION_CONTEXT('','3D')
);
#2890=(
GEOMETRIC_REPRESENTATION_CONTEXT(3)
GLOBAL_UNCERTAINTY_ASSIGNED_CONTEXT((#2888))
GLOBAL_UNIT_ASSIGNED_CONTEXT((#2891,#2893,#2894))
REPRESENTATION_CONTEXT('','3D')
);
#2891=(
LENGTH_UNIT()
NAMED_UNIT(*)
SI_UNIT(.MILLI.,.METRE.)
);
#2892=(
LENGTH_UNIT()
NAMED_UNIT(*)
SI_UNIT($,.METRE.)
);
#2893=(
NAMED_UNIT(*)
PLANE_ANGLE_UNIT()
SI_UNIT($,.RADIAN.)
);
#2894=(
NAMED_UNIT(*)
SI_UNIT($,.STERADIAN.)
SOLID_ANGLE_UNIT()
);
#2895=SHAPE_DEFINITION_REPRESENTATION(#2896,#2897);
#2896=PRODUCT_DEFINITION_SHAPE('',$,#2899);
#2897=SHAPE_REPRESENTATION('',(#1783),#2889);
#2898=PRODUCT_DEFINITION_CONTEXT('part definition',#2903,'design');
#2899=PRODUCT_DEFINITION('arm','arm',#2900,#2898);
#2900=PRODUCT_DEFINITION_FORMATION('',$,#2905);
#2901=PRODUCT_RELATED_PRODUCT_CATEGORY('arm','arm',(#2905));
#2902=APPLICATION_PROTOCOL_DEFINITION('international standard',
'automotive_design',2009,#2903);
#2903=APPLICATION_CONTEXT(
'Core Data for Automotive Mechanical Design Process');
#2904=PRODUCT_CONTEXT('part definition',#2903,'mechanical');
#2905=PRODUCT('arm','arm',$,(#2904));
#2906=PRESENTATION_STYLE_ASSIGNMENT((#2907));
#2907=SURFACE_STYLE_USAGE(.BOTH.,#2908);
#2908=SURFACE_SIDE_STYLE('',(#2909));
#2909=SURFACE_STYLE_FILL_AREA(#2910);
#2910=FILL_AREA_STYLE('Steel - Satin',(#2911));
#2911=FILL_AREA_STYLE_COLOUR('Steel - Satin',#2912);
#2912=COLOUR_RGB('Steel - Satin',0.627450980392157,0.627450980392157,0.627450980392157);
ENDSEC;
END-ISO-10303-21;
