ISO-10303-21;
HEADER;
/* Generated by software containing ST-Developer
 * from STEP Tools, Inc. (www.steptools.com) 
 */

FILE_DESCRIPTION(
/* description */ (''),
/* implementation_level */ '2;1');

FILE_NAME(
/* name */ 'base.step',
/* time_stamp */ '2026-08-23T12:53:22+05:30',
/* author */ (''),
/* organization */ (''),
/* preprocessor_version */ 'ST-DEVELOPER v20.1',
/* originating_system */ 'Autodesk Translation Framework v15.8.0.0',
/* authorisation */ '');

FILE_SCHEMA (('AUTOMOTIVE_DESIGN { 1 0 10303 214 3 1 1 }'));
ENDSEC;

DATA;
#10=MECHANICAL_DESIGN_GEOMETRIC_PRESENTATION_REPRESENTATION('',(#13,#14,
#15),#4714);
#11=SHAPE_REPRESENTATION_RELATIONSHIP('SRR','None',#4721,#12);
#12=ADVANCED_BREP_SHAPE_REPRESENTATION('',(#16,#17,#18),#4713);
#13=STYLED_ITEM('',(#4730),#16);
#14=STYLED_ITEM('',(#4730),#17);
#15=STYLED_ITEM('',(#4730),#18);
#16=MANIFOLD_SOLID_BREP('Body1',#2948);
#17=MANIFOLD_SOLID_BREP('Body2',#2949);
#18=MANIFOLD_SOLID_BREP('Body3',#2950);
#19=FACE_BOUND('',#364,.T.);
#20=FACE_BOUND('',#365,.T.);
#21=FACE_BOUND('',#366,.T.);
#22=FACE_BOUND('',#367,.T.);
#23=FACE_BOUND('',#368,.T.);
#24=FACE_BOUND('',#369,.T.);
#25=FACE_BOUND('',#370,.T.);
#26=FACE_BOUND('',#371,.T.);
#27=FACE_BOUND('',#372,.T.);
#28=FACE_BOUND('',#373,.T.);
#29=FACE_BOUND('',#374,.T.);
#30=FACE_BOUND('',#375,.T.);
#31=FACE_BOUND('',#376,.T.);
#32=FACE_BOUND('',#377,.T.);
#33=FACE_BOUND('',#378,.T.);
#34=FACE_BOUND('',#379,.T.);
#35=FACE_BOUND('',#380,.T.);
#36=FACE_BOUND('',#381,.T.);
#37=FACE_BOUND('',#382,.T.);
#38=FACE_BOUND('',#383,.T.);
#39=FACE_BOUND('',#384,.T.);
#40=FACE_BOUND('',#385,.T.);
#41=FACE_BOUND('',#386,.T.);
#42=FACE_BOUND('',#387,.T.);
#43=FACE_BOUND('',#388,.T.);
#44=FACE_BOUND('',#389,.T.);
#45=FACE_BOUND('',#390,.T.);
#46=FACE_BOUND('',#412,.T.);
#47=FACE_BOUND('',#413,.T.);
#48=FACE_BOUND('',#414,.T.);
#49=FACE_BOUND('',#415,.T.);
#50=FACE_BOUND('',#416,.T.);
#51=FACE_BOUND('',#417,.T.);
#52=FACE_BOUND('',#418,.T.);
#53=FACE_BOUND('',#419,.T.);
#54=FACE_BOUND('',#420,.T.);
#55=FACE_BOUND('',#421,.T.);
#56=FACE_BOUND('',#422,.T.);
#57=FACE_BOUND('',#423,.T.);
#58=FACE_BOUND('',#424,.T.);
#59=FACE_BOUND('',#425,.T.);
#60=FACE_BOUND('',#426,.T.);
#61=FACE_BOUND('',#427,.T.);
#62=FACE_BOUND('',#428,.T.);
#63=FACE_BOUND('',#429,.T.);
#64=FACE_BOUND('',#430,.T.);
#65=FACE_BOUND('',#431,.T.);
#66=FACE_BOUND('',#432,.T.);
#67=FACE_BOUND('',#433,.T.);
#68=FACE_BOUND('',#434,.T.);
#69=FACE_BOUND('',#435,.T.);
#70=FACE_BOUND('',#436,.T.);
#71=FACE_BOUND('',#437,.T.);
#72=FACE_BOUND('',#438,.T.);
#73=FACE_BOUND('',#489,.T.);
#74=FACE_BOUND('',#490,.T.);
#75=FACE_BOUND('',#491,.T.);
#76=FACE_BOUND('',#493,.T.);
#77=FACE_BOUND('',#494,.T.);
#78=FACE_BOUND('',#495,.T.);
#79=CIRCLE('',#2993,1.75);
#80=CIRCLE('',#2994,1.75);
#81=CIRCLE('',#2996,2.5);
#82=CIRCLE('',#2997,2.5);
#83=CIRCLE('',#2999,1.75);
#84=CIRCLE('',#3000,1.75);
#85=CIRCLE('',#3002,1.75);
#86=CIRCLE('',#3003,1.75);
#87=CIRCLE('',#3005,1.75);
#88=CIRCLE('',#3006,1.75);
#89=CIRCLE('',#3008,1.75);
#90=CIRCLE('',#3009,1.75);
#91=CIRCLE('',#3011,1.75);
#92=CIRCLE('',#3012,1.75);
#93=CIRCLE('',#3014,1.75);
#94=CIRCLE('',#3015,1.75);
#95=CIRCLE('',#3017,1.75);
#96=CIRCLE('',#3018,1.75);
#97=CIRCLE('',#3020,1.75);
#98=CIRCLE('',#3021,1.75);
#99=CIRCLE('',#3023,1.75);
#100=CIRCLE('',#3024,1.75);
#101=CIRCLE('',#3026,2.5);
#102=CIRCLE('',#3027,2.5);
#103=CIRCLE('',#3029,2.5);
#104=CIRCLE('',#3030,2.5);
#105=CIRCLE('',#3032,2.5);
#106=CIRCLE('',#3033,2.5);
#107=CIRCLE('',#3059,24.0000003576278);
#108=CIRCLE('',#3060,24.0000003576278);
#109=CIRCLE('',#3063,2.00000000000001);
#110=CIRCLE('',#3064,2.00000000000001);
#111=CIRCLE('',#3065,2.);
#112=CIRCLE('',#3066,2.00000000000001);
#113=CIRCLE('',#3069,2.00000000000001);
#114=CIRCLE('',#3077,2.00000000000001);
#115=CIRCLE('',#3082,2.);
#116=CIRCLE('',#3090,2.00000000000001);
#117=CIRCLE('',#3096,12.0000001788139);
#118=CIRCLE('',#3097,12.0000001788139);
#119=CIRCLE('',#3101,9.00000013411045);
#120=CIRCLE('',#3102,9.00000013411045);
#121=CIRCLE('',#3105,10.5652928243101);
#122=CIRCLE('',#3106,10.5652928243101);
#123=CIRCLE('',#3126,3.96421828130646);
#124=CIRCLE('',#3127,3.96421828130646);
#125=CIRCLE('',#3140,7.71626028111972);
#126=CIRCLE('',#3141,7.71626028111972);
#127=CIRCLE('',#3151,12.041594758226);
#128=CIRCLE('',#3152,12.041594758226);
#129=CYLINDRICAL_SURFACE('',#2992,1.75);
#130=CYLINDRICAL_SURFACE('',#2995,2.5);
#131=CYLINDRICAL_SURFACE('',#2998,1.75);
#132=CYLINDRICAL_SURFACE('',#3001,1.75);
#133=CYLINDRICAL_SURFACE('',#3004,1.75);
#134=CYLINDRICAL_SURFACE('',#3007,1.75);
#135=CYLINDRICAL_SURFACE('',#3010,1.75);
#136=CYLINDRICAL_SURFACE('',#3013,1.75);
#137=CYLINDRICAL_SURFACE('',#3016,1.75);
#138=CYLINDRICAL_SURFACE('',#3019,1.75);
#139=CYLINDRICAL_SURFACE('',#3022,1.75);
#140=CYLINDRICAL_SURFACE('',#3025,2.5);
#141=CYLINDRICAL_SURFACE('',#3028,2.5);
#142=CYLINDRICAL_SURFACE('',#3031,2.5);
#143=CYLINDRICAL_SURFACE('',#3058,24.0000003576278);
#144=CYLINDRICAL_SURFACE('',#3068,2.00000000000001);
#145=CYLINDRICAL_SURFACE('',#3076,2.00000000000001);
#146=CYLINDRICAL_SURFACE('',#3081,2.);
#147=CYLINDRICAL_SURFACE('',#3089,2.00000000000001);
#148=CYLINDRICAL_SURFACE('',#3095,12.0000001788139);
#149=CYLINDRICAL_SURFACE('',#3100,9.00000013411045);
#150=CYLINDRICAL_SURFACE('',#3104,10.5652928243101);
#151=CYLINDRICAL_SURFACE('',#3125,3.96421828130646);
#152=CYLINDRICAL_SURFACE('',#3139,7.71626028111972);
#153=CYLINDRICAL_SURFACE('',#3150,12.041594758226);
#154=FACE_OUTER_BOUND('',#295,.T.);
#155=FACE_OUTER_BOUND('',#296,.T.);
#156=FACE_OUTER_BOUND('',#297,.T.);
#157=FACE_OUTER_BOUND('',#298,.T.);
#158=FACE_OUTER_BOUND('',#299,.T.);
#159=FACE_OUTER_BOUND('',#300,.T.);
#160=FACE_OUTER_BOUND('',#301,.T.);
#161=FACE_OUTER_BOUND('',#302,.T.);
#162=FACE_OUTER_BOUND('',#303,.T.);
#163=FACE_OUTER_BOUND('',#304,.T.);
#164=FACE_OUTER_BOUND('',#305,.T.);
#165=FACE_OUTER_BOUND('',#306,.T.);
#166=FACE_OUTER_BOUND('',#307,.T.);
#167=FACE_OUTER_BOUND('',#308,.T.);
#168=FACE_OUTER_BOUND('',#309,.T.);
#169=FACE_OUTER_BOUND('',#310,.T.);
#170=FACE_OUTER_BOUND('',#311,.T.);
#171=FACE_OUTER_BOUND('',#312,.T.);
#172=FACE_OUTER_BOUND('',#313,.T.);
#173=FACE_OUTER_BOUND('',#314,.T.);
#174=FACE_OUTER_BOUND('',#315,.T.);
#175=FACE_OUTER_BOUND('',#316,.T.);
#176=FACE_OUTER_BOUND('',#317,.T.);
#177=FACE_OUTER_BOUND('',#318,.T.);
#178=FACE_OUTER_BOUND('',#319,.T.);
#179=FACE_OUTER_BOUND('',#320,.T.);
#180=FACE_OUTER_BOUND('',#321,.T.);
#181=FACE_OUTER_BOUND('',#322,.T.);
#182=FACE_OUTER_BOUND('',#323,.T.);
#183=FACE_OUTER_BOUND('',#324,.T.);
#184=FACE_OUTER_BOUND('',#325,.T.);
#185=FACE_OUTER_BOUND('',#326,.T.);
#186=FACE_OUTER_BOUND('',#327,.T.);
#187=FACE_OUTER_BOUND('',#328,.T.);
#188=FACE_OUTER_BOUND('',#329,.T.);
#189=FACE_OUTER_BOUND('',#330,.T.);
#190=FACE_OUTER_BOUND('',#331,.T.);
#191=FACE_OUTER_BOUND('',#332,.T.);
#192=FACE_OUTER_BOUND('',#333,.T.);
#193=FACE_OUTER_BOUND('',#334,.T.);
#194=FACE_OUTER_BOUND('',#335,.T.);
#195=FACE_OUTER_BOUND('',#336,.T.);
#196=FACE_OUTER_BOUND('',#337,.T.);
#197=FACE_OUTER_BOUND('',#338,.T.);
#198=FACE_OUTER_BOUND('',#339,.T.);
#199=FACE_OUTER_BOUND('',#340,.T.);
#200=FACE_OUTER_BOUND('',#341,.T.);
#201=FACE_OUTER_BOUND('',#342,.T.);
#202=FACE_OUTER_BOUND('',#343,.T.);
#203=FACE_OUTER_BOUND('',#344,.T.);
#204=FACE_OUTER_BOUND('',#345,.T.);
#205=FACE_OUTER_BOUND('',#346,.T.);
#206=FACE_OUTER_BOUND('',#347,.T.);
#207=FACE_OUTER_BOUND('',#348,.T.);
#208=FACE_OUTER_BOUND('',#349,.T.);
#209=FACE_OUTER_BOUND('',#350,.T.);
#210=FACE_OUTER_BOUND('',#351,.T.);
#211=FACE_OUTER_BOUND('',#352,.T.);
#212=FACE_OUTER_BOUND('',#353,.T.);
#213=FACE_OUTER_BOUND('',#354,.T.);
#214=FACE_OUTER_BOUND('',#355,.T.);
#215=FACE_OUTER_BOUND('',#356,.T.);
#216=FACE_OUTER_BOUND('',#357,.T.);
#217=FACE_OUTER_BOUND('',#358,.T.);
#218=FACE_OUTER_BOUND('',#359,.T.);
#219=FACE_OUTER_BOUND('',#360,.T.);
#220=FACE_OUTER_BOUND('',#361,.T.);
#221=FACE_OUTER_BOUND('',#362,.T.);
#222=FACE_OUTER_BOUND('',#363,.T.);
#223=FACE_OUTER_BOUND('',#391,.T.);
#224=FACE_OUTER_BOUND('',#392,.T.);
#225=FACE_OUTER_BOUND('',#393,.T.);
#226=FACE_OUTER_BOUND('',#394,.T.);
#227=FACE_OUTER_BOUND('',#395,.T.);
#228=FACE_OUTER_BOUND('',#396,.T.);
#229=FACE_OUTER_BOUND('',#397,.T.);
#230=FACE_OUTER_BOUND('',#398,.T.);
#231=FACE_OUTER_BOUND('',#399,.T.);
#232=FACE_OUTER_BOUND('',#400,.T.);
#233=FACE_OUTER_BOUND('',#401,.T.);
#234=FACE_OUTER_BOUND('',#402,.T.);
#235=FACE_OUTER_BOUND('',#403,.T.);
#236=FACE_OUTER_BOUND('',#404,.T.);
#237=FACE_OUTER_BOUND('',#405,.T.);
#238=FACE_OUTER_BOUND('',#406,.T.);
#239=FACE_OUTER_BOUND('',#407,.T.);
#240=FACE_OUTER_BOUND('',#408,.T.);
#241=FACE_OUTER_BOUND('',#409,.T.);
#242=FACE_OUTER_BOUND('',#410,.T.);
#243=FACE_OUTER_BOUND('',#411,.T.);
#244=FACE_OUTER_BOUND('',#439,.T.);
#245=FACE_OUTER_BOUND('',#440,.T.);
#246=FACE_OUTER_BOUND('',#441,.T.);
#247=FACE_OUTER_BOUND('',#442,.T.);
#248=FACE_OUTER_BOUND('',#443,.T.);
#249=FACE_OUTER_BOUND('',#444,.T.);
#250=FACE_OUTER_BOUND('',#445,.T.);
#251=FACE_OUTER_BOUND('',#446,.T.);
#252=FACE_OUTER_BOUND('',#447,.T.);
#253=FACE_OUTER_BOUND('',#448,.T.);
#254=FACE_OUTER_BOUND('',#449,.T.);
#255=FACE_OUTER_BOUND('',#450,.T.);
#256=FACE_OUTER_BOUND('',#451,.T.);
#257=FACE_OUTER_BOUND('',#452,.T.);
#258=FACE_OUTER_BOUND('',#453,.T.);
#259=FACE_OUTER_BOUND('',#454,.T.);
#260=FACE_OUTER_BOUND('',#455,.T.);
#261=FACE_OUTER_BOUND('',#456,.T.);
#262=FACE_OUTER_BOUND('',#457,.T.);
#263=FACE_OUTER_BOUND('',#458,.T.);
#264=FACE_OUTER_BOUND('',#459,.T.);
#265=FACE_OUTER_BOUND('',#460,.T.);
#266=FACE_OUTER_BOUND('',#461,.T.);
#267=FACE_OUTER_BOUND('',#462,.T.);
#268=FACE_OUTER_BOUND('',#463,.T.);
#269=FACE_OUTER_BOUND('',#464,.T.);
#270=FACE_OUTER_BOUND('',#465,.T.);
#271=FACE_OUTER_BOUND('',#466,.T.);
#272=FACE_OUTER_BOUND('',#467,.T.);
#273=FACE_OUTER_BOUND('',#468,.T.);
#274=FACE_OUTER_BOUND('',#469,.T.);
#275=FACE_OUTER_BOUND('',#470,.T.);
#276=FACE_OUTER_BOUND('',#471,.T.);
#277=FACE_OUTER_BOUND('',#472,.T.);
#278=FACE_OUTER_BOUND('',#473,.T.);
#279=FACE_OUTER_BOUND('',#474,.T.);
#280=FACE_OUTER_BOUND('',#475,.T.);
#281=FACE_OUTER_BOUND('',#476,.T.);
#282=FACE_OUTER_BOUND('',#477,.T.);
#283=FACE_OUTER_BOUND('',#478,.T.);
#284=FACE_OUTER_BOUND('',#479,.T.);
#285=FACE_OUTER_BOUND('',#480,.T.);
#286=FACE_OUTER_BOUND('',#481,.T.);
#287=FACE_OUTER_BOUND('',#482,.T.);
#288=FACE_OUTER_BOUND('',#483,.T.);
#289=FACE_OUTER_BOUND('',#484,.T.);
#290=FACE_OUTER_BOUND('',#485,.T.);
#291=FACE_OUTER_BOUND('',#486,.T.);
#292=FACE_OUTER_BOUND('',#487,.T.);
#293=FACE_OUTER_BOUND('',#488,.T.);
#294=FACE_OUTER_BOUND('',#492,.T.);
#295=EDGE_LOOP('',(#1881,#1882,#1883,#1884));
#296=EDGE_LOOP('',(#1885,#1886,#1887,#1888));
#297=EDGE_LOOP('',(#1889,#1890,#1891,#1892));
#298=EDGE_LOOP('',(#1893,#1894,#1895,#1896));
#299=EDGE_LOOP('',(#1897,#1898,#1899,#1900));
#300=EDGE_LOOP('',(#1901,#1902,#1903,#1904));
#301=EDGE_LOOP('',(#1905,#1906,#1907,#1908));
#302=EDGE_LOOP('',(#1909,#1910,#1911,#1912));
#303=EDGE_LOOP('',(#1913,#1914,#1915,#1916));
#304=EDGE_LOOP('',(#1917,#1918,#1919,#1920));
#305=EDGE_LOOP('',(#1921,#1922,#1923,#1924));
#306=EDGE_LOOP('',(#1925,#1926,#1927,#1928));
#307=EDGE_LOOP('',(#1929,#1930,#1931,#1932));
#308=EDGE_LOOP('',(#1933,#1934,#1935,#1936));
#309=EDGE_LOOP('',(#1937,#1938,#1939,#1940));
#310=EDGE_LOOP('',(#1941,#1942,#1943,#1944));
#311=EDGE_LOOP('',(#1945,#1946,#1947,#1948));
#312=EDGE_LOOP('',(#1949,#1950,#1951,#1952));
#313=EDGE_LOOP('',(#1953,#1954,#1955,#1956));
#314=EDGE_LOOP('',(#1957,#1958,#1959,#1960));
#315=EDGE_LOOP('',(#1961,#1962,#1963,#1964));
#316=EDGE_LOOP('',(#1965,#1966,#1967,#1968));
#317=EDGE_LOOP('',(#1969,#1970,#1971,#1972));
#318=EDGE_LOOP('',(#1973,#1974,#1975,#1976));
#319=EDGE_LOOP('',(#1977,#1978,#1979,#1980));
#320=EDGE_LOOP('',(#1981,#1982,#1983,#1984));
#321=EDGE_LOOP('',(#1985,#1986,#1987,#1988));
#322=EDGE_LOOP('',(#1989,#1990,#1991,#1992));
#323=EDGE_LOOP('',(#1993,#1994,#1995,#1996));
#324=EDGE_LOOP('',(#1997,#1998,#1999,#2000));
#325=EDGE_LOOP('',(#2001,#2002,#2003,#2004));
#326=EDGE_LOOP('',(#2005,#2006,#2007,#2008));
#327=EDGE_LOOP('',(#2009,#2010,#2011,#2012));
#328=EDGE_LOOP('',(#2013,#2014,#2015,#2016));
#329=EDGE_LOOP('',(#2017,#2018,#2019,#2020));
#330=EDGE_LOOP('',(#2021,#2022,#2023,#2024));
#331=EDGE_LOOP('',(#2025,#2026,#2027,#2028));
#332=EDGE_LOOP('',(#2029,#2030,#2031,#2032));
#333=EDGE_LOOP('',(#2033,#2034,#2035,#2036));
#334=EDGE_LOOP('',(#2037,#2038,#2039,#2040));
#335=EDGE_LOOP('',(#2041,#2042,#2043,#2044));
#336=EDGE_LOOP('',(#2045,#2046,#2047,#2048));
#337=EDGE_LOOP('',(#2049,#2050,#2051,#2052));
#338=EDGE_LOOP('',(#2053,#2054,#2055,#2056));
#339=EDGE_LOOP('',(#2057,#2058,#2059,#2060));
#340=EDGE_LOOP('',(#2061,#2062,#2063,#2064));
#341=EDGE_LOOP('',(#2065,#2066,#2067,#2068));
#342=EDGE_LOOP('',(#2069,#2070,#2071,#2072));
#343=EDGE_LOOP('',(#2073,#2074,#2075,#2076));
#344=EDGE_LOOP('',(#2077,#2078,#2079,#2080));
#345=EDGE_LOOP('',(#2081,#2082,#2083,#2084));
#346=EDGE_LOOP('',(#2085,#2086,#2087,#2088));
#347=EDGE_LOOP('',(#2089,#2090,#2091,#2092));
#348=EDGE_LOOP('',(#2093,#2094,#2095,#2096));
#349=EDGE_LOOP('',(#2097,#2098,#2099,#2100));
#350=EDGE_LOOP('',(#2101,#2102,#2103,#2104));
#351=EDGE_LOOP('',(#2105,#2106,#2107,#2108));
#352=EDGE_LOOP('',(#2109,#2110,#2111,#2112));
#353=EDGE_LOOP('',(#2113,#2114,#2115,#2116));
#354=EDGE_LOOP('',(#2117,#2118,#2119,#2120));
#355=EDGE_LOOP('',(#2121,#2122,#2123,#2124));
#356=EDGE_LOOP('',(#2125,#2126,#2127,#2128));
#357=EDGE_LOOP('',(#2129,#2130,#2131,#2132));
#358=EDGE_LOOP('',(#2133,#2134,#2135,#2136));
#359=EDGE_LOOP('',(#2137,#2138,#2139,#2140));
#360=EDGE_LOOP('',(#2141,#2142,#2143,#2144));
#361=EDGE_LOOP('',(#2145,#2146,#2147,#2148));
#362=EDGE_LOOP('',(#2149,#2150,#2151,#2152));
#363=EDGE_LOOP('',(#2153,#2154,#2155,#2156,#2157,#2158,#2159,#2160,#2161,
#2162,#2163,#2164,#2165,#2166,#2167,#2168,#2169,#2170,#2171,#2172,#2173,
#2174));
#364=EDGE_LOOP('',(#2175,#2176,#2177,#2178));
#365=EDGE_LOOP('',(#2179,#2180,#2181,#2182));
#366=EDGE_LOOP('',(#2183,#2184,#2185,#2186));
#367=EDGE_LOOP('',(#2187,#2188,#2189,#2190));
#368=EDGE_LOOP('',(#2191,#2192,#2193,#2194));
#369=EDGE_LOOP('',(#2195,#2196,#2197,#2198));
#370=EDGE_LOOP('',(#2199));
#371=EDGE_LOOP('',(#2200));
#372=EDGE_LOOP('',(#2201));
#373=EDGE_LOOP('',(#2202));
#374=EDGE_LOOP('',(#2203));
#375=EDGE_LOOP('',(#2204));
#376=EDGE_LOOP('',(#2205));
#377=EDGE_LOOP('',(#2206));
#378=EDGE_LOOP('',(#2207));
#379=EDGE_LOOP('',(#2208));
#380=EDGE_LOOP('',(#2209));
#381=EDGE_LOOP('',(#2210));
#382=EDGE_LOOP('',(#2211));
#383=EDGE_LOOP('',(#2212));
#384=EDGE_LOOP('',(#2213,#2214,#2215,#2216));
#385=EDGE_LOOP('',(#2217,#2218,#2219,#2220));
#386=EDGE_LOOP('',(#2221,#2222,#2223,#2224));
#387=EDGE_LOOP('',(#2225,#2226,#2227,#2228));
#388=EDGE_LOOP('',(#2229,#2230,#2231,#2232));
#389=EDGE_LOOP('',(#2233,#2234,#2235,#2236));
#390=EDGE_LOOP('',(#2237,#2238,#2239,#2240));
#391=EDGE_LOOP('',(#2241,#2242,#2243,#2244));
#392=EDGE_LOOP('',(#2245,#2246,#2247,#2248));
#393=EDGE_LOOP('',(#2249,#2250,#2251,#2252));
#394=EDGE_LOOP('',(#2253,#2254,#2255,#2256));
#395=EDGE_LOOP('',(#2257,#2258,#2259,#2260));
#396=EDGE_LOOP('',(#2261,#2262,#2263,#2264));
#397=EDGE_LOOP('',(#2265,#2266,#2267,#2268));
#398=EDGE_LOOP('',(#2269,#2270,#2271,#2272));
#399=EDGE_LOOP('',(#2273,#2274,#2275,#2276));
#400=EDGE_LOOP('',(#2277,#2278,#2279,#2280));
#401=EDGE_LOOP('',(#2281,#2282,#2283,#2284));
#402=EDGE_LOOP('',(#2285,#2286,#2287,#2288));
#403=EDGE_LOOP('',(#2289,#2290,#2291,#2292));
#404=EDGE_LOOP('',(#2293,#2294,#2295,#2296));
#405=EDGE_LOOP('',(#2297,#2298,#2299,#2300));
#406=EDGE_LOOP('',(#2301,#2302,#2303,#2304));
#407=EDGE_LOOP('',(#2305,#2306,#2307,#2308));
#408=EDGE_LOOP('',(#2309,#2310,#2311,#2312));
#409=EDGE_LOOP('',(#2313,#2314,#2315,#2316));
#410=EDGE_LOOP('',(#2317,#2318,#2319,#2320));
#411=EDGE_LOOP('',(#2321,#2322,#2323,#2324,#2325,#2326,#2327,#2328,#2329,
#2330,#2331,#2332,#2333,#2334,#2335,#2336,#2337,#2338,#2339,#2340,#2341,
#2342));
#412=EDGE_LOOP('',(#2343,#2344,#2345,#2346));
#413=EDGE_LOOP('',(#2347,#2348,#2349,#2350));
#414=EDGE_LOOP('',(#2351,#2352,#2353,#2354));
#415=EDGE_LOOP('',(#2355,#2356,#2357,#2358));
#416=EDGE_LOOP('',(#2359,#2360,#2361,#2362));
#417=EDGE_LOOP('',(#2363,#2364,#2365,#2366));
#418=EDGE_LOOP('',(#2367));
#419=EDGE_LOOP('',(#2368));
#420=EDGE_LOOP('',(#2369));
#421=EDGE_LOOP('',(#2370));
#422=EDGE_LOOP('',(#2371));
#423=EDGE_LOOP('',(#2372));
#424=EDGE_LOOP('',(#2373));
#425=EDGE_LOOP('',(#2374));
#426=EDGE_LOOP('',(#2375));
#427=EDGE_LOOP('',(#2376));
#428=EDGE_LOOP('',(#2377));
#429=EDGE_LOOP('',(#2378));
#430=EDGE_LOOP('',(#2379));
#431=EDGE_LOOP('',(#2380));
#432=EDGE_LOOP('',(#2381,#2382,#2383,#2384));
#433=EDGE_LOOP('',(#2385,#2386,#2387,#2388));
#434=EDGE_LOOP('',(#2389,#2390,#2391,#2392));
#435=EDGE_LOOP('',(#2393,#2394,#2395,#2396));
#436=EDGE_LOOP('',(#2397,#2398,#2399,#2400));
#437=EDGE_LOOP('',(#2401,#2402,#2403,#2404));
#438=EDGE_LOOP('',(#2405,#2406,#2407,#2408));
#439=EDGE_LOOP('',(#2409,#2410,#2411,#2412));
#440=EDGE_LOOP('',(#2413,#2414,#2415,#2416));
#441=EDGE_LOOP('',(#2417,#2418,#2419,#2420));
#442=EDGE_LOOP('',(#2421,#2422,#2423,#2424));
#443=EDGE_LOOP('',(#2425,#2426,#2427,#2428));
#444=EDGE_LOOP('',(#2429,#2430,#2431,#2432));
#445=EDGE_LOOP('',(#2433,#2434,#2435,#2436));
#446=EDGE_LOOP('',(#2437,#2438,#2439,#2440));
#447=EDGE_LOOP('',(#2441,#2442,#2443,#2444));
#448=EDGE_LOOP('',(#2445,#2446,#2447,#2448,#2449,#2450,#2451,#2452,#2453));
#449=EDGE_LOOP('',(#2454,#2455,#2456,#2457,#2458,#2459,#2460,#2461,#2462));
#450=EDGE_LOOP('',(#2463,#2464,#2465,#2466));
#451=EDGE_LOOP('',(#2467,#2468,#2469,#2470));
#452=EDGE_LOOP('',(#2471,#2472,#2473,#2474));
#453=EDGE_LOOP('',(#2475,#2476,#2477,#2478));
#454=EDGE_LOOP('',(#2479,#2480,#2481,#2482));
#455=EDGE_LOOP('',(#2483,#2484,#2485,#2486));
#456=EDGE_LOOP('',(#2487,#2488,#2489,#2490));
#457=EDGE_LOOP('',(#2491,#2492,#2493,#2494));
#458=EDGE_LOOP('',(#2495,#2496,#2497,#2498));
#459=EDGE_LOOP('',(#2499,#2500,#2501,#2502));
#460=EDGE_LOOP('',(#2503,#2504,#2505,#2506));
#461=EDGE_LOOP('',(#2507,#2508,#2509,#2510));
#462=EDGE_LOOP('',(#2511,#2512,#2513,#2514));
#463=EDGE_LOOP('',(#2515,#2516,#2517,#2518));
#464=EDGE_LOOP('',(#2519,#2520,#2521,#2522));
#465=EDGE_LOOP('',(#2523,#2524,#2525,#2526));
#466=EDGE_LOOP('',(#2527,#2528,#2529,#2530));
#467=EDGE_LOOP('',(#2531,#2532,#2533,#2534));
#468=EDGE_LOOP('',(#2535,#2536,#2537,#2538));
#469=EDGE_LOOP('',(#2539,#2540,#2541,#2542));
#470=EDGE_LOOP('',(#2543,#2544,#2545,#2546));
#471=EDGE_LOOP('',(#2547,#2548,#2549,#2550));
#472=EDGE_LOOP('',(#2551,#2552,#2553,#2554));
#473=EDGE_LOOP('',(#2555,#2556,#2557,#2558));
#474=EDGE_LOOP('',(#2559,#2560,#2561,#2562));
#475=EDGE_LOOP('',(#2563,#2564,#2565,#2566));
#476=EDGE_LOOP('',(#2567,#2568,#2569,#2570));
#477=EDGE_LOOP('',(#2571,#2572,#2573,#2574));
#478=EDGE_LOOP('',(#2575,#2576,#2577,#2578));
#479=EDGE_LOOP('',(#2579,#2580,#2581,#2582));
#480=EDGE_LOOP('',(#2583,#2584,#2585,#2586));
#481=EDGE_LOOP('',(#2587,#2588,#2589,#2590));
#482=EDGE_LOOP('',(#2591,#2592,#2593,#2594));
#483=EDGE_LOOP('',(#2595,#2596,#2597,#2598));
#484=EDGE_LOOP('',(#2599,#2600,#2601,#2602));
#485=EDGE_LOOP('',(#2603,#2604,#2605,#2606));
#486=EDGE_LOOP('',(#2607,#2608,#2609,#2610));
#487=EDGE_LOOP('',(#2611,#2612,#2613,#2614));
#488=EDGE_LOOP('',(#2615,#2616,#2617,#2618,#2619,#2620,#2621,#2622,#2623,
#2624,#2625,#2626,#2627,#2628,#2629,#2630,#2631,#2632));
#489=EDGE_LOOP('',(#2633,#2634,#2635,#2636));
#490=EDGE_LOOP('',(#2637,#2638,#2639,#2640,#2641,#2642,#2643,#2644));
#491=EDGE_LOOP('',(#2645,#2646,#2647,#2648,#2649,#2650,#2651,#2652));
#492=EDGE_LOOP('',(#2653,#2654,#2655,#2656,#2657,#2658,#2659,#2660,#2661,
#2662,#2663,#2664,#2665,#2666,#2667,#2668,#2669,#2670));
#493=EDGE_LOOP('',(#2671,#2672,#2673,#2674));
#494=EDGE_LOOP('',(#2675,#2676,#2677,#2678,#2679,#2680,#2681,#2682));
#495=EDGE_LOOP('',(#2683,#2684,#2685,#2686,#2687,#2688,#2689,#2690));
#496=LINE('',#3898,#851);
#497=LINE('',#3900,#852);
#498=LINE('',#3902,#853);
#499=LINE('',#3903,#854);
#500=LINE('',#3906,#855);
#501=LINE('',#3908,#856);
#502=LINE('',#3909,#857);
#503=LINE('',#3912,#858);
#504=LINE('',#3914,#859);
#505=LINE('',#3915,#860);
#506=LINE('',#3917,#861);
#507=LINE('',#3918,#862);
#508=LINE('',#3922,#863);
#509=LINE('',#3924,#864);
#510=LINE('',#3926,#865);
#511=LINE('',#3927,#866);
#512=LINE('',#3930,#867);
#513=LINE('',#3932,#868);
#514=LINE('',#3933,#869);
#515=LINE('',#3936,#870);
#516=LINE('',#3938,#871);
#517=LINE('',#3939,#872);
#518=LINE('',#3941,#873);
#519=LINE('',#3942,#874);
#520=LINE('',#3946,#875);
#521=LINE('',#3948,#876);
#522=LINE('',#3950,#877);
#523=LINE('',#3951,#878);
#524=LINE('',#3954,#879);
#525=LINE('',#3956,#880);
#526=LINE('',#3957,#881);
#527=LINE('',#3960,#882);
#528=LINE('',#3962,#883);
#529=LINE('',#3963,#884);
#530=LINE('',#3965,#885);
#531=LINE('',#3966,#886);
#532=LINE('',#3970,#887);
#533=LINE('',#3972,#888);
#534=LINE('',#3974,#889);
#535=LINE('',#3975,#890);
#536=LINE('',#3978,#891);
#537=LINE('',#3980,#892);
#538=LINE('',#3981,#893);
#539=LINE('',#3984,#894);
#540=LINE('',#3986,#895);
#541=LINE('',#3987,#896);
#542=LINE('',#3989,#897);
#543=LINE('',#3990,#898);
#544=LINE('',#3994,#899);
#545=LINE('',#3996,#900);
#546=LINE('',#3998,#901);
#547=LINE('',#3999,#902);
#548=LINE('',#4002,#903);
#549=LINE('',#4004,#904);
#550=LINE('',#4005,#905);
#551=LINE('',#4008,#906);
#552=LINE('',#4010,#907);
#553=LINE('',#4011,#908);
#554=LINE('',#4013,#909);
#555=LINE('',#4014,#910);
#556=LINE('',#4018,#911);
#557=LINE('',#4020,#912);
#558=LINE('',#4022,#913);
#559=LINE('',#4023,#914);
#560=LINE('',#4026,#915);
#561=LINE('',#4028,#916);
#562=LINE('',#4029,#917);
#563=LINE('',#4032,#918);
#564=LINE('',#4034,#919);
#565=LINE('',#4035,#920);
#566=LINE('',#4037,#921);
#567=LINE('',#4038,#922);
#568=LINE('',#4042,#923);
#569=LINE('',#4044,#924);
#570=LINE('',#4046,#925);
#571=LINE('',#4047,#926);
#572=LINE('',#4050,#927);
#573=LINE('',#4052,#928);
#574=LINE('',#4053,#929);
#575=LINE('',#4056,#930);
#576=LINE('',#4058,#931);
#577=LINE('',#4059,#932);
#578=LINE('',#4061,#933);
#579=LINE('',#4062,#934);
#580=LINE('',#4067,#935);
#581=LINE('',#4073,#936);
#582=LINE('',#4079,#937);
#583=LINE('',#4085,#938);
#584=LINE('',#4091,#939);
#585=LINE('',#4097,#940);
#586=LINE('',#4103,#941);
#587=LINE('',#4109,#942);
#588=LINE('',#4115,#943);
#589=LINE('',#4121,#944);
#590=LINE('',#4127,#945);
#591=LINE('',#4133,#946);
#592=LINE('',#4139,#947);
#593=LINE('',#4145,#948);
#594=LINE('',#4150,#949);
#595=LINE('',#4152,#950);
#596=LINE('',#4154,#951);
#597=LINE('',#4155,#952);
#598=LINE('',#4158,#953);
#599=LINE('',#4160,#954);
#600=LINE('',#4161,#955);
#601=LINE('',#4164,#956);
#602=LINE('',#4166,#957);
#603=LINE('',#4167,#958);
#604=LINE('',#4169,#959);
#605=LINE('',#4170,#960);
#606=LINE('',#4174,#961);
#607=LINE('',#4176,#962);
#608=LINE('',#4178,#963);
#609=LINE('',#4179,#964);
#610=LINE('',#4182,#965);
#611=LINE('',#4184,#966);
#612=LINE('',#4185,#967);
#613=LINE('',#4188,#968);
#614=LINE('',#4190,#969);
#615=LINE('',#4191,#970);
#616=LINE('',#4193,#971);
#617=LINE('',#4194,#972);
#618=LINE('',#4198,#973);
#619=LINE('',#4200,#974);
#620=LINE('',#4202,#975);
#621=LINE('',#4203,#976);
#622=LINE('',#4206,#977);
#623=LINE('',#4208,#978);
#624=LINE('',#4209,#979);
#625=LINE('',#4212,#980);
#626=LINE('',#4214,#981);
#627=LINE('',#4215,#982);
#628=LINE('',#4217,#983);
#629=LINE('',#4218,#984);
#630=LINE('',#4222,#985);
#631=LINE('',#4224,#986);
#632=LINE('',#4226,#987);
#633=LINE('',#4227,#988);
#634=LINE('',#4230,#989);
#635=LINE('',#4232,#990);
#636=LINE('',#4233,#991);
#637=LINE('',#4236,#992);
#638=LINE('',#4238,#993);
#639=LINE('',#4239,#994);
#640=LINE('',#4241,#995);
#641=LINE('',#4242,#996);
#642=LINE('',#4246,#997);
#643=LINE('',#4248,#998);
#644=LINE('',#4250,#999);
#645=LINE('',#4251,#1000);
#646=LINE('',#4254,#1001);
#647=LINE('',#4256,#1002);
#648=LINE('',#4257,#1003);
#649=LINE('',#4260,#1004);
#650=LINE('',#4262,#1005);
#651=LINE('',#4263,#1006);
#652=LINE('',#4265,#1007);
#653=LINE('',#4266,#1008);
#654=LINE('',#4270,#1009);
#655=LINE('',#4272,#1010);
#656=LINE('',#4274,#1011);
#657=LINE('',#4275,#1012);
#658=LINE('',#4278,#1013);
#659=LINE('',#4280,#1014);
#660=LINE('',#4281,#1015);
#661=LINE('',#4284,#1016);
#662=LINE('',#4286,#1017);
#663=LINE('',#4287,#1018);
#664=LINE('',#4289,#1019);
#665=LINE('',#4290,#1020);
#666=LINE('',#4294,#1021);
#667=LINE('',#4298,#1022);
#668=LINE('',#4302,#1023);
#669=LINE('',#4304,#1024);
#670=LINE('',#4305,#1025);
#671=LINE('',#4308,#1026);
#672=LINE('',#4312,#1027);
#673=LINE('',#4314,#1028);
#674=LINE('',#4316,#1029);
#675=LINE('',#4318,#1030);
#676=LINE('',#4320,#1031);
#677=LINE('',#4322,#1032);
#678=LINE('',#4326,#1033);
#679=LINE('',#4328,#1034);
#680=LINE('',#4330,#1035);
#681=LINE('',#4334,#1036);
#682=LINE('',#4336,#1037);
#683=LINE('',#4338,#1038);
#684=LINE('',#4340,#1039);
#685=LINE('',#4342,#1040);
#686=LINE('',#4344,#1041);
#687=LINE('',#4348,#1042);
#688=LINE('',#4349,#1043);
#689=LINE('',#4353,#1044);
#690=LINE('',#4356,#1045);
#691=LINE('',#4357,#1046);
#692=LINE('',#4360,#1047);
#693=LINE('',#4361,#1048);
#694=LINE('',#4364,#1049);
#695=LINE('',#4365,#1050);
#696=LINE('',#4368,#1051);
#697=LINE('',#4369,#1052);
#698=LINE('',#4372,#1053);
#699=LINE('',#4373,#1054);
#700=LINE('',#4376,#1055);
#701=LINE('',#4377,#1056);
#702=LINE('',#4381,#1057);
#703=LINE('',#4384,#1058);
#704=LINE('',#4385,#1059);
#705=LINE('',#4388,#1060);
#706=LINE('',#4389,#1061);
#707=LINE('',#4392,#1062);
#708=LINE('',#4393,#1063);
#709=LINE('',#4397,#1064);
#710=LINE('',#4400,#1065);
#711=LINE('',#4401,#1066);
#712=LINE('',#4404,#1067);
#713=LINE('',#4405,#1068);
#714=LINE('',#4408,#1069);
#715=LINE('',#4409,#1070);
#716=LINE('',#4412,#1071);
#717=LINE('',#4413,#1072);
#718=LINE('',#4416,#1073);
#719=LINE('',#4417,#1074);
#720=LINE('',#4420,#1075);
#721=LINE('',#4421,#1076);
#722=LINE('',#4428,#1077);
#723=LINE('',#4430,#1078);
#724=LINE('',#4432,#1079);
#725=LINE('',#4433,#1080);
#726=LINE('',#4436,#1081);
#727=LINE('',#4438,#1082);
#728=LINE('',#4439,#1083);
#729=LINE('',#4442,#1084);
#730=LINE('',#4444,#1085);
#731=LINE('',#4445,#1086);
#732=LINE('',#4451,#1087);
#733=LINE('',#4454,#1088);
#734=LINE('',#4456,#1089);
#735=LINE('',#4457,#1090);
#736=LINE('',#4460,#1091);
#737=LINE('',#4462,#1092);
#738=LINE('',#4463,#1093);
#739=LINE('',#4469,#1094);
#740=LINE('',#4472,#1095);
#741=LINE('',#4474,#1096);
#742=LINE('',#4475,#1097);
#743=LINE('',#4484,#1098);
#744=LINE('',#4486,#1099);
#745=LINE('',#4488,#1100);
#746=LINE('',#4489,#1101);
#747=LINE('',#4492,#1102);
#748=LINE('',#4494,#1103);
#749=LINE('',#4495,#1104);
#750=LINE('',#4498,#1105);
#751=LINE('',#4500,#1106);
#752=LINE('',#4501,#1107);
#753=LINE('',#4504,#1108);
#754=LINE('',#4506,#1109);
#755=LINE('',#4507,#1110);
#756=LINE('',#4510,#1111);
#757=LINE('',#4512,#1112);
#758=LINE('',#4513,#1113);
#759=LINE('',#4516,#1114);
#760=LINE('',#4518,#1115);
#761=LINE('',#4519,#1116);
#762=LINE('',#4522,#1117);
#763=LINE('',#4524,#1118);
#764=LINE('',#4525,#1119);
#765=LINE('',#4527,#1120);
#766=LINE('',#4528,#1121);
#767=LINE('',#4532,#1122);
#768=LINE('',#4534,#1123);
#769=LINE('',#4536,#1124);
#770=LINE('',#4537,#1125);
#771=LINE('',#4540,#1126);
#772=LINE('',#4542,#1127);
#773=LINE('',#4543,#1128);
#774=LINE('',#4546,#1129);
#775=LINE('',#4548,#1130);
#776=LINE('',#4549,#1131);
#777=LINE('',#4552,#1132);
#778=LINE('',#4554,#1133);
#779=LINE('',#4555,#1134);
#780=LINE('',#4558,#1135);
#781=LINE('',#4560,#1136);
#782=LINE('',#4561,#1137);
#783=LINE('',#4564,#1138);
#784=LINE('',#4566,#1139);
#785=LINE('',#4567,#1140);
#786=LINE('',#4570,#1141);
#787=LINE('',#4572,#1142);
#788=LINE('',#4573,#1143);
#789=LINE('',#4575,#1144);
#790=LINE('',#4576,#1145);
#791=LINE('',#4582,#1146);
#792=LINE('',#4585,#1147);
#793=LINE('',#4588,#1148);
#794=LINE('',#4590,#1149);
#795=LINE('',#4591,#1150);
#796=LINE('',#4594,#1151);
#797=LINE('',#4596,#1152);
#798=LINE('',#4597,#1153);
#799=LINE('',#4599,#1154);
#800=LINE('',#4600,#1155);
#801=LINE('',#4604,#1156);
#802=LINE('',#4606,#1157);
#803=LINE('',#4608,#1158);
#804=LINE('',#4609,#1159);
#805=LINE('',#4612,#1160);
#806=LINE('',#4614,#1161);
#807=LINE('',#4615,#1162);
#808=LINE('',#4618,#1163);
#809=LINE('',#4620,#1164);
#810=LINE('',#4621,#1165);
#811=LINE('',#4624,#1166);
#812=LINE('',#4626,#1167);
#813=LINE('',#4627,#1168);
#814=LINE('',#4630,#1169);
#815=LINE('',#4632,#1170);
#816=LINE('',#4633,#1171);
#817=LINE('',#4636,#1172);
#818=LINE('',#4638,#1173);
#819=LINE('',#4639,#1174);
#820=LINE('',#4642,#1175);
#821=LINE('',#4644,#1176);
#822=LINE('',#4645,#1177);
#823=LINE('',#4648,#1178);
#824=LINE('',#4650,#1179);
#825=LINE('',#4651,#1180);
#826=LINE('',#4657,#1181);
#827=LINE('',#4660,#1182);
#828=LINE('',#4662,#1183);
#829=LINE('',#4663,#1184);
#830=LINE('',#4666,#1185);
#831=LINE('',#4668,#1186);
#832=LINE('',#4669,#1187);
#833=LINE('',#4672,#1188);
#834=LINE('',#4674,#1189);
#835=LINE('',#4675,#1190);
#836=LINE('',#4678,#1191);
#837=LINE('',#4680,#1192);
#838=LINE('',#4681,#1193);
#839=LINE('',#4684,#1194);
#840=LINE('',#4686,#1195);
#841=LINE('',#4687,#1196);
#842=LINE('',#4690,#1197);
#843=LINE('',#4692,#1198);
#844=LINE('',#4693,#1199);
#845=LINE('',#4696,#1200);
#846=LINE('',#4698,#1201);
#847=LINE('',#4699,#1202);
#848=LINE('',#4702,#1203);
#849=LINE('',#4704,#1204);
#850=LINE('',#4705,#1205);
#851=VECTOR('',#3159,10.);
#852=VECTOR('',#3160,10.);
#853=VECTOR('',#3161,10.);
#854=VECTOR('',#3162,10.);
#855=VECTOR('',#3165,10.);
#856=VECTOR('',#3166,10.);
#857=VECTOR('',#3167,10.);
#858=VECTOR('',#3170,10.);
#859=VECTOR('',#3171,10.);
#860=VECTOR('',#3172,10.);
#861=VECTOR('',#3175,10.);
#862=VECTOR('',#3176,10.);
#863=VECTOR('',#3179,10.);
#864=VECTOR('',#3180,10.);
#865=VECTOR('',#3181,10.);
#866=VECTOR('',#3182,10.);
#867=VECTOR('',#3185,10.);
#868=VECTOR('',#3186,10.);
#869=VECTOR('',#3187,10.);
#870=VECTOR('',#3190,10.);
#871=VECTOR('',#3191,10.);
#872=VECTOR('',#3192,10.);
#873=VECTOR('',#3195,10.);
#874=VECTOR('',#3196,10.);
#875=VECTOR('',#3199,10.);
#876=VECTOR('',#3200,10.);
#877=VECTOR('',#3201,10.);
#878=VECTOR('',#3202,10.);
#879=VECTOR('',#3205,10.);
#880=VECTOR('',#3206,10.);
#881=VECTOR('',#3207,10.);
#882=VECTOR('',#3210,10.);
#883=VECTOR('',#3211,10.);
#884=VECTOR('',#3212,10.);
#885=VECTOR('',#3215,10.);
#886=VECTOR('',#3216,10.);
#887=VECTOR('',#3219,10.);
#888=VECTOR('',#3220,10.);
#889=VECTOR('',#3221,10.);
#890=VECTOR('',#3222,10.);
#891=VECTOR('',#3225,10.);
#892=VECTOR('',#3226,10.);
#893=VECTOR('',#3227,10.);
#894=VECTOR('',#3230,10.);
#895=VECTOR('',#3231,10.);
#896=VECTOR('',#3232,10.);
#897=VECTOR('',#3235,10.);
#898=VECTOR('',#3236,10.);
#899=VECTOR('',#3239,10.);
#900=VECTOR('',#3240,10.);
#901=VECTOR('',#3241,10.);
#902=VECTOR('',#3242,10.);
#903=VECTOR('',#3245,10.);
#904=VECTOR('',#3246,10.);
#905=VECTOR('',#3247,10.);
#906=VECTOR('',#3250,10.);
#907=VECTOR('',#3251,10.);
#908=VECTOR('',#3252,10.);
#909=VECTOR('',#3255,10.);
#910=VECTOR('',#3256,10.);
#911=VECTOR('',#3259,10.);
#912=VECTOR('',#3260,10.);
#913=VECTOR('',#3261,10.);
#914=VECTOR('',#3262,10.);
#915=VECTOR('',#3265,10.);
#916=VECTOR('',#3266,10.);
#917=VECTOR('',#3267,10.);
#918=VECTOR('',#3270,10.);
#919=VECTOR('',#3271,10.);
#920=VECTOR('',#3272,10.);
#921=VECTOR('',#3275,10.);
#922=VECTOR('',#3276,10.);
#923=VECTOR('',#3279,10.);
#924=VECTOR('',#3280,10.);
#925=VECTOR('',#3281,10.);
#926=VECTOR('',#3282,10.);
#927=VECTOR('',#3285,10.);
#928=VECTOR('',#3286,10.);
#929=VECTOR('',#3287,10.);
#930=VECTOR('',#3290,10.);
#931=VECTOR('',#3291,10.);
#932=VECTOR('',#3292,10.);
#933=VECTOR('',#3295,10.);
#934=VECTOR('',#3296,10.);
#935=VECTOR('',#3301,1.75);
#936=VECTOR('',#3308,2.5);
#937=VECTOR('',#3315,1.75);
#938=VECTOR('',#3322,1.75);
#939=VECTOR('',#3329,1.75);
#940=VECTOR('',#3336,1.75);
#941=VECTOR('',#3343,1.75);
#942=VECTOR('',#3350,1.75);
#943=VECTOR('',#3357,1.75);
#944=VECTOR('',#3364,1.75);
#945=VECTOR('',#3371,1.75);
#946=VECTOR('',#3378,2.5);
#947=VECTOR('',#3385,2.5);
#948=VECTOR('',#3392,2.5);
#949=VECTOR('',#3397,10.);
#950=VECTOR('',#3398,10.);
#951=VECTOR('',#3399,10.);
#952=VECTOR('',#3400,10.);
#953=VECTOR('',#3403,10.);
#954=VECTOR('',#3404,10.);
#955=VECTOR('',#3405,10.);
#956=VECTOR('',#3408,10.);
#957=VECTOR('',#3409,10.);
#958=VECTOR('',#3410,10.);
#959=VECTOR('',#3413,10.);
#960=VECTOR('',#3414,10.);
#961=VECTOR('',#3417,10.);
#962=VECTOR('',#3418,10.);
#963=VECTOR('',#3419,10.);
#964=VECTOR('',#3420,10.);
#965=VECTOR('',#3423,10.);
#966=VECTOR('',#3424,10.);
#967=VECTOR('',#3425,10.);
#968=VECTOR('',#3428,10.);
#969=VECTOR('',#3429,10.);
#970=VECTOR('',#3430,10.);
#971=VECTOR('',#3433,10.);
#972=VECTOR('',#3434,10.);
#973=VECTOR('',#3437,10.);
#974=VECTOR('',#3438,10.);
#975=VECTOR('',#3439,10.);
#976=VECTOR('',#3440,10.);
#977=VECTOR('',#3443,10.);
#978=VECTOR('',#3444,10.);
#979=VECTOR('',#3445,10.);
#980=VECTOR('',#3448,10.);
#981=VECTOR('',#3449,10.);
#982=VECTOR('',#3450,10.);
#983=VECTOR('',#3453,10.);
#984=VECTOR('',#3454,10.);
#985=VECTOR('',#3457,10.);
#986=VECTOR('',#3458,10.);
#987=VECTOR('',#3459,10.);
#988=VECTOR('',#3460,10.);
#989=VECTOR('',#3463,10.);
#990=VECTOR('',#3464,10.);
#991=VECTOR('',#3465,10.);
#992=VECTOR('',#3468,10.);
#993=VECTOR('',#3469,10.);
#994=VECTOR('',#3470,10.);
#995=VECTOR('',#3473,10.);
#996=VECTOR('',#3474,10.);
#997=VECTOR('',#3477,10.);
#998=VECTOR('',#3478,10.);
#999=VECTOR('',#3479,10.);
#1000=VECTOR('',#3480,10.);
#1001=VECTOR('',#3483,10.);
#1002=VECTOR('',#3484,10.);
#1003=VECTOR('',#3485,10.);
#1004=VECTOR('',#3488,10.);
#1005=VECTOR('',#3489,10.);
#1006=VECTOR('',#3490,10.);
#1007=VECTOR('',#3493,10.);
#1008=VECTOR('',#3494,10.);
#1009=VECTOR('',#3497,10.);
#1010=VECTOR('',#3498,10.);
#1011=VECTOR('',#3499,10.);
#1012=VECTOR('',#3500,10.);
#1013=VECTOR('',#3503,10.);
#1014=VECTOR('',#3504,10.);
#1015=VECTOR('',#3505,10.);
#1016=VECTOR('',#3508,10.);
#1017=VECTOR('',#3509,10.);
#1018=VECTOR('',#3510,10.);
#1019=VECTOR('',#3513,10.);
#1020=VECTOR('',#3514,10.);
#1021=VECTOR('',#3517,10.);
#1022=VECTOR('',#3520,10.);
#1023=VECTOR('',#3525,10.);
#1024=VECTOR('',#3526,10.);
#1025=VECTOR('',#3527,10.);
#1026=VECTOR('',#3530,10.);
#1027=VECTOR('',#3533,10.);
#1028=VECTOR('',#3534,10.);
#1029=VECTOR('',#3535,10.);
#1030=VECTOR('',#3536,10.);
#1031=VECTOR('',#3537,10.);
#1032=VECTOR('',#3538,10.);
#1033=VECTOR('',#3541,10.);
#1034=VECTOR('',#3542,10.);
#1035=VECTOR('',#3543,10.);
#1036=VECTOR('',#3546,10.);
#1037=VECTOR('',#3547,10.);
#1038=VECTOR('',#3548,10.);
#1039=VECTOR('',#3549,10.);
#1040=VECTOR('',#3550,10.);
#1041=VECTOR('',#3551,10.);
#1042=VECTOR('',#3556,10.);
#1043=VECTOR('',#3557,10.);
#1044=VECTOR('',#3562,10.);
#1045=VECTOR('',#3565,10.);
#1046=VECTOR('',#3566,10.);
#1047=VECTOR('',#3569,10.);
#1048=VECTOR('',#3570,10.);
#1049=VECTOR('',#3573,10.);
#1050=VECTOR('',#3574,10.);
#1051=VECTOR('',#3577,10.);
#1052=VECTOR('',#3578,10.);
#1053=VECTOR('',#3581,10.);
#1054=VECTOR('',#3582,10.);
#1055=VECTOR('',#3585,10.);
#1056=VECTOR('',#3586,10.);
#1057=VECTOR('',#3591,10.);
#1058=VECTOR('',#3594,10.);
#1059=VECTOR('',#3595,10.);
#1060=VECTOR('',#3598,10.);
#1061=VECTOR('',#3599,10.);
#1062=VECTOR('',#3602,10.);
#1063=VECTOR('',#3603,10.);
#1064=VECTOR('',#3608,10.);
#1065=VECTOR('',#3611,10.);
#1066=VECTOR('',#3612,10.);
#1067=VECTOR('',#3615,10.);
#1068=VECTOR('',#3616,10.);
#1069=VECTOR('',#3619,10.);
#1070=VECTOR('',#3620,10.);
#1071=VECTOR('',#3623,10.);
#1072=VECTOR('',#3624,10.);
#1073=VECTOR('',#3627,10.);
#1074=VECTOR('',#3628,10.);
#1075=VECTOR('',#3631,10.);
#1076=VECTOR('',#3632,10.);
#1077=VECTOR('',#3641,10.);
#1078=VECTOR('',#3642,10.);
#1079=VECTOR('',#3643,10.);
#1080=VECTOR('',#3644,10.);
#1081=VECTOR('',#3647,10.);
#1082=VECTOR('',#3648,10.);
#1083=VECTOR('',#3649,10.);
#1084=VECTOR('',#3652,10.);
#1085=VECTOR('',#3653,10.);
#1086=VECTOR('',#3654,10.);
#1087=VECTOR('',#3661,10.);
#1088=VECTOR('',#3664,10.);
#1089=VECTOR('',#3665,10.);
#1090=VECTOR('',#3666,10.);
#1091=VECTOR('',#3669,10.);
#1092=VECTOR('',#3670,10.);
#1093=VECTOR('',#3671,10.);
#1094=VECTOR('',#3678,10.);
#1095=VECTOR('',#3681,10.);
#1096=VECTOR('',#3682,10.);
#1097=VECTOR('',#3683,10.);
#1098=VECTOR('',#3696,10.);
#1099=VECTOR('',#3697,10.);
#1100=VECTOR('',#3698,10.);
#1101=VECTOR('',#3699,10.);
#1102=VECTOR('',#3702,10.);
#1103=VECTOR('',#3703,10.);
#1104=VECTOR('',#3704,10.);
#1105=VECTOR('',#3707,10.);
#1106=VECTOR('',#3708,10.);
#1107=VECTOR('',#3709,10.);
#1108=VECTOR('',#3712,10.);
#1109=VECTOR('',#3713,10.);
#1110=VECTOR('',#3714,10.);
#1111=VECTOR('',#3717,10.);
#1112=VECTOR('',#3718,10.);
#1113=VECTOR('',#3719,10.);
#1114=VECTOR('',#3722,10.);
#1115=VECTOR('',#3723,10.);
#1116=VECTOR('',#3724,10.);
#1117=VECTOR('',#3727,10.);
#1118=VECTOR('',#3728,10.);
#1119=VECTOR('',#3729,10.);
#1120=VECTOR('',#3732,10.);
#1121=VECTOR('',#3733,10.);
#1122=VECTOR('',#3736,10.);
#1123=VECTOR('',#3737,10.);
#1124=VECTOR('',#3738,10.);
#1125=VECTOR('',#3739,10.);
#1126=VECTOR('',#3742,10.);
#1127=VECTOR('',#3743,10.);
#1128=VECTOR('',#3744,10.);
#1129=VECTOR('',#3747,10.);
#1130=VECTOR('',#3748,10.);
#1131=VECTOR('',#3749,10.);
#1132=VECTOR('',#3752,10.);
#1133=VECTOR('',#3753,10.);
#1134=VECTOR('',#3754,10.);
#1135=VECTOR('',#3757,10.);
#1136=VECTOR('',#3758,10.);
#1137=VECTOR('',#3759,10.);
#1138=VECTOR('',#3762,10.);
#1139=VECTOR('',#3763,10.);
#1140=VECTOR('',#3764,10.);
#1141=VECTOR('',#3767,10.);
#1142=VECTOR('',#3768,10.);
#1143=VECTOR('',#3769,10.);
#1144=VECTOR('',#3772,10.);
#1145=VECTOR('',#3773,10.);
#1146=VECTOR('',#3778,10.);
#1147=VECTOR('',#3781,10.);
#1148=VECTOR('',#3784,10.);
#1149=VECTOR('',#3785,10.);
#1150=VECTOR('',#3786,10.);
#1151=VECTOR('',#3789,10.);
#1152=VECTOR('',#3790,10.);
#1153=VECTOR('',#3791,10.);
#1154=VECTOR('',#3794,10.);
#1155=VECTOR('',#3795,10.);
#1156=VECTOR('',#3798,10.);
#1157=VECTOR('',#3799,10.);
#1158=VECTOR('',#3800,10.);
#1159=VECTOR('',#3801,10.);
#1160=VECTOR('',#3804,10.);
#1161=VECTOR('',#3805,10.);
#1162=VECTOR('',#3806,10.);
#1163=VECTOR('',#3809,10.);
#1164=VECTOR('',#3810,10.);
#1165=VECTOR('',#3811,10.);
#1166=VECTOR('',#3814,10.);
#1167=VECTOR('',#3815,10.);
#1168=VECTOR('',#3816,10.);
#1169=VECTOR('',#3819,10.);
#1170=VECTOR('',#3820,10.);
#1171=VECTOR('',#3821,10.);
#1172=VECTOR('',#3824,10.);
#1173=VECTOR('',#3825,10.);
#1174=VECTOR('',#3826,10.);
#1175=VECTOR('',#3829,10.);
#1176=VECTOR('',#3830,10.);
#1177=VECTOR('',#3831,10.);
#1178=VECTOR('',#3834,10.);
#1179=VECTOR('',#3835,10.);
#1180=VECTOR('',#3836,10.);
#1181=VECTOR('',#3843,10.);
#1182=VECTOR('',#3846,10.);
#1183=VECTOR('',#3847,10.);
#1184=VECTOR('',#3848,10.);
#1185=VECTOR('',#3851,10.);
#1186=VECTOR('',#3852,10.);
#1187=VECTOR('',#3853,10.);
#1188=VECTOR('',#3856,10.);
#1189=VECTOR('',#3857,10.);
#1190=VECTOR('',#3858,10.);
#1191=VECTOR('',#3861,10.);
#1192=VECTOR('',#3862,10.);
#1193=VECTOR('',#3863,10.);
#1194=VECTOR('',#3866,10.);
#1195=VECTOR('',#3867,10.);
#1196=VECTOR('',#3868,10.);
#1197=VECTOR('',#3871,10.);
#1198=VECTOR('',#3872,10.);
#1199=VECTOR('',#3873,10.);
#1200=VECTOR('',#3876,10.);
#1201=VECTOR('',#3877,10.);
#1202=VECTOR('',#3878,10.);
#1203=VECTOR('',#3881,10.);
#1204=VECTOR('',#3882,10.);
#1205=VECTOR('',#3883,10.);
#1206=VERTEX_POINT('',#3896);
#1207=VERTEX_POINT('',#3897);
#1208=VERTEX_POINT('',#3899);
#1209=VERTEX_POINT('',#3901);
#1210=VERTEX_POINT('',#3905);
#1211=VERTEX_POINT('',#3907);
#1212=VERTEX_POINT('',#3911);
#1213=VERTEX_POINT('',#3913);
#1214=VERTEX_POINT('',#3920);
#1215=VERTEX_POINT('',#3921);
#1216=VERTEX_POINT('',#3923);
#1217=VERTEX_POINT('',#3925);
#1218=VERTEX_POINT('',#3929);
#1219=VERTEX_POINT('',#3931);
#1220=VERTEX_POINT('',#3935);
#1221=VERTEX_POINT('',#3937);
#1222=VERTEX_POINT('',#3944);
#1223=VERTEX_POINT('',#3945);
#1224=VERTEX_POINT('',#3947);
#1225=VERTEX_POINT('',#3949);
#1226=VERTEX_POINT('',#3953);
#1227=VERTEX_POINT('',#3955);
#1228=VERTEX_POINT('',#3959);
#1229=VERTEX_POINT('',#3961);
#1230=VERTEX_POINT('',#3968);
#1231=VERTEX_POINT('',#3969);
#1232=VERTEX_POINT('',#3971);
#1233=VERTEX_POINT('',#3973);
#1234=VERTEX_POINT('',#3977);
#1235=VERTEX_POINT('',#3979);
#1236=VERTEX_POINT('',#3983);
#1237=VERTEX_POINT('',#3985);
#1238=VERTEX_POINT('',#3992);
#1239=VERTEX_POINT('',#3993);
#1240=VERTEX_POINT('',#3995);
#1241=VERTEX_POINT('',#3997);
#1242=VERTEX_POINT('',#4001);
#1243=VERTEX_POINT('',#4003);
#1244=VERTEX_POINT('',#4007);
#1245=VERTEX_POINT('',#4009);
#1246=VERTEX_POINT('',#4016);
#1247=VERTEX_POINT('',#4017);
#1248=VERTEX_POINT('',#4019);
#1249=VERTEX_POINT('',#4021);
#1250=VERTEX_POINT('',#4025);
#1251=VERTEX_POINT('',#4027);
#1252=VERTEX_POINT('',#4031);
#1253=VERTEX_POINT('',#4033);
#1254=VERTEX_POINT('',#4040);
#1255=VERTEX_POINT('',#4041);
#1256=VERTEX_POINT('',#4043);
#1257=VERTEX_POINT('',#4045);
#1258=VERTEX_POINT('',#4049);
#1259=VERTEX_POINT('',#4051);
#1260=VERTEX_POINT('',#4055);
#1261=VERTEX_POINT('',#4057);
#1262=VERTEX_POINT('',#4064);
#1263=VERTEX_POINT('',#4066);
#1264=VERTEX_POINT('',#4070);
#1265=VERTEX_POINT('',#4072);
#1266=VERTEX_POINT('',#4076);
#1267=VERTEX_POINT('',#4078);
#1268=VERTEX_POINT('',#4082);
#1269=VERTEX_POINT('',#4084);
#1270=VERTEX_POINT('',#4088);
#1271=VERTEX_POINT('',#4090);
#1272=VERTEX_POINT('',#4094);
#1273=VERTEX_POINT('',#4096);
#1274=VERTEX_POINT('',#4100);
#1275=VERTEX_POINT('',#4102);
#1276=VERTEX_POINT('',#4106);
#1277=VERTEX_POINT('',#4108);
#1278=VERTEX_POINT('',#4112);
#1279=VERTEX_POINT('',#4114);
#1280=VERTEX_POINT('',#4118);
#1281=VERTEX_POINT('',#4120);
#1282=VERTEX_POINT('',#4124);
#1283=VERTEX_POINT('',#4126);
#1284=VERTEX_POINT('',#4130);
#1285=VERTEX_POINT('',#4132);
#1286=VERTEX_POINT('',#4136);
#1287=VERTEX_POINT('',#4138);
#1288=VERTEX_POINT('',#4142);
#1289=VERTEX_POINT('',#4144);
#1290=VERTEX_POINT('',#4148);
#1291=VERTEX_POINT('',#4149);
#1292=VERTEX_POINT('',#4151);
#1293=VERTEX_POINT('',#4153);
#1294=VERTEX_POINT('',#4157);
#1295=VERTEX_POINT('',#4159);
#1296=VERTEX_POINT('',#4163);
#1297=VERTEX_POINT('',#4165);
#1298=VERTEX_POINT('',#4172);
#1299=VERTEX_POINT('',#4173);
#1300=VERTEX_POINT('',#4175);
#1301=VERTEX_POINT('',#4177);
#1302=VERTEX_POINT('',#4181);
#1303=VERTEX_POINT('',#4183);
#1304=VERTEX_POINT('',#4187);
#1305=VERTEX_POINT('',#4189);
#1306=VERTEX_POINT('',#4196);
#1307=VERTEX_POINT('',#4197);
#1308=VERTEX_POINT('',#4199);
#1309=VERTEX_POINT('',#4201);
#1310=VERTEX_POINT('',#4205);
#1311=VERTEX_POINT('',#4207);
#1312=VERTEX_POINT('',#4211);
#1313=VERTEX_POINT('',#4213);
#1314=VERTEX_POINT('',#4220);
#1315=VERTEX_POINT('',#4221);
#1316=VERTEX_POINT('',#4223);
#1317=VERTEX_POINT('',#4225);
#1318=VERTEX_POINT('',#4229);
#1319=VERTEX_POINT('',#4231);
#1320=VERTEX_POINT('',#4235);
#1321=VERTEX_POINT('',#4237);
#1322=VERTEX_POINT('',#4244);
#1323=VERTEX_POINT('',#4245);
#1324=VERTEX_POINT('',#4247);
#1325=VERTEX_POINT('',#4249);
#1326=VERTEX_POINT('',#4253);
#1327=VERTEX_POINT('',#4255);
#1328=VERTEX_POINT('',#4259);
#1329=VERTEX_POINT('',#4261);
#1330=VERTEX_POINT('',#4268);
#1331=VERTEX_POINT('',#4269);
#1332=VERTEX_POINT('',#4271);
#1333=VERTEX_POINT('',#4273);
#1334=VERTEX_POINT('',#4277);
#1335=VERTEX_POINT('',#4279);
#1336=VERTEX_POINT('',#4283);
#1337=VERTEX_POINT('',#4285);
#1338=VERTEX_POINT('',#4292);
#1339=VERTEX_POINT('',#4293);
#1340=VERTEX_POINT('',#4295);
#1341=VERTEX_POINT('',#4297);
#1342=VERTEX_POINT('',#4301);
#1343=VERTEX_POINT('',#4303);
#1344=VERTEX_POINT('',#4307);
#1345=VERTEX_POINT('',#4309);
#1346=VERTEX_POINT('',#4311);
#1347=VERTEX_POINT('',#4313);
#1348=VERTEX_POINT('',#4315);
#1349=VERTEX_POINT('',#4317);
#1350=VERTEX_POINT('',#4319);
#1351=VERTEX_POINT('',#4321);
#1352=VERTEX_POINT('',#4323);
#1353=VERTEX_POINT('',#4325);
#1354=VERTEX_POINT('',#4327);
#1355=VERTEX_POINT('',#4329);
#1356=VERTEX_POINT('',#4331);
#1357=VERTEX_POINT('',#4333);
#1358=VERTEX_POINT('',#4335);
#1359=VERTEX_POINT('',#4337);
#1360=VERTEX_POINT('',#4339);
#1361=VERTEX_POINT('',#4341);
#1362=VERTEX_POINT('',#4343);
#1363=VERTEX_POINT('',#4347);
#1364=VERTEX_POINT('',#4351);
#1365=VERTEX_POINT('',#4355);
#1366=VERTEX_POINT('',#4359);
#1367=VERTEX_POINT('',#4363);
#1368=VERTEX_POINT('',#4367);
#1369=VERTEX_POINT('',#4371);
#1370=VERTEX_POINT('',#4375);
#1371=VERTEX_POINT('',#4379);
#1372=VERTEX_POINT('',#4383);
#1373=VERTEX_POINT('',#4387);
#1374=VERTEX_POINT('',#4391);
#1375=VERTEX_POINT('',#4395);
#1376=VERTEX_POINT('',#4399);
#1377=VERTEX_POINT('',#4403);
#1378=VERTEX_POINT('',#4407);
#1379=VERTEX_POINT('',#4411);
#1380=VERTEX_POINT('',#4415);
#1381=VERTEX_POINT('',#4419);
#1382=VERTEX_POINT('',#4426);
#1383=VERTEX_POINT('',#4427);
#1384=VERTEX_POINT('',#4429);
#1385=VERTEX_POINT('',#4431);
#1386=VERTEX_POINT('',#4435);
#1387=VERTEX_POINT('',#4437);
#1388=VERTEX_POINT('',#4441);
#1389=VERTEX_POINT('',#4443);
#1390=VERTEX_POINT('',#4447);
#1391=VERTEX_POINT('',#4449);
#1392=VERTEX_POINT('',#4453);
#1393=VERTEX_POINT('',#4455);
#1394=VERTEX_POINT('',#4459);
#1395=VERTEX_POINT('',#4461);
#1396=VERTEX_POINT('',#4465);
#1397=VERTEX_POINT('',#4467);
#1398=VERTEX_POINT('',#4471);
#1399=VERTEX_POINT('',#4473);
#1400=VERTEX_POINT('',#4482);
#1401=VERTEX_POINT('',#4483);
#1402=VERTEX_POINT('',#4485);
#1403=VERTEX_POINT('',#4487);
#1404=VERTEX_POINT('',#4491);
#1405=VERTEX_POINT('',#4493);
#1406=VERTEX_POINT('',#4497);
#1407=VERTEX_POINT('',#4499);
#1408=VERTEX_POINT('',#4503);
#1409=VERTEX_POINT('',#4505);
#1410=VERTEX_POINT('',#4509);
#1411=VERTEX_POINT('',#4511);
#1412=VERTEX_POINT('',#4515);
#1413=VERTEX_POINT('',#4517);
#1414=VERTEX_POINT('',#4521);
#1415=VERTEX_POINT('',#4523);
#1416=VERTEX_POINT('',#4530);
#1417=VERTEX_POINT('',#4531);
#1418=VERTEX_POINT('',#4533);
#1419=VERTEX_POINT('',#4535);
#1420=VERTEX_POINT('',#4539);
#1421=VERTEX_POINT('',#4541);
#1422=VERTEX_POINT('',#4545);
#1423=VERTEX_POINT('',#4547);
#1424=VERTEX_POINT('',#4551);
#1425=VERTEX_POINT('',#4553);
#1426=VERTEX_POINT('',#4557);
#1427=VERTEX_POINT('',#4559);
#1428=VERTEX_POINT('',#4563);
#1429=VERTEX_POINT('',#4565);
#1430=VERTEX_POINT('',#4569);
#1431=VERTEX_POINT('',#4571);
#1432=VERTEX_POINT('',#4578);
#1433=VERTEX_POINT('',#4579);
#1434=VERTEX_POINT('',#4581);
#1435=VERTEX_POINT('',#4583);
#1436=VERTEX_POINT('',#4587);
#1437=VERTEX_POINT('',#4589);
#1438=VERTEX_POINT('',#4593);
#1439=VERTEX_POINT('',#4595);
#1440=VERTEX_POINT('',#4602);
#1441=VERTEX_POINT('',#4603);
#1442=VERTEX_POINT('',#4605);
#1443=VERTEX_POINT('',#4607);
#1444=VERTEX_POINT('',#4611);
#1445=VERTEX_POINT('',#4613);
#1446=VERTEX_POINT('',#4617);
#1447=VERTEX_POINT('',#4619);
#1448=VERTEX_POINT('',#4623);
#1449=VERTEX_POINT('',#4625);
#1450=VERTEX_POINT('',#4629);
#1451=VERTEX_POINT('',#4631);
#1452=VERTEX_POINT('',#4635);
#1453=VERTEX_POINT('',#4637);
#1454=VERTEX_POINT('',#4641);
#1455=VERTEX_POINT('',#4643);
#1456=VERTEX_POINT('',#4647);
#1457=VERTEX_POINT('',#4649);
#1458=VERTEX_POINT('',#4653);
#1459=VERTEX_POINT('',#4655);
#1460=VERTEX_POINT('',#4659);
#1461=VERTEX_POINT('',#4661);
#1462=VERTEX_POINT('',#4665);
#1463=VERTEX_POINT('',#4667);
#1464=VERTEX_POINT('',#4671);
#1465=VERTEX_POINT('',#4673);
#1466=VERTEX_POINT('',#4677);
#1467=VERTEX_POINT('',#4679);
#1468=VERTEX_POINT('',#4683);
#1469=VERTEX_POINT('',#4685);
#1470=VERTEX_POINT('',#4689);
#1471=VERTEX_POINT('',#4691);
#1472=VERTEX_POINT('',#4695);
#1473=VERTEX_POINT('',#4697);
#1474=VERTEX_POINT('',#4701);
#1475=VERTEX_POINT('',#4703);
#1476=EDGE_CURVE('',#1206,#1207,#496,.T.);
#1477=EDGE_CURVE('',#1208,#1206,#497,.T.);
#1478=EDGE_CURVE('',#1209,#1208,#498,.T.);
#1479=EDGE_CURVE('',#1209,#1207,#499,.T.);
#1480=EDGE_CURVE('',#1207,#1210,#500,.T.);
#1481=EDGE_CURVE('',#1211,#1209,#501,.T.);
#1482=EDGE_CURVE('',#1211,#1210,#502,.T.);
#1483=EDGE_CURVE('',#1210,#1212,#503,.T.);
#1484=EDGE_CURVE('',#1213,#1211,#504,.T.);
#1485=EDGE_CURVE('',#1213,#1212,#505,.T.);
#1486=EDGE_CURVE('',#1212,#1206,#506,.T.);
#1487=EDGE_CURVE('',#1208,#1213,#507,.T.);
#1488=EDGE_CURVE('',#1214,#1215,#508,.T.);
#1489=EDGE_CURVE('',#1216,#1214,#509,.T.);
#1490=EDGE_CURVE('',#1217,#1216,#510,.T.);
#1491=EDGE_CURVE('',#1217,#1215,#511,.T.);
#1492=EDGE_CURVE('',#1215,#1218,#512,.T.);
#1493=EDGE_CURVE('',#1219,#1217,#513,.T.);
#1494=EDGE_CURVE('',#1219,#1218,#514,.T.);
#1495=EDGE_CURVE('',#1218,#1220,#515,.T.);
#1496=EDGE_CURVE('',#1221,#1219,#516,.T.);
#1497=EDGE_CURVE('',#1221,#1220,#517,.T.);
#1498=EDGE_CURVE('',#1220,#1214,#518,.T.);
#1499=EDGE_CURVE('',#1216,#1221,#519,.T.);
#1500=EDGE_CURVE('',#1222,#1223,#520,.T.);
#1501=EDGE_CURVE('',#1224,#1222,#521,.T.);
#1502=EDGE_CURVE('',#1225,#1224,#522,.T.);
#1503=EDGE_CURVE('',#1225,#1223,#523,.T.);
#1504=EDGE_CURVE('',#1223,#1226,#524,.T.);
#1505=EDGE_CURVE('',#1227,#1225,#525,.T.);
#1506=EDGE_CURVE('',#1227,#1226,#526,.T.);
#1507=EDGE_CURVE('',#1226,#1228,#527,.T.);
#1508=EDGE_CURVE('',#1229,#1227,#528,.T.);
#1509=EDGE_CURVE('',#1229,#1228,#529,.T.);
#1510=EDGE_CURVE('',#1228,#1222,#530,.T.);
#1511=EDGE_CURVE('',#1224,#1229,#531,.T.);
#1512=EDGE_CURVE('',#1230,#1231,#532,.T.);
#1513=EDGE_CURVE('',#1232,#1230,#533,.T.);
#1514=EDGE_CURVE('',#1233,#1232,#534,.T.);
#1515=EDGE_CURVE('',#1233,#1231,#535,.T.);
#1516=EDGE_CURVE('',#1231,#1234,#536,.T.);
#1517=EDGE_CURVE('',#1235,#1233,#537,.T.);
#1518=EDGE_CURVE('',#1235,#1234,#538,.T.);
#1519=EDGE_CURVE('',#1234,#1236,#539,.T.);
#1520=EDGE_CURVE('',#1237,#1235,#540,.T.);
#1521=EDGE_CURVE('',#1237,#1236,#541,.T.);
#1522=EDGE_CURVE('',#1236,#1230,#542,.T.);
#1523=EDGE_CURVE('',#1232,#1237,#543,.T.);
#1524=EDGE_CURVE('',#1238,#1239,#544,.T.);
#1525=EDGE_CURVE('',#1240,#1238,#545,.T.);
#1526=EDGE_CURVE('',#1241,#1240,#546,.T.);
#1527=EDGE_CURVE('',#1241,#1239,#547,.T.);
#1528=EDGE_CURVE('',#1239,#1242,#548,.T.);
#1529=EDGE_CURVE('',#1243,#1241,#549,.T.);
#1530=EDGE_CURVE('',#1243,#1242,#550,.T.);
#1531=EDGE_CURVE('',#1242,#1244,#551,.T.);
#1532=EDGE_CURVE('',#1245,#1243,#552,.T.);
#1533=EDGE_CURVE('',#1245,#1244,#553,.T.);
#1534=EDGE_CURVE('',#1244,#1238,#554,.T.);
#1535=EDGE_CURVE('',#1240,#1245,#555,.T.);
#1536=EDGE_CURVE('',#1246,#1247,#556,.T.);
#1537=EDGE_CURVE('',#1248,#1246,#557,.T.);
#1538=EDGE_CURVE('',#1249,#1248,#558,.T.);
#1539=EDGE_CURVE('',#1249,#1247,#559,.T.);
#1540=EDGE_CURVE('',#1247,#1250,#560,.T.);
#1541=EDGE_CURVE('',#1251,#1249,#561,.T.);
#1542=EDGE_CURVE('',#1251,#1250,#562,.T.);
#1543=EDGE_CURVE('',#1250,#1252,#563,.T.);
#1544=EDGE_CURVE('',#1253,#1251,#564,.T.);
#1545=EDGE_CURVE('',#1253,#1252,#565,.T.);
#1546=EDGE_CURVE('',#1252,#1246,#566,.T.);
#1547=EDGE_CURVE('',#1248,#1253,#567,.T.);
#1548=EDGE_CURVE('',#1254,#1255,#568,.T.);
#1549=EDGE_CURVE('',#1256,#1254,#569,.T.);
#1550=EDGE_CURVE('',#1257,#1256,#570,.T.);
#1551=EDGE_CURVE('',#1257,#1255,#571,.T.);
#1552=EDGE_CURVE('',#1255,#1258,#572,.T.);
#1553=EDGE_CURVE('',#1259,#1257,#573,.T.);
#1554=EDGE_CURVE('',#1259,#1258,#574,.T.);
#1555=EDGE_CURVE('',#1258,#1260,#575,.T.);
#1556=EDGE_CURVE('',#1261,#1259,#576,.T.);
#1557=EDGE_CURVE('',#1261,#1260,#577,.T.);
#1558=EDGE_CURVE('',#1260,#1254,#578,.T.);
#1559=EDGE_CURVE('',#1256,#1261,#579,.T.);
#1560=EDGE_CURVE('',#1262,#1262,#79,.T.);
#1561=EDGE_CURVE('',#1262,#1263,#580,.T.);
#1562=EDGE_CURVE('',#1263,#1263,#80,.T.);
#1563=EDGE_CURVE('',#1264,#1264,#81,.T.);
#1564=EDGE_CURVE('',#1264,#1265,#581,.T.);
#1565=EDGE_CURVE('',#1265,#1265,#82,.T.);
#1566=EDGE_CURVE('',#1266,#1266,#83,.T.);
#1567=EDGE_CURVE('',#1266,#1267,#582,.T.);
#1568=EDGE_CURVE('',#1267,#1267,#84,.T.);
#1569=EDGE_CURVE('',#1268,#1268,#85,.T.);
#1570=EDGE_CURVE('',#1268,#1269,#583,.T.);
#1571=EDGE_CURVE('',#1269,#1269,#86,.T.);
#1572=EDGE_CURVE('',#1270,#1270,#87,.T.);
#1573=EDGE_CURVE('',#1270,#1271,#584,.T.);
#1574=EDGE_CURVE('',#1271,#1271,#88,.T.);
#1575=EDGE_CURVE('',#1272,#1272,#89,.T.);
#1576=EDGE_CURVE('',#1272,#1273,#585,.T.);
#1577=EDGE_CURVE('',#1273,#1273,#90,.T.);
#1578=EDGE_CURVE('',#1274,#1274,#91,.T.);
#1579=EDGE_CURVE('',#1274,#1275,#586,.T.);
#1580=EDGE_CURVE('',#1275,#1275,#92,.T.);
#1581=EDGE_CURVE('',#1276,#1276,#93,.T.);
#1582=EDGE_CURVE('',#1276,#1277,#587,.T.);
#1583=EDGE_CURVE('',#1277,#1277,#94,.T.);
#1584=EDGE_CURVE('',#1278,#1278,#95,.T.);
#1585=EDGE_CURVE('',#1278,#1279,#588,.T.);
#1586=EDGE_CURVE('',#1279,#1279,#96,.T.);
#1587=EDGE_CURVE('',#1280,#1280,#97,.T.);
#1588=EDGE_CURVE('',#1280,#1281,#589,.T.);
#1589=EDGE_CURVE('',#1281,#1281,#98,.T.);
#1590=EDGE_CURVE('',#1282,#1282,#99,.T.);
#1591=EDGE_CURVE('',#1282,#1283,#590,.T.);
#1592=EDGE_CURVE('',#1283,#1283,#100,.T.);
#1593=EDGE_CURVE('',#1284,#1284,#101,.T.);
#1594=EDGE_CURVE('',#1284,#1285,#591,.T.);
#1595=EDGE_CURVE('',#1285,#1285,#102,.T.);
#1596=EDGE_CURVE('',#1286,#1286,#103,.T.);
#1597=EDGE_CURVE('',#1286,#1287,#592,.T.);
#1598=EDGE_CURVE('',#1287,#1287,#104,.T.);
#1599=EDGE_CURVE('',#1288,#1288,#105,.T.);
#1600=EDGE_CURVE('',#1288,#1289,#593,.T.);
#1601=EDGE_CURVE('',#1289,#1289,#106,.T.);
#1602=EDGE_CURVE('',#1290,#1291,#594,.T.);
#1603=EDGE_CURVE('',#1292,#1290,#595,.T.);
#1604=EDGE_CURVE('',#1293,#1292,#596,.T.);
#1605=EDGE_CURVE('',#1293,#1291,#597,.T.);
#1606=EDGE_CURVE('',#1291,#1294,#598,.T.);
#1607=EDGE_CURVE('',#1295,#1293,#599,.T.);
#1608=EDGE_CURVE('',#1295,#1294,#600,.T.);
#1609=EDGE_CURVE('',#1294,#1296,#601,.T.);
#1610=EDGE_CURVE('',#1297,#1295,#602,.T.);
#1611=EDGE_CURVE('',#1297,#1296,#603,.T.);
#1612=EDGE_CURVE('',#1296,#1290,#604,.T.);
#1613=EDGE_CURVE('',#1292,#1297,#605,.T.);
#1614=EDGE_CURVE('',#1298,#1299,#606,.T.);
#1615=EDGE_CURVE('',#1300,#1298,#607,.T.);
#1616=EDGE_CURVE('',#1301,#1300,#608,.T.);
#1617=EDGE_CURVE('',#1301,#1299,#609,.T.);
#1618=EDGE_CURVE('',#1299,#1302,#610,.T.);
#1619=EDGE_CURVE('',#1303,#1301,#611,.T.);
#1620=EDGE_CURVE('',#1303,#1302,#612,.T.);
#1621=EDGE_CURVE('',#1302,#1304,#613,.T.);
#1622=EDGE_CURVE('',#1305,#1303,#614,.T.);
#1623=EDGE_CURVE('',#1305,#1304,#615,.T.);
#1624=EDGE_CURVE('',#1304,#1298,#616,.T.);
#1625=EDGE_CURVE('',#1300,#1305,#617,.T.);
#1626=EDGE_CURVE('',#1306,#1307,#618,.T.);
#1627=EDGE_CURVE('',#1308,#1306,#619,.T.);
#1628=EDGE_CURVE('',#1309,#1308,#620,.T.);
#1629=EDGE_CURVE('',#1309,#1307,#621,.T.);
#1630=EDGE_CURVE('',#1307,#1310,#622,.T.);
#1631=EDGE_CURVE('',#1311,#1309,#623,.T.);
#1632=EDGE_CURVE('',#1311,#1310,#624,.T.);
#1633=EDGE_CURVE('',#1310,#1312,#625,.T.);
#1634=EDGE_CURVE('',#1313,#1311,#626,.T.);
#1635=EDGE_CURVE('',#1313,#1312,#627,.T.);
#1636=EDGE_CURVE('',#1312,#1306,#628,.T.);
#1637=EDGE_CURVE('',#1308,#1313,#629,.T.);
#1638=EDGE_CURVE('',#1314,#1315,#630,.T.);
#1639=EDGE_CURVE('',#1316,#1314,#631,.T.);
#1640=EDGE_CURVE('',#1317,#1316,#632,.T.);
#1641=EDGE_CURVE('',#1317,#1315,#633,.T.);
#1642=EDGE_CURVE('',#1315,#1318,#634,.T.);
#1643=EDGE_CURVE('',#1319,#1317,#635,.T.);
#1644=EDGE_CURVE('',#1319,#1318,#636,.T.);
#1645=EDGE_CURVE('',#1318,#1320,#637,.T.);
#1646=EDGE_CURVE('',#1321,#1319,#638,.T.);
#1647=EDGE_CURVE('',#1321,#1320,#639,.T.);
#1648=EDGE_CURVE('',#1320,#1314,#640,.T.);
#1649=EDGE_CURVE('',#1316,#1321,#641,.T.);
#1650=EDGE_CURVE('',#1322,#1323,#642,.T.);
#1651=EDGE_CURVE('',#1324,#1322,#643,.T.);
#1652=EDGE_CURVE('',#1325,#1324,#644,.T.);
#1653=EDGE_CURVE('',#1325,#1323,#645,.T.);
#1654=EDGE_CURVE('',#1323,#1326,#646,.T.);
#1655=EDGE_CURVE('',#1327,#1325,#647,.T.);
#1656=EDGE_CURVE('',#1327,#1326,#648,.T.);
#1657=EDGE_CURVE('',#1326,#1328,#649,.T.);
#1658=EDGE_CURVE('',#1329,#1327,#650,.T.);
#1659=EDGE_CURVE('',#1329,#1328,#651,.T.);
#1660=EDGE_CURVE('',#1328,#1322,#652,.T.);
#1661=EDGE_CURVE('',#1324,#1329,#653,.T.);
#1662=EDGE_CURVE('',#1330,#1331,#654,.T.);
#1663=EDGE_CURVE('',#1332,#1330,#655,.T.);
#1664=EDGE_CURVE('',#1333,#1332,#656,.T.);
#1665=EDGE_CURVE('',#1333,#1331,#657,.T.);
#1666=EDGE_CURVE('',#1331,#1334,#658,.T.);
#1667=EDGE_CURVE('',#1335,#1333,#659,.T.);
#1668=EDGE_CURVE('',#1335,#1334,#660,.T.);
#1669=EDGE_CURVE('',#1334,#1336,#661,.T.);
#1670=EDGE_CURVE('',#1337,#1335,#662,.T.);
#1671=EDGE_CURVE('',#1337,#1336,#663,.T.);
#1672=EDGE_CURVE('',#1336,#1330,#664,.T.);
#1673=EDGE_CURVE('',#1332,#1337,#665,.T.);
#1674=EDGE_CURVE('',#1338,#1339,#666,.T.);
#1675=EDGE_CURVE('',#1340,#1338,#107,.T.);
#1676=EDGE_CURVE('',#1341,#1340,#667,.T.);
#1677=EDGE_CURVE('',#1339,#1341,#108,.T.);
#1678=EDGE_CURVE('',#1339,#1342,#668,.T.);
#1679=EDGE_CURVE('',#1342,#1343,#669,.T.);
#1680=EDGE_CURVE('',#1338,#1343,#670,.T.);
#1681=EDGE_CURVE('',#1344,#1341,#671,.T.);
#1682=EDGE_CURVE('',#1345,#1344,#109,.T.);
#1683=EDGE_CURVE('',#1346,#1345,#672,.T.);
#1684=EDGE_CURVE('',#1346,#1347,#673,.T.);
#1685=EDGE_CURVE('',#1347,#1348,#674,.T.);
#1686=EDGE_CURVE('',#1348,#1349,#675,.T.);
#1687=EDGE_CURVE('',#1350,#1349,#676,.T.);
#1688=EDGE_CURVE('',#1351,#1350,#677,.T.);
#1689=EDGE_CURVE('',#1352,#1351,#110,.T.);
#1690=EDGE_CURVE('',#1353,#1352,#678,.T.);
#1691=EDGE_CURVE('',#1354,#1353,#679,.T.);
#1692=EDGE_CURVE('',#1355,#1354,#680,.T.);
#1693=EDGE_CURVE('',#1356,#1355,#111,.T.);
#1694=EDGE_CURVE('',#1357,#1356,#681,.T.);
#1695=EDGE_CURVE('',#1358,#1357,#682,.T.);
#1696=EDGE_CURVE('',#1358,#1359,#683,.T.);
#1697=EDGE_CURVE('',#1359,#1360,#684,.T.);
#1698=EDGE_CURVE('',#1360,#1361,#685,.T.);
#1699=EDGE_CURVE('',#1362,#1361,#686,.T.);
#1700=EDGE_CURVE('',#1342,#1362,#112,.T.);
#1701=EDGE_CURVE('',#1363,#1340,#687,.T.);
#1702=EDGE_CURVE('',#1344,#1363,#688,.T.);
#1703=EDGE_CURVE('',#1364,#1363,#113,.T.);
#1704=EDGE_CURVE('',#1345,#1364,#689,.T.);
#1705=EDGE_CURVE('',#1365,#1364,#690,.T.);
#1706=EDGE_CURVE('',#1346,#1365,#691,.T.);
#1707=EDGE_CURVE('',#1366,#1365,#692,.T.);
#1708=EDGE_CURVE('',#1347,#1366,#693,.T.);
#1709=EDGE_CURVE('',#1367,#1366,#694,.T.);
#1710=EDGE_CURVE('',#1348,#1367,#695,.T.);
#1711=EDGE_CURVE('',#1368,#1367,#696,.T.);
#1712=EDGE_CURVE('',#1349,#1368,#697,.T.);
#1713=EDGE_CURVE('',#1369,#1368,#698,.T.);
#1714=EDGE_CURVE('',#1350,#1369,#699,.T.);
#1715=EDGE_CURVE('',#1370,#1369,#700,.T.);
#1716=EDGE_CURVE('',#1351,#1370,#701,.T.);
#1717=EDGE_CURVE('',#1371,#1370,#114,.T.);
#1718=EDGE_CURVE('',#1352,#1371,#702,.T.);
#1719=EDGE_CURVE('',#1372,#1371,#703,.T.);
#1720=EDGE_CURVE('',#1353,#1372,#704,.T.);
#1721=EDGE_CURVE('',#1373,#1372,#705,.T.);
#1722=EDGE_CURVE('',#1354,#1373,#706,.T.);
#1723=EDGE_CURVE('',#1374,#1373,#707,.T.);
#1724=EDGE_CURVE('',#1355,#1374,#708,.T.);
#1725=EDGE_CURVE('',#1375,#1374,#115,.T.);
#1726=EDGE_CURVE('',#1356,#1375,#709,.T.);
#1727=EDGE_CURVE('',#1376,#1375,#710,.T.);
#1728=EDGE_CURVE('',#1357,#1376,#711,.T.);
#1729=EDGE_CURVE('',#1377,#1376,#712,.T.);
#1730=EDGE_CURVE('',#1358,#1377,#713,.T.);
#1731=EDGE_CURVE('',#1378,#1377,#714,.T.);
#1732=EDGE_CURVE('',#1359,#1378,#715,.T.);
#1733=EDGE_CURVE('',#1379,#1378,#716,.T.);
#1734=EDGE_CURVE('',#1360,#1379,#717,.T.);
#1735=EDGE_CURVE('',#1380,#1379,#718,.T.);
#1736=EDGE_CURVE('',#1361,#1380,#719,.T.);
#1737=EDGE_CURVE('',#1381,#1380,#720,.T.);
#1738=EDGE_CURVE('',#1362,#1381,#721,.T.);
#1739=EDGE_CURVE('',#1343,#1381,#116,.T.);
#1740=EDGE_CURVE('',#1382,#1383,#722,.T.);
#1741=EDGE_CURVE('',#1383,#1384,#723,.T.);
#1742=EDGE_CURVE('',#1385,#1384,#724,.T.);
#1743=EDGE_CURVE('',#1382,#1385,#725,.T.);
#1744=EDGE_CURVE('',#1386,#1382,#726,.T.);
#1745=EDGE_CURVE('',#1387,#1385,#727,.T.);
#1746=EDGE_CURVE('',#1386,#1387,#728,.T.);
#1747=EDGE_CURVE('',#1388,#1386,#729,.T.);
#1748=EDGE_CURVE('',#1389,#1387,#730,.T.);
#1749=EDGE_CURVE('',#1388,#1389,#731,.T.);
#1750=EDGE_CURVE('',#1388,#1390,#117,.T.);
#1751=EDGE_CURVE('',#1391,#1389,#118,.T.);
#1752=EDGE_CURVE('',#1390,#1391,#732,.T.);
#1753=EDGE_CURVE('',#1392,#1390,#733,.T.);
#1754=EDGE_CURVE('',#1393,#1391,#734,.T.);
#1755=EDGE_CURVE('',#1392,#1393,#735,.T.);
#1756=EDGE_CURVE('',#1394,#1392,#736,.T.);
#1757=EDGE_CURVE('',#1395,#1393,#737,.T.);
#1758=EDGE_CURVE('',#1394,#1395,#738,.T.);
#1759=EDGE_CURVE('',#1394,#1396,#119,.T.);
#1760=EDGE_CURVE('',#1397,#1395,#120,.T.);
#1761=EDGE_CURVE('',#1396,#1397,#739,.T.);
#1762=EDGE_CURVE('',#1396,#1398,#740,.T.);
#1763=EDGE_CURVE('',#1399,#1397,#741,.T.);
#1764=EDGE_CURVE('',#1398,#1399,#742,.T.);
#1765=EDGE_CURVE('',#1398,#1383,#121,.T.);
#1766=EDGE_CURVE('',#1384,#1399,#122,.T.);
#1767=EDGE_CURVE('',#1400,#1401,#743,.T.);
#1768=EDGE_CURVE('',#1400,#1402,#744,.T.);
#1769=EDGE_CURVE('',#1403,#1402,#745,.T.);
#1770=EDGE_CURVE('',#1401,#1403,#746,.T.);
#1771=EDGE_CURVE('',#1401,#1404,#747,.T.);
#1772=EDGE_CURVE('',#1405,#1403,#748,.T.);
#1773=EDGE_CURVE('',#1404,#1405,#749,.T.);
#1774=EDGE_CURVE('',#1404,#1406,#750,.T.);
#1775=EDGE_CURVE('',#1407,#1405,#751,.T.);
#1776=EDGE_CURVE('',#1406,#1407,#752,.T.);
#1777=EDGE_CURVE('',#1406,#1408,#753,.T.);
#1778=EDGE_CURVE('',#1409,#1407,#754,.T.);
#1779=EDGE_CURVE('',#1408,#1409,#755,.T.);
#1780=EDGE_CURVE('',#1408,#1410,#756,.T.);
#1781=EDGE_CURVE('',#1411,#1409,#757,.T.);
#1782=EDGE_CURVE('',#1410,#1411,#758,.T.);
#1783=EDGE_CURVE('',#1410,#1412,#759,.T.);
#1784=EDGE_CURVE('',#1413,#1411,#760,.T.);
#1785=EDGE_CURVE('',#1412,#1413,#761,.T.);
#1786=EDGE_CURVE('',#1412,#1414,#762,.T.);
#1787=EDGE_CURVE('',#1415,#1413,#763,.T.);
#1788=EDGE_CURVE('',#1414,#1415,#764,.T.);
#1789=EDGE_CURVE('',#1414,#1400,#765,.T.);
#1790=EDGE_CURVE('',#1402,#1415,#766,.T.);
#1791=EDGE_CURVE('',#1416,#1417,#767,.T.);
#1792=EDGE_CURVE('',#1416,#1418,#768,.T.);
#1793=EDGE_CURVE('',#1419,#1418,#769,.T.);
#1794=EDGE_CURVE('',#1417,#1419,#770,.T.);
#1795=EDGE_CURVE('',#1417,#1420,#771,.T.);
#1796=EDGE_CURVE('',#1421,#1419,#772,.T.);
#1797=EDGE_CURVE('',#1420,#1421,#773,.T.);
#1798=EDGE_CURVE('',#1420,#1422,#774,.T.);
#1799=EDGE_CURVE('',#1423,#1421,#775,.T.);
#1800=EDGE_CURVE('',#1422,#1423,#776,.T.);
#1801=EDGE_CURVE('',#1422,#1424,#777,.T.);
#1802=EDGE_CURVE('',#1425,#1423,#778,.T.);
#1803=EDGE_CURVE('',#1424,#1425,#779,.T.);
#1804=EDGE_CURVE('',#1424,#1426,#780,.T.);
#1805=EDGE_CURVE('',#1427,#1425,#781,.T.);
#1806=EDGE_CURVE('',#1426,#1427,#782,.T.);
#1807=EDGE_CURVE('',#1426,#1428,#783,.T.);
#1808=EDGE_CURVE('',#1429,#1427,#784,.T.);
#1809=EDGE_CURVE('',#1428,#1429,#785,.T.);
#1810=EDGE_CURVE('',#1428,#1430,#786,.T.);
#1811=EDGE_CURVE('',#1431,#1429,#787,.T.);
#1812=EDGE_CURVE('',#1430,#1431,#788,.T.);
#1813=EDGE_CURVE('',#1430,#1416,#789,.T.);
#1814=EDGE_CURVE('',#1418,#1431,#790,.T.);
#1815=EDGE_CURVE('',#1432,#1433,#123,.T.);
#1816=EDGE_CURVE('',#1432,#1434,#791,.T.);
#1817=EDGE_CURVE('',#1435,#1434,#124,.T.);
#1818=EDGE_CURVE('',#1433,#1435,#792,.T.);
#1819=EDGE_CURVE('',#1436,#1433,#793,.T.);
#1820=EDGE_CURVE('',#1437,#1435,#794,.T.);
#1821=EDGE_CURVE('',#1436,#1437,#795,.T.);
#1822=EDGE_CURVE('',#1438,#1436,#796,.T.);
#1823=EDGE_CURVE('',#1439,#1437,#797,.T.);
#1824=EDGE_CURVE('',#1438,#1439,#798,.T.);
#1825=EDGE_CURVE('',#1432,#1438,#799,.T.);
#1826=EDGE_CURVE('',#1434,#1439,#800,.T.);
#1827=EDGE_CURVE('',#1440,#1441,#801,.T.);
#1828=EDGE_CURVE('',#1440,#1442,#802,.T.);
#1829=EDGE_CURVE('',#1443,#1442,#803,.T.);
#1830=EDGE_CURVE('',#1441,#1443,#804,.T.);
#1831=EDGE_CURVE('',#1441,#1444,#805,.T.);
#1832=EDGE_CURVE('',#1445,#1443,#806,.T.);
#1833=EDGE_CURVE('',#1444,#1445,#807,.T.);
#1834=EDGE_CURVE('',#1444,#1446,#808,.T.);
#1835=EDGE_CURVE('',#1447,#1445,#809,.T.);
#1836=EDGE_CURVE('',#1446,#1447,#810,.T.);
#1837=EDGE_CURVE('',#1446,#1448,#811,.T.);
#1838=EDGE_CURVE('',#1449,#1447,#812,.T.);
#1839=EDGE_CURVE('',#1448,#1449,#813,.T.);
#1840=EDGE_CURVE('',#1448,#1450,#814,.T.);
#1841=EDGE_CURVE('',#1451,#1449,#815,.T.);
#1842=EDGE_CURVE('',#1450,#1451,#816,.T.);
#1843=EDGE_CURVE('',#1450,#1452,#817,.T.);
#1844=EDGE_CURVE('',#1453,#1451,#818,.T.);
#1845=EDGE_CURVE('',#1452,#1453,#819,.T.);
#1846=EDGE_CURVE('',#1452,#1454,#820,.T.);
#1847=EDGE_CURVE('',#1455,#1453,#821,.T.);
#1848=EDGE_CURVE('',#1454,#1455,#822,.T.);
#1849=EDGE_CURVE('',#1456,#1454,#823,.T.);
#1850=EDGE_CURVE('',#1457,#1455,#824,.T.);
#1851=EDGE_CURVE('',#1456,#1457,#825,.T.);
#1852=EDGE_CURVE('',#1458,#1456,#125,.T.);
#1853=EDGE_CURVE('',#1459,#1457,#126,.T.);
#1854=EDGE_CURVE('',#1458,#1459,#826,.T.);
#1855=EDGE_CURVE('',#1458,#1460,#827,.T.);
#1856=EDGE_CURVE('',#1461,#1459,#828,.T.);
#1857=EDGE_CURVE('',#1460,#1461,#829,.T.);
#1858=EDGE_CURVE('',#1460,#1462,#830,.T.);
#1859=EDGE_CURVE('',#1463,#1461,#831,.T.);
#1860=EDGE_CURVE('',#1462,#1463,#832,.T.);
#1861=EDGE_CURVE('',#1462,#1464,#833,.T.);
#1862=EDGE_CURVE('',#1465,#1463,#834,.T.);
#1863=EDGE_CURVE('',#1464,#1465,#835,.T.);
#1864=EDGE_CURVE('',#1464,#1466,#836,.T.);
#1865=EDGE_CURVE('',#1467,#1465,#837,.T.);
#1866=EDGE_CURVE('',#1466,#1467,#838,.T.);
#1867=EDGE_CURVE('',#1466,#1468,#839,.T.);
#1868=EDGE_CURVE('',#1469,#1467,#840,.T.);
#1869=EDGE_CURVE('',#1468,#1469,#841,.T.);
#1870=EDGE_CURVE('',#1468,#1470,#842,.T.);
#1871=EDGE_CURVE('',#1471,#1469,#843,.T.);
#1872=EDGE_CURVE('',#1470,#1471,#844,.T.);
#1873=EDGE_CURVE('',#1470,#1472,#845,.T.);
#1874=EDGE_CURVE('',#1473,#1471,#846,.T.);
#1875=EDGE_CURVE('',#1472,#1473,#847,.T.);
#1876=EDGE_CURVE('',#1472,#1474,#848,.T.);
#1877=EDGE_CURVE('',#1475,#1473,#849,.T.);
#1878=EDGE_CURVE('',#1474,#1475,#850,.T.);
#1879=EDGE_CURVE('',#1440,#1474,#127,.T.);
#1880=EDGE_CURVE('',#1442,#1475,#128,.T.);
#1881=ORIENTED_EDGE('',*,*,#1476,.F.);
#1882=ORIENTED_EDGE('',*,*,#1477,.F.);
#1883=ORIENTED_EDGE('',*,*,#1478,.F.);
#1884=ORIENTED_EDGE('',*,*,#1479,.T.);
#1885=ORIENTED_EDGE('',*,*,#1480,.F.);
#1886=ORIENTED_EDGE('',*,*,#1479,.F.);
#1887=ORIENTED_EDGE('',*,*,#1481,.F.);
#1888=ORIENTED_EDGE('',*,*,#1482,.T.);
#1889=ORIENTED_EDGE('',*,*,#1483,.F.);
#1890=ORIENTED_EDGE('',*,*,#1482,.F.);
#1891=ORIENTED_EDGE('',*,*,#1484,.F.);
#1892=ORIENTED_EDGE('',*,*,#1485,.T.);
#1893=ORIENTED_EDGE('',*,*,#1486,.F.);
#1894=ORIENTED_EDGE('',*,*,#1485,.F.);
#1895=ORIENTED_EDGE('',*,*,#1487,.F.);
#1896=ORIENTED_EDGE('',*,*,#1477,.T.);
#1897=ORIENTED_EDGE('',*,*,#1488,.F.);
#1898=ORIENTED_EDGE('',*,*,#1489,.F.);
#1899=ORIENTED_EDGE('',*,*,#1490,.F.);
#1900=ORIENTED_EDGE('',*,*,#1491,.T.);
#1901=ORIENTED_EDGE('',*,*,#1492,.F.);
#1902=ORIENTED_EDGE('',*,*,#1491,.F.);
#1903=ORIENTED_EDGE('',*,*,#1493,.F.);
#1904=ORIENTED_EDGE('',*,*,#1494,.T.);
#1905=ORIENTED_EDGE('',*,*,#1495,.F.);
#1906=ORIENTED_EDGE('',*,*,#1494,.F.);
#1907=ORIENTED_EDGE('',*,*,#1496,.F.);
#1908=ORIENTED_EDGE('',*,*,#1497,.T.);
#1909=ORIENTED_EDGE('',*,*,#1498,.F.);
#1910=ORIENTED_EDGE('',*,*,#1497,.F.);
#1911=ORIENTED_EDGE('',*,*,#1499,.F.);
#1912=ORIENTED_EDGE('',*,*,#1489,.T.);
#1913=ORIENTED_EDGE('',*,*,#1500,.F.);
#1914=ORIENTED_EDGE('',*,*,#1501,.F.);
#1915=ORIENTED_EDGE('',*,*,#1502,.F.);
#1916=ORIENTED_EDGE('',*,*,#1503,.T.);
#1917=ORIENTED_EDGE('',*,*,#1504,.F.);
#1918=ORIENTED_EDGE('',*,*,#1503,.F.);
#1919=ORIENTED_EDGE('',*,*,#1505,.F.);
#1920=ORIENTED_EDGE('',*,*,#1506,.T.);
#1921=ORIENTED_EDGE('',*,*,#1507,.F.);
#1922=ORIENTED_EDGE('',*,*,#1506,.F.);
#1923=ORIENTED_EDGE('',*,*,#1508,.F.);
#1924=ORIENTED_EDGE('',*,*,#1509,.T.);
#1925=ORIENTED_EDGE('',*,*,#1510,.F.);
#1926=ORIENTED_EDGE('',*,*,#1509,.F.);
#1927=ORIENTED_EDGE('',*,*,#1511,.F.);
#1928=ORIENTED_EDGE('',*,*,#1501,.T.);
#1929=ORIENTED_EDGE('',*,*,#1512,.F.);
#1930=ORIENTED_EDGE('',*,*,#1513,.F.);
#1931=ORIENTED_EDGE('',*,*,#1514,.F.);
#1932=ORIENTED_EDGE('',*,*,#1515,.T.);
#1933=ORIENTED_EDGE('',*,*,#1516,.F.);
#1934=ORIENTED_EDGE('',*,*,#1515,.F.);
#1935=ORIENTED_EDGE('',*,*,#1517,.F.);
#1936=ORIENTED_EDGE('',*,*,#1518,.T.);
#1937=ORIENTED_EDGE('',*,*,#1519,.F.);
#1938=ORIENTED_EDGE('',*,*,#1518,.F.);
#1939=ORIENTED_EDGE('',*,*,#1520,.F.);
#1940=ORIENTED_EDGE('',*,*,#1521,.T.);
#1941=ORIENTED_EDGE('',*,*,#1522,.F.);
#1942=ORIENTED_EDGE('',*,*,#1521,.F.);
#1943=ORIENTED_EDGE('',*,*,#1523,.F.);
#1944=ORIENTED_EDGE('',*,*,#1513,.T.);
#1945=ORIENTED_EDGE('',*,*,#1524,.F.);
#1946=ORIENTED_EDGE('',*,*,#1525,.F.);
#1947=ORIENTED_EDGE('',*,*,#1526,.F.);
#1948=ORIENTED_EDGE('',*,*,#1527,.T.);
#1949=ORIENTED_EDGE('',*,*,#1528,.F.);
#1950=ORIENTED_EDGE('',*,*,#1527,.F.);
#1951=ORIENTED_EDGE('',*,*,#1529,.F.);
#1952=ORIENTED_EDGE('',*,*,#1530,.T.);
#1953=ORIENTED_EDGE('',*,*,#1531,.F.);
#1954=ORIENTED_EDGE('',*,*,#1530,.F.);
#1955=ORIENTED_EDGE('',*,*,#1532,.F.);
#1956=ORIENTED_EDGE('',*,*,#1533,.T.);
#1957=ORIENTED_EDGE('',*,*,#1534,.F.);
#1958=ORIENTED_EDGE('',*,*,#1533,.F.);
#1959=ORIENTED_EDGE('',*,*,#1535,.F.);
#1960=ORIENTED_EDGE('',*,*,#1525,.T.);
#1961=ORIENTED_EDGE('',*,*,#1536,.F.);
#1962=ORIENTED_EDGE('',*,*,#1537,.F.);
#1963=ORIENTED_EDGE('',*,*,#1538,.F.);
#1964=ORIENTED_EDGE('',*,*,#1539,.T.);
#1965=ORIENTED_EDGE('',*,*,#1540,.F.);
#1966=ORIENTED_EDGE('',*,*,#1539,.F.);
#1967=ORIENTED_EDGE('',*,*,#1541,.F.);
#1968=ORIENTED_EDGE('',*,*,#1542,.T.);
#1969=ORIENTED_EDGE('',*,*,#1543,.F.);
#1970=ORIENTED_EDGE('',*,*,#1542,.F.);
#1971=ORIENTED_EDGE('',*,*,#1544,.F.);
#1972=ORIENTED_EDGE('',*,*,#1545,.T.);
#1973=ORIENTED_EDGE('',*,*,#1546,.F.);
#1974=ORIENTED_EDGE('',*,*,#1545,.F.);
#1975=ORIENTED_EDGE('',*,*,#1547,.F.);
#1976=ORIENTED_EDGE('',*,*,#1537,.T.);
#1977=ORIENTED_EDGE('',*,*,#1548,.F.);
#1978=ORIENTED_EDGE('',*,*,#1549,.F.);
#1979=ORIENTED_EDGE('',*,*,#1550,.F.);
#1980=ORIENTED_EDGE('',*,*,#1551,.T.);
#1981=ORIENTED_EDGE('',*,*,#1552,.F.);
#1982=ORIENTED_EDGE('',*,*,#1551,.F.);
#1983=ORIENTED_EDGE('',*,*,#1553,.F.);
#1984=ORIENTED_EDGE('',*,*,#1554,.T.);
#1985=ORIENTED_EDGE('',*,*,#1555,.F.);
#1986=ORIENTED_EDGE('',*,*,#1554,.F.);
#1987=ORIENTED_EDGE('',*,*,#1556,.F.);
#1988=ORIENTED_EDGE('',*,*,#1557,.T.);
#1989=ORIENTED_EDGE('',*,*,#1558,.F.);
#1990=ORIENTED_EDGE('',*,*,#1557,.F.);
#1991=ORIENTED_EDGE('',*,*,#1559,.F.);
#1992=ORIENTED_EDGE('',*,*,#1549,.T.);
#1993=ORIENTED_EDGE('',*,*,#1560,.F.);
#1994=ORIENTED_EDGE('',*,*,#1561,.T.);
#1995=ORIENTED_EDGE('',*,*,#1562,.F.);
#1996=ORIENTED_EDGE('',*,*,#1561,.F.);
#1997=ORIENTED_EDGE('',*,*,#1563,.F.);
#1998=ORIENTED_EDGE('',*,*,#1564,.T.);
#1999=ORIENTED_EDGE('',*,*,#1565,.F.);
#2000=ORIENTED_EDGE('',*,*,#1564,.F.);
#2001=ORIENTED_EDGE('',*,*,#1566,.F.);
#2002=ORIENTED_EDGE('',*,*,#1567,.T.);
#2003=ORIENTED_EDGE('',*,*,#1568,.F.);
#2004=ORIENTED_EDGE('',*,*,#1567,.F.);
#2005=ORIENTED_EDGE('',*,*,#1569,.F.);
#2006=ORIENTED_EDGE('',*,*,#1570,.T.);
#2007=ORIENTED_EDGE('',*,*,#1571,.F.);
#2008=ORIENTED_EDGE('',*,*,#1570,.F.);
#2009=ORIENTED_EDGE('',*,*,#1572,.F.);
#2010=ORIENTED_EDGE('',*,*,#1573,.T.);
#2011=ORIENTED_EDGE('',*,*,#1574,.F.);
#2012=ORIENTED_EDGE('',*,*,#1573,.F.);
#2013=ORIENTED_EDGE('',*,*,#1575,.F.);
#2014=ORIENTED_EDGE('',*,*,#1576,.T.);
#2015=ORIENTED_EDGE('',*,*,#1577,.F.);
#2016=ORIENTED_EDGE('',*,*,#1576,.F.);
#2017=ORIENTED_EDGE('',*,*,#1578,.F.);
#2018=ORIENTED_EDGE('',*,*,#1579,.T.);
#2019=ORIENTED_EDGE('',*,*,#1580,.F.);
#2020=ORIENTED_EDGE('',*,*,#1579,.F.);
#2021=ORIENTED_EDGE('',*,*,#1581,.F.);
#2022=ORIENTED_EDGE('',*,*,#1582,.T.);
#2023=ORIENTED_EDGE('',*,*,#1583,.F.);
#2024=ORIENTED_EDGE('',*,*,#1582,.F.);
#2025=ORIENTED_EDGE('',*,*,#1584,.F.);
#2026=ORIENTED_EDGE('',*,*,#1585,.T.);
#2027=ORIENTED_EDGE('',*,*,#1586,.F.);
#2028=ORIENTED_EDGE('',*,*,#1585,.F.);
#2029=ORIENTED_EDGE('',*,*,#1587,.F.);
#2030=ORIENTED_EDGE('',*,*,#1588,.T.);
#2031=ORIENTED_EDGE('',*,*,#1589,.F.);
#2032=ORIENTED_EDGE('',*,*,#1588,.F.);
#2033=ORIENTED_EDGE('',*,*,#1590,.F.);
#2034=ORIENTED_EDGE('',*,*,#1591,.T.);
#2035=ORIENTED_EDGE('',*,*,#1592,.F.);
#2036=ORIENTED_EDGE('',*,*,#1591,.F.);
#2037=ORIENTED_EDGE('',*,*,#1593,.F.);
#2038=ORIENTED_EDGE('',*,*,#1594,.T.);
#2039=ORIENTED_EDGE('',*,*,#1595,.F.);
#2040=ORIENTED_EDGE('',*,*,#1594,.F.);
#2041=ORIENTED_EDGE('',*,*,#1596,.F.);
#2042=ORIENTED_EDGE('',*,*,#1597,.T.);
#2043=ORIENTED_EDGE('',*,*,#1598,.F.);
#2044=ORIENTED_EDGE('',*,*,#1597,.F.);
#2045=ORIENTED_EDGE('',*,*,#1599,.F.);
#2046=ORIENTED_EDGE('',*,*,#1600,.T.);
#2047=ORIENTED_EDGE('',*,*,#1601,.F.);
#2048=ORIENTED_EDGE('',*,*,#1600,.F.);
#2049=ORIENTED_EDGE('',*,*,#1602,.F.);
#2050=ORIENTED_EDGE('',*,*,#1603,.F.);
#2051=ORIENTED_EDGE('',*,*,#1604,.F.);
#2052=ORIENTED_EDGE('',*,*,#1605,.T.);
#2053=ORIENTED_EDGE('',*,*,#1606,.F.);
#2054=ORIENTED_EDGE('',*,*,#1605,.F.);
#2055=ORIENTED_EDGE('',*,*,#1607,.F.);
#2056=ORIENTED_EDGE('',*,*,#1608,.T.);
#2057=ORIENTED_EDGE('',*,*,#1609,.F.);
#2058=ORIENTED_EDGE('',*,*,#1608,.F.);
#2059=ORIENTED_EDGE('',*,*,#1610,.F.);
#2060=ORIENTED_EDGE('',*,*,#1611,.T.);
#2061=ORIENTED_EDGE('',*,*,#1612,.F.);
#2062=ORIENTED_EDGE('',*,*,#1611,.F.);
#2063=ORIENTED_EDGE('',*,*,#1613,.F.);
#2064=ORIENTED_EDGE('',*,*,#1603,.T.);
#2065=ORIENTED_EDGE('',*,*,#1614,.F.);
#2066=ORIENTED_EDGE('',*,*,#1615,.F.);
#2067=ORIENTED_EDGE('',*,*,#1616,.F.);
#2068=ORIENTED_EDGE('',*,*,#1617,.T.);
#2069=ORIENTED_EDGE('',*,*,#1618,.F.);
#2070=ORIENTED_EDGE('',*,*,#1617,.F.);
#2071=ORIENTED_EDGE('',*,*,#1619,.F.);
#2072=ORIENTED_EDGE('',*,*,#1620,.T.);
#2073=ORIENTED_EDGE('',*,*,#1621,.F.);
#2074=ORIENTED_EDGE('',*,*,#1620,.F.);
#2075=ORIENTED_EDGE('',*,*,#1622,.F.);
#2076=ORIENTED_EDGE('',*,*,#1623,.T.);
#2077=ORIENTED_EDGE('',*,*,#1624,.F.);
#2078=ORIENTED_EDGE('',*,*,#1623,.F.);
#2079=ORIENTED_EDGE('',*,*,#1625,.F.);
#2080=ORIENTED_EDGE('',*,*,#1615,.T.);
#2081=ORIENTED_EDGE('',*,*,#1626,.F.);
#2082=ORIENTED_EDGE('',*,*,#1627,.F.);
#2083=ORIENTED_EDGE('',*,*,#1628,.F.);
#2084=ORIENTED_EDGE('',*,*,#1629,.T.);
#2085=ORIENTED_EDGE('',*,*,#1630,.F.);
#2086=ORIENTED_EDGE('',*,*,#1629,.F.);
#2087=ORIENTED_EDGE('',*,*,#1631,.F.);
#2088=ORIENTED_EDGE('',*,*,#1632,.T.);
#2089=ORIENTED_EDGE('',*,*,#1633,.F.);
#2090=ORIENTED_EDGE('',*,*,#1632,.F.);
#2091=ORIENTED_EDGE('',*,*,#1634,.F.);
#2092=ORIENTED_EDGE('',*,*,#1635,.T.);
#2093=ORIENTED_EDGE('',*,*,#1636,.F.);
#2094=ORIENTED_EDGE('',*,*,#1635,.F.);
#2095=ORIENTED_EDGE('',*,*,#1637,.F.);
#2096=ORIENTED_EDGE('',*,*,#1627,.T.);
#2097=ORIENTED_EDGE('',*,*,#1638,.F.);
#2098=ORIENTED_EDGE('',*,*,#1639,.F.);
#2099=ORIENTED_EDGE('',*,*,#1640,.F.);
#2100=ORIENTED_EDGE('',*,*,#1641,.T.);
#2101=ORIENTED_EDGE('',*,*,#1642,.F.);
#2102=ORIENTED_EDGE('',*,*,#1641,.F.);
#2103=ORIENTED_EDGE('',*,*,#1643,.F.);
#2104=ORIENTED_EDGE('',*,*,#1644,.T.);
#2105=ORIENTED_EDGE('',*,*,#1645,.F.);
#2106=ORIENTED_EDGE('',*,*,#1644,.F.);
#2107=ORIENTED_EDGE('',*,*,#1646,.F.);
#2108=ORIENTED_EDGE('',*,*,#1647,.T.);
#2109=ORIENTED_EDGE('',*,*,#1648,.F.);
#2110=ORIENTED_EDGE('',*,*,#1647,.F.);
#2111=ORIENTED_EDGE('',*,*,#1649,.F.);
#2112=ORIENTED_EDGE('',*,*,#1639,.T.);
#2113=ORIENTED_EDGE('',*,*,#1650,.F.);
#2114=ORIENTED_EDGE('',*,*,#1651,.F.);
#2115=ORIENTED_EDGE('',*,*,#1652,.F.);
#2116=ORIENTED_EDGE('',*,*,#1653,.T.);
#2117=ORIENTED_EDGE('',*,*,#1654,.F.);
#2118=ORIENTED_EDGE('',*,*,#1653,.F.);
#2119=ORIENTED_EDGE('',*,*,#1655,.F.);
#2120=ORIENTED_EDGE('',*,*,#1656,.T.);
#2121=ORIENTED_EDGE('',*,*,#1657,.F.);
#2122=ORIENTED_EDGE('',*,*,#1656,.F.);
#2123=ORIENTED_EDGE('',*,*,#1658,.F.);
#2124=ORIENTED_EDGE('',*,*,#1659,.T.);
#2125=ORIENTED_EDGE('',*,*,#1660,.F.);
#2126=ORIENTED_EDGE('',*,*,#1659,.F.);
#2127=ORIENTED_EDGE('',*,*,#1661,.F.);
#2128=ORIENTED_EDGE('',*,*,#1651,.T.);
#2129=ORIENTED_EDGE('',*,*,#1662,.F.);
#2130=ORIENTED_EDGE('',*,*,#1663,.F.);
#2131=ORIENTED_EDGE('',*,*,#1664,.F.);
#2132=ORIENTED_EDGE('',*,*,#1665,.T.);
#2133=ORIENTED_EDGE('',*,*,#1666,.F.);
#2134=ORIENTED_EDGE('',*,*,#1665,.F.);
#2135=ORIENTED_EDGE('',*,*,#1667,.F.);
#2136=ORIENTED_EDGE('',*,*,#1668,.T.);
#2137=ORIENTED_EDGE('',*,*,#1669,.F.);
#2138=ORIENTED_EDGE('',*,*,#1668,.F.);
#2139=ORIENTED_EDGE('',*,*,#1670,.F.);
#2140=ORIENTED_EDGE('',*,*,#1671,.T.);
#2141=ORIENTED_EDGE('',*,*,#1672,.F.);
#2142=ORIENTED_EDGE('',*,*,#1671,.F.);
#2143=ORIENTED_EDGE('',*,*,#1673,.F.);
#2144=ORIENTED_EDGE('',*,*,#1663,.T.);
#2145=ORIENTED_EDGE('',*,*,#1674,.F.);
#2146=ORIENTED_EDGE('',*,*,#1675,.F.);
#2147=ORIENTED_EDGE('',*,*,#1676,.F.);
#2148=ORIENTED_EDGE('',*,*,#1677,.F.);
#2149=ORIENTED_EDGE('',*,*,#1674,.T.);
#2150=ORIENTED_EDGE('',*,*,#1678,.T.);
#2151=ORIENTED_EDGE('',*,*,#1679,.T.);
#2152=ORIENTED_EDGE('',*,*,#1680,.F.);
#2153=ORIENTED_EDGE('',*,*,#1677,.T.);
#2154=ORIENTED_EDGE('',*,*,#1681,.F.);
#2155=ORIENTED_EDGE('',*,*,#1682,.F.);
#2156=ORIENTED_EDGE('',*,*,#1683,.F.);
#2157=ORIENTED_EDGE('',*,*,#1684,.T.);
#2158=ORIENTED_EDGE('',*,*,#1685,.T.);
#2159=ORIENTED_EDGE('',*,*,#1686,.T.);
#2160=ORIENTED_EDGE('',*,*,#1687,.F.);
#2161=ORIENTED_EDGE('',*,*,#1688,.F.);
#2162=ORIENTED_EDGE('',*,*,#1689,.F.);
#2163=ORIENTED_EDGE('',*,*,#1690,.F.);
#2164=ORIENTED_EDGE('',*,*,#1691,.F.);
#2165=ORIENTED_EDGE('',*,*,#1692,.F.);
#2166=ORIENTED_EDGE('',*,*,#1693,.F.);
#2167=ORIENTED_EDGE('',*,*,#1694,.F.);
#2168=ORIENTED_EDGE('',*,*,#1695,.F.);
#2169=ORIENTED_EDGE('',*,*,#1696,.T.);
#2170=ORIENTED_EDGE('',*,*,#1697,.T.);
#2171=ORIENTED_EDGE('',*,*,#1698,.T.);
#2172=ORIENTED_EDGE('',*,*,#1699,.F.);
#2173=ORIENTED_EDGE('',*,*,#1700,.F.);
#2174=ORIENTED_EDGE('',*,*,#1678,.F.);
#2175=ORIENTED_EDGE('',*,*,#1496,.T.);
#2176=ORIENTED_EDGE('',*,*,#1493,.T.);
#2177=ORIENTED_EDGE('',*,*,#1490,.T.);
#2178=ORIENTED_EDGE('',*,*,#1499,.T.);
#2179=ORIENTED_EDGE('',*,*,#1508,.T.);
#2180=ORIENTED_EDGE('',*,*,#1505,.T.);
#2181=ORIENTED_EDGE('',*,*,#1502,.T.);
#2182=ORIENTED_EDGE('',*,*,#1511,.T.);
#2183=ORIENTED_EDGE('',*,*,#1520,.T.);
#2184=ORIENTED_EDGE('',*,*,#1517,.T.);
#2185=ORIENTED_EDGE('',*,*,#1514,.T.);
#2186=ORIENTED_EDGE('',*,*,#1523,.T.);
#2187=ORIENTED_EDGE('',*,*,#1532,.T.);
#2188=ORIENTED_EDGE('',*,*,#1529,.T.);
#2189=ORIENTED_EDGE('',*,*,#1526,.T.);
#2190=ORIENTED_EDGE('',*,*,#1535,.T.);
#2191=ORIENTED_EDGE('',*,*,#1544,.T.);
#2192=ORIENTED_EDGE('',*,*,#1541,.T.);
#2193=ORIENTED_EDGE('',*,*,#1538,.T.);
#2194=ORIENTED_EDGE('',*,*,#1547,.T.);
#2195=ORIENTED_EDGE('',*,*,#1556,.T.);
#2196=ORIENTED_EDGE('',*,*,#1553,.T.);
#2197=ORIENTED_EDGE('',*,*,#1550,.T.);
#2198=ORIENTED_EDGE('',*,*,#1559,.T.);
#2199=ORIENTED_EDGE('',*,*,#1560,.T.);
#2200=ORIENTED_EDGE('',*,*,#1563,.T.);
#2201=ORIENTED_EDGE('',*,*,#1566,.T.);
#2202=ORIENTED_EDGE('',*,*,#1569,.T.);
#2203=ORIENTED_EDGE('',*,*,#1572,.T.);
#2204=ORIENTED_EDGE('',*,*,#1575,.T.);
#2205=ORIENTED_EDGE('',*,*,#1578,.T.);
#2206=ORIENTED_EDGE('',*,*,#1581,.T.);
#2207=ORIENTED_EDGE('',*,*,#1584,.T.);
#2208=ORIENTED_EDGE('',*,*,#1587,.T.);
#2209=ORIENTED_EDGE('',*,*,#1590,.T.);
#2210=ORIENTED_EDGE('',*,*,#1593,.T.);
#2211=ORIENTED_EDGE('',*,*,#1596,.T.);
#2212=ORIENTED_EDGE('',*,*,#1599,.T.);
#2213=ORIENTED_EDGE('',*,*,#1610,.T.);
#2214=ORIENTED_EDGE('',*,*,#1607,.T.);
#2215=ORIENTED_EDGE('',*,*,#1604,.T.);
#2216=ORIENTED_EDGE('',*,*,#1613,.T.);
#2217=ORIENTED_EDGE('',*,*,#1622,.T.);
#2218=ORIENTED_EDGE('',*,*,#1619,.T.);
#2219=ORIENTED_EDGE('',*,*,#1616,.T.);
#2220=ORIENTED_EDGE('',*,*,#1625,.T.);
#2221=ORIENTED_EDGE('',*,*,#1634,.T.);
#2222=ORIENTED_EDGE('',*,*,#1631,.T.);
#2223=ORIENTED_EDGE('',*,*,#1628,.T.);
#2224=ORIENTED_EDGE('',*,*,#1637,.T.);
#2225=ORIENTED_EDGE('',*,*,#1646,.T.);
#2226=ORIENTED_EDGE('',*,*,#1643,.T.);
#2227=ORIENTED_EDGE('',*,*,#1640,.T.);
#2228=ORIENTED_EDGE('',*,*,#1649,.T.);
#2229=ORIENTED_EDGE('',*,*,#1658,.T.);
#2230=ORIENTED_EDGE('',*,*,#1655,.T.);
#2231=ORIENTED_EDGE('',*,*,#1652,.T.);
#2232=ORIENTED_EDGE('',*,*,#1661,.T.);
#2233=ORIENTED_EDGE('',*,*,#1670,.T.);
#2234=ORIENTED_EDGE('',*,*,#1667,.T.);
#2235=ORIENTED_EDGE('',*,*,#1664,.T.);
#2236=ORIENTED_EDGE('',*,*,#1673,.T.);
#2237=ORIENTED_EDGE('',*,*,#1484,.T.);
#2238=ORIENTED_EDGE('',*,*,#1481,.T.);
#2239=ORIENTED_EDGE('',*,*,#1478,.T.);
#2240=ORIENTED_EDGE('',*,*,#1487,.T.);
#2241=ORIENTED_EDGE('',*,*,#1676,.T.);
#2242=ORIENTED_EDGE('',*,*,#1701,.F.);
#2243=ORIENTED_EDGE('',*,*,#1702,.F.);
#2244=ORIENTED_EDGE('',*,*,#1681,.T.);
#2245=ORIENTED_EDGE('',*,*,#1682,.T.);
#2246=ORIENTED_EDGE('',*,*,#1702,.T.);
#2247=ORIENTED_EDGE('',*,*,#1703,.F.);
#2248=ORIENTED_EDGE('',*,*,#1704,.F.);
#2249=ORIENTED_EDGE('',*,*,#1683,.T.);
#2250=ORIENTED_EDGE('',*,*,#1704,.T.);
#2251=ORIENTED_EDGE('',*,*,#1705,.F.);
#2252=ORIENTED_EDGE('',*,*,#1706,.F.);
#2253=ORIENTED_EDGE('',*,*,#1684,.F.);
#2254=ORIENTED_EDGE('',*,*,#1706,.T.);
#2255=ORIENTED_EDGE('',*,*,#1707,.F.);
#2256=ORIENTED_EDGE('',*,*,#1708,.F.);
#2257=ORIENTED_EDGE('',*,*,#1685,.F.);
#2258=ORIENTED_EDGE('',*,*,#1708,.T.);
#2259=ORIENTED_EDGE('',*,*,#1709,.F.);
#2260=ORIENTED_EDGE('',*,*,#1710,.F.);
#2261=ORIENTED_EDGE('',*,*,#1686,.F.);
#2262=ORIENTED_EDGE('',*,*,#1710,.T.);
#2263=ORIENTED_EDGE('',*,*,#1711,.F.);
#2264=ORIENTED_EDGE('',*,*,#1712,.F.);
#2265=ORIENTED_EDGE('',*,*,#1687,.T.);
#2266=ORIENTED_EDGE('',*,*,#1712,.T.);
#2267=ORIENTED_EDGE('',*,*,#1713,.F.);
#2268=ORIENTED_EDGE('',*,*,#1714,.F.);
#2269=ORIENTED_EDGE('',*,*,#1688,.T.);
#2270=ORIENTED_EDGE('',*,*,#1714,.T.);
#2271=ORIENTED_EDGE('',*,*,#1715,.F.);
#2272=ORIENTED_EDGE('',*,*,#1716,.F.);
#2273=ORIENTED_EDGE('',*,*,#1689,.T.);
#2274=ORIENTED_EDGE('',*,*,#1716,.T.);
#2275=ORIENTED_EDGE('',*,*,#1717,.F.);
#2276=ORIENTED_EDGE('',*,*,#1718,.F.);
#2277=ORIENTED_EDGE('',*,*,#1690,.T.);
#2278=ORIENTED_EDGE('',*,*,#1718,.T.);
#2279=ORIENTED_EDGE('',*,*,#1719,.F.);
#2280=ORIENTED_EDGE('',*,*,#1720,.F.);
#2281=ORIENTED_EDGE('',*,*,#1691,.T.);
#2282=ORIENTED_EDGE('',*,*,#1720,.T.);
#2283=ORIENTED_EDGE('',*,*,#1721,.F.);
#2284=ORIENTED_EDGE('',*,*,#1722,.F.);
#2285=ORIENTED_EDGE('',*,*,#1692,.T.);
#2286=ORIENTED_EDGE('',*,*,#1722,.T.);
#2287=ORIENTED_EDGE('',*,*,#1723,.F.);
#2288=ORIENTED_EDGE('',*,*,#1724,.F.);
#2289=ORIENTED_EDGE('',*,*,#1693,.T.);
#2290=ORIENTED_EDGE('',*,*,#1724,.T.);
#2291=ORIENTED_EDGE('',*,*,#1725,.F.);
#2292=ORIENTED_EDGE('',*,*,#1726,.F.);
#2293=ORIENTED_EDGE('',*,*,#1694,.T.);
#2294=ORIENTED_EDGE('',*,*,#1726,.T.);
#2295=ORIENTED_EDGE('',*,*,#1727,.F.);
#2296=ORIENTED_EDGE('',*,*,#1728,.F.);
#2297=ORIENTED_EDGE('',*,*,#1695,.T.);
#2298=ORIENTED_EDGE('',*,*,#1728,.T.);
#2299=ORIENTED_EDGE('',*,*,#1729,.F.);
#2300=ORIENTED_EDGE('',*,*,#1730,.F.);
#2301=ORIENTED_EDGE('',*,*,#1696,.F.);
#2302=ORIENTED_EDGE('',*,*,#1730,.T.);
#2303=ORIENTED_EDGE('',*,*,#1731,.F.);
#2304=ORIENTED_EDGE('',*,*,#1732,.F.);
#2305=ORIENTED_EDGE('',*,*,#1697,.F.);
#2306=ORIENTED_EDGE('',*,*,#1732,.T.);
#2307=ORIENTED_EDGE('',*,*,#1733,.F.);
#2308=ORIENTED_EDGE('',*,*,#1734,.F.);
#2309=ORIENTED_EDGE('',*,*,#1698,.F.);
#2310=ORIENTED_EDGE('',*,*,#1734,.T.);
#2311=ORIENTED_EDGE('',*,*,#1735,.F.);
#2312=ORIENTED_EDGE('',*,*,#1736,.F.);
#2313=ORIENTED_EDGE('',*,*,#1699,.T.);
#2314=ORIENTED_EDGE('',*,*,#1736,.T.);
#2315=ORIENTED_EDGE('',*,*,#1737,.F.);
#2316=ORIENTED_EDGE('',*,*,#1738,.F.);
#2317=ORIENTED_EDGE('',*,*,#1700,.T.);
#2318=ORIENTED_EDGE('',*,*,#1738,.T.);
#2319=ORIENTED_EDGE('',*,*,#1739,.F.);
#2320=ORIENTED_EDGE('',*,*,#1679,.F.);
#2321=ORIENTED_EDGE('',*,*,#1675,.T.);
#2322=ORIENTED_EDGE('',*,*,#1680,.T.);
#2323=ORIENTED_EDGE('',*,*,#1739,.T.);
#2324=ORIENTED_EDGE('',*,*,#1737,.T.);
#2325=ORIENTED_EDGE('',*,*,#1735,.T.);
#2326=ORIENTED_EDGE('',*,*,#1733,.T.);
#2327=ORIENTED_EDGE('',*,*,#1731,.T.);
#2328=ORIENTED_EDGE('',*,*,#1729,.T.);
#2329=ORIENTED_EDGE('',*,*,#1727,.T.);
#2330=ORIENTED_EDGE('',*,*,#1725,.T.);
#2331=ORIENTED_EDGE('',*,*,#1723,.T.);
#2332=ORIENTED_EDGE('',*,*,#1721,.T.);
#2333=ORIENTED_EDGE('',*,*,#1719,.T.);
#2334=ORIENTED_EDGE('',*,*,#1717,.T.);
#2335=ORIENTED_EDGE('',*,*,#1715,.T.);
#2336=ORIENTED_EDGE('',*,*,#1713,.T.);
#2337=ORIENTED_EDGE('',*,*,#1711,.T.);
#2338=ORIENTED_EDGE('',*,*,#1709,.T.);
#2339=ORIENTED_EDGE('',*,*,#1707,.T.);
#2340=ORIENTED_EDGE('',*,*,#1705,.T.);
#2341=ORIENTED_EDGE('',*,*,#1703,.T.);
#2342=ORIENTED_EDGE('',*,*,#1701,.T.);
#2343=ORIENTED_EDGE('',*,*,#1495,.T.);
#2344=ORIENTED_EDGE('',*,*,#1498,.T.);
#2345=ORIENTED_EDGE('',*,*,#1488,.T.);
#2346=ORIENTED_EDGE('',*,*,#1492,.T.);
#2347=ORIENTED_EDGE('',*,*,#1507,.T.);
#2348=ORIENTED_EDGE('',*,*,#1510,.T.);
#2349=ORIENTED_EDGE('',*,*,#1500,.T.);
#2350=ORIENTED_EDGE('',*,*,#1504,.T.);
#2351=ORIENTED_EDGE('',*,*,#1519,.T.);
#2352=ORIENTED_EDGE('',*,*,#1522,.T.);
#2353=ORIENTED_EDGE('',*,*,#1512,.T.);
#2354=ORIENTED_EDGE('',*,*,#1516,.T.);
#2355=ORIENTED_EDGE('',*,*,#1531,.T.);
#2356=ORIENTED_EDGE('',*,*,#1534,.T.);
#2357=ORIENTED_EDGE('',*,*,#1524,.T.);
#2358=ORIENTED_EDGE('',*,*,#1528,.T.);
#2359=ORIENTED_EDGE('',*,*,#1543,.T.);
#2360=ORIENTED_EDGE('',*,*,#1546,.T.);
#2361=ORIENTED_EDGE('',*,*,#1536,.T.);
#2362=ORIENTED_EDGE('',*,*,#1540,.T.);
#2363=ORIENTED_EDGE('',*,*,#1555,.T.);
#2364=ORIENTED_EDGE('',*,*,#1558,.T.);
#2365=ORIENTED_EDGE('',*,*,#1548,.T.);
#2366=ORIENTED_EDGE('',*,*,#1552,.T.);
#2367=ORIENTED_EDGE('',*,*,#1562,.T.);
#2368=ORIENTED_EDGE('',*,*,#1565,.T.);
#2369=ORIENTED_EDGE('',*,*,#1568,.T.);
#2370=ORIENTED_EDGE('',*,*,#1571,.T.);
#2371=ORIENTED_EDGE('',*,*,#1574,.T.);
#2372=ORIENTED_EDGE('',*,*,#1577,.T.);
#2373=ORIENTED_EDGE('',*,*,#1580,.T.);
#2374=ORIENTED_EDGE('',*,*,#1583,.T.);
#2375=ORIENTED_EDGE('',*,*,#1586,.T.);
#2376=ORIENTED_EDGE('',*,*,#1589,.T.);
#2377=ORIENTED_EDGE('',*,*,#1592,.T.);
#2378=ORIENTED_EDGE('',*,*,#1595,.T.);
#2379=ORIENTED_EDGE('',*,*,#1598,.T.);
#2380=ORIENTED_EDGE('',*,*,#1601,.T.);
#2381=ORIENTED_EDGE('',*,*,#1609,.T.);
#2382=ORIENTED_EDGE('',*,*,#1612,.T.);
#2383=ORIENTED_EDGE('',*,*,#1602,.T.);
#2384=ORIENTED_EDGE('',*,*,#1606,.T.);
#2385=ORIENTED_EDGE('',*,*,#1621,.T.);
#2386=ORIENTED_EDGE('',*,*,#1624,.T.);
#2387=ORIENTED_EDGE('',*,*,#1614,.T.);
#2388=ORIENTED_EDGE('',*,*,#1618,.T.);
#2389=ORIENTED_EDGE('',*,*,#1633,.T.);
#2390=ORIENTED_EDGE('',*,*,#1636,.T.);
#2391=ORIENTED_EDGE('',*,*,#1626,.T.);
#2392=ORIENTED_EDGE('',*,*,#1630,.T.);
#2393=ORIENTED_EDGE('',*,*,#1645,.T.);
#2394=ORIENTED_EDGE('',*,*,#1648,.T.);
#2395=ORIENTED_EDGE('',*,*,#1638,.T.);
#2396=ORIENTED_EDGE('',*,*,#1642,.T.);
#2397=ORIENTED_EDGE('',*,*,#1657,.T.);
#2398=ORIENTED_EDGE('',*,*,#1660,.T.);
#2399=ORIENTED_EDGE('',*,*,#1650,.T.);
#2400=ORIENTED_EDGE('',*,*,#1654,.T.);
#2401=ORIENTED_EDGE('',*,*,#1669,.T.);
#2402=ORIENTED_EDGE('',*,*,#1672,.T.);
#2403=ORIENTED_EDGE('',*,*,#1662,.T.);
#2404=ORIENTED_EDGE('',*,*,#1666,.T.);
#2405=ORIENTED_EDGE('',*,*,#1483,.T.);
#2406=ORIENTED_EDGE('',*,*,#1486,.T.);
#2407=ORIENTED_EDGE('',*,*,#1476,.T.);
#2408=ORIENTED_EDGE('',*,*,#1480,.T.);
#2409=ORIENTED_EDGE('',*,*,#1740,.T.);
#2410=ORIENTED_EDGE('',*,*,#1741,.T.);
#2411=ORIENTED_EDGE('',*,*,#1742,.F.);
#2412=ORIENTED_EDGE('',*,*,#1743,.F.);
#2413=ORIENTED_EDGE('',*,*,#1744,.T.);
#2414=ORIENTED_EDGE('',*,*,#1743,.T.);
#2415=ORIENTED_EDGE('',*,*,#1745,.F.);
#2416=ORIENTED_EDGE('',*,*,#1746,.F.);
#2417=ORIENTED_EDGE('',*,*,#1747,.T.);
#2418=ORIENTED_EDGE('',*,*,#1746,.T.);
#2419=ORIENTED_EDGE('',*,*,#1748,.F.);
#2420=ORIENTED_EDGE('',*,*,#1749,.F.);
#2421=ORIENTED_EDGE('',*,*,#1750,.F.);
#2422=ORIENTED_EDGE('',*,*,#1749,.T.);
#2423=ORIENTED_EDGE('',*,*,#1751,.F.);
#2424=ORIENTED_EDGE('',*,*,#1752,.F.);
#2425=ORIENTED_EDGE('',*,*,#1753,.T.);
#2426=ORIENTED_EDGE('',*,*,#1752,.T.);
#2427=ORIENTED_EDGE('',*,*,#1754,.F.);
#2428=ORIENTED_EDGE('',*,*,#1755,.F.);
#2429=ORIENTED_EDGE('',*,*,#1756,.T.);
#2430=ORIENTED_EDGE('',*,*,#1755,.T.);
#2431=ORIENTED_EDGE('',*,*,#1757,.F.);
#2432=ORIENTED_EDGE('',*,*,#1758,.F.);
#2433=ORIENTED_EDGE('',*,*,#1759,.F.);
#2434=ORIENTED_EDGE('',*,*,#1758,.T.);
#2435=ORIENTED_EDGE('',*,*,#1760,.F.);
#2436=ORIENTED_EDGE('',*,*,#1761,.F.);
#2437=ORIENTED_EDGE('',*,*,#1762,.F.);
#2438=ORIENTED_EDGE('',*,*,#1761,.T.);
#2439=ORIENTED_EDGE('',*,*,#1763,.F.);
#2440=ORIENTED_EDGE('',*,*,#1764,.F.);
#2441=ORIENTED_EDGE('',*,*,#1765,.F.);
#2442=ORIENTED_EDGE('',*,*,#1764,.T.);
#2443=ORIENTED_EDGE('',*,*,#1766,.F.);
#2444=ORIENTED_EDGE('',*,*,#1741,.F.);
#2445=ORIENTED_EDGE('',*,*,#1766,.T.);
#2446=ORIENTED_EDGE('',*,*,#1763,.T.);
#2447=ORIENTED_EDGE('',*,*,#1760,.T.);
#2448=ORIENTED_EDGE('',*,*,#1757,.T.);
#2449=ORIENTED_EDGE('',*,*,#1754,.T.);
#2450=ORIENTED_EDGE('',*,*,#1751,.T.);
#2451=ORIENTED_EDGE('',*,*,#1748,.T.);
#2452=ORIENTED_EDGE('',*,*,#1745,.T.);
#2453=ORIENTED_EDGE('',*,*,#1742,.T.);
#2454=ORIENTED_EDGE('',*,*,#1765,.T.);
#2455=ORIENTED_EDGE('',*,*,#1740,.F.);
#2456=ORIENTED_EDGE('',*,*,#1744,.F.);
#2457=ORIENTED_EDGE('',*,*,#1747,.F.);
#2458=ORIENTED_EDGE('',*,*,#1750,.T.);
#2459=ORIENTED_EDGE('',*,*,#1753,.F.);
#2460=ORIENTED_EDGE('',*,*,#1756,.F.);
#2461=ORIENTED_EDGE('',*,*,#1759,.T.);
#2462=ORIENTED_EDGE('',*,*,#1762,.T.);
#2463=ORIENTED_EDGE('',*,*,#1767,.F.);
#2464=ORIENTED_EDGE('',*,*,#1768,.T.);
#2465=ORIENTED_EDGE('',*,*,#1769,.F.);
#2466=ORIENTED_EDGE('',*,*,#1770,.F.);
#2467=ORIENTED_EDGE('',*,*,#1771,.F.);
#2468=ORIENTED_EDGE('',*,*,#1770,.T.);
#2469=ORIENTED_EDGE('',*,*,#1772,.F.);
#2470=ORIENTED_EDGE('',*,*,#1773,.F.);
#2471=ORIENTED_EDGE('',*,*,#1774,.F.);
#2472=ORIENTED_EDGE('',*,*,#1773,.T.);
#2473=ORIENTED_EDGE('',*,*,#1775,.F.);
#2474=ORIENTED_EDGE('',*,*,#1776,.F.);
#2475=ORIENTED_EDGE('',*,*,#1777,.F.);
#2476=ORIENTED_EDGE('',*,*,#1776,.T.);
#2477=ORIENTED_EDGE('',*,*,#1778,.F.);
#2478=ORIENTED_EDGE('',*,*,#1779,.F.);
#2479=ORIENTED_EDGE('',*,*,#1780,.F.);
#2480=ORIENTED_EDGE('',*,*,#1779,.T.);
#2481=ORIENTED_EDGE('',*,*,#1781,.F.);
#2482=ORIENTED_EDGE('',*,*,#1782,.F.);
#2483=ORIENTED_EDGE('',*,*,#1783,.F.);
#2484=ORIENTED_EDGE('',*,*,#1782,.T.);
#2485=ORIENTED_EDGE('',*,*,#1784,.F.);
#2486=ORIENTED_EDGE('',*,*,#1785,.F.);
#2487=ORIENTED_EDGE('',*,*,#1786,.F.);
#2488=ORIENTED_EDGE('',*,*,#1785,.T.);
#2489=ORIENTED_EDGE('',*,*,#1787,.F.);
#2490=ORIENTED_EDGE('',*,*,#1788,.F.);
#2491=ORIENTED_EDGE('',*,*,#1789,.F.);
#2492=ORIENTED_EDGE('',*,*,#1788,.T.);
#2493=ORIENTED_EDGE('',*,*,#1790,.F.);
#2494=ORIENTED_EDGE('',*,*,#1768,.F.);
#2495=ORIENTED_EDGE('',*,*,#1791,.F.);
#2496=ORIENTED_EDGE('',*,*,#1792,.T.);
#2497=ORIENTED_EDGE('',*,*,#1793,.F.);
#2498=ORIENTED_EDGE('',*,*,#1794,.F.);
#2499=ORIENTED_EDGE('',*,*,#1795,.F.);
#2500=ORIENTED_EDGE('',*,*,#1794,.T.);
#2501=ORIENTED_EDGE('',*,*,#1796,.F.);
#2502=ORIENTED_EDGE('',*,*,#1797,.F.);
#2503=ORIENTED_EDGE('',*,*,#1798,.F.);
#2504=ORIENTED_EDGE('',*,*,#1797,.T.);
#2505=ORIENTED_EDGE('',*,*,#1799,.F.);
#2506=ORIENTED_EDGE('',*,*,#1800,.F.);
#2507=ORIENTED_EDGE('',*,*,#1801,.F.);
#2508=ORIENTED_EDGE('',*,*,#1800,.T.);
#2509=ORIENTED_EDGE('',*,*,#1802,.F.);
#2510=ORIENTED_EDGE('',*,*,#1803,.F.);
#2511=ORIENTED_EDGE('',*,*,#1804,.F.);
#2512=ORIENTED_EDGE('',*,*,#1803,.T.);
#2513=ORIENTED_EDGE('',*,*,#1805,.F.);
#2514=ORIENTED_EDGE('',*,*,#1806,.F.);
#2515=ORIENTED_EDGE('',*,*,#1807,.F.);
#2516=ORIENTED_EDGE('',*,*,#1806,.T.);
#2517=ORIENTED_EDGE('',*,*,#1808,.F.);
#2518=ORIENTED_EDGE('',*,*,#1809,.F.);
#2519=ORIENTED_EDGE('',*,*,#1810,.F.);
#2520=ORIENTED_EDGE('',*,*,#1809,.T.);
#2521=ORIENTED_EDGE('',*,*,#1811,.F.);
#2522=ORIENTED_EDGE('',*,*,#1812,.F.);
#2523=ORIENTED_EDGE('',*,*,#1813,.F.);
#2524=ORIENTED_EDGE('',*,*,#1812,.T.);
#2525=ORIENTED_EDGE('',*,*,#1814,.F.);
#2526=ORIENTED_EDGE('',*,*,#1792,.F.);
#2527=ORIENTED_EDGE('',*,*,#1815,.F.);
#2528=ORIENTED_EDGE('',*,*,#1816,.T.);
#2529=ORIENTED_EDGE('',*,*,#1817,.F.);
#2530=ORIENTED_EDGE('',*,*,#1818,.F.);
#2531=ORIENTED_EDGE('',*,*,#1819,.T.);
#2532=ORIENTED_EDGE('',*,*,#1818,.T.);
#2533=ORIENTED_EDGE('',*,*,#1820,.F.);
#2534=ORIENTED_EDGE('',*,*,#1821,.F.);
#2535=ORIENTED_EDGE('',*,*,#1822,.T.);
#2536=ORIENTED_EDGE('',*,*,#1821,.T.);
#2537=ORIENTED_EDGE('',*,*,#1823,.F.);
#2538=ORIENTED_EDGE('',*,*,#1824,.F.);
#2539=ORIENTED_EDGE('',*,*,#1825,.T.);
#2540=ORIENTED_EDGE('',*,*,#1824,.T.);
#2541=ORIENTED_EDGE('',*,*,#1826,.F.);
#2542=ORIENTED_EDGE('',*,*,#1816,.F.);
#2543=ORIENTED_EDGE('',*,*,#1827,.F.);
#2544=ORIENTED_EDGE('',*,*,#1828,.T.);
#2545=ORIENTED_EDGE('',*,*,#1829,.F.);
#2546=ORIENTED_EDGE('',*,*,#1830,.F.);
#2547=ORIENTED_EDGE('',*,*,#1831,.F.);
#2548=ORIENTED_EDGE('',*,*,#1830,.T.);
#2549=ORIENTED_EDGE('',*,*,#1832,.F.);
#2550=ORIENTED_EDGE('',*,*,#1833,.F.);
#2551=ORIENTED_EDGE('',*,*,#1834,.F.);
#2552=ORIENTED_EDGE('',*,*,#1833,.T.);
#2553=ORIENTED_EDGE('',*,*,#1835,.F.);
#2554=ORIENTED_EDGE('',*,*,#1836,.F.);
#2555=ORIENTED_EDGE('',*,*,#1837,.F.);
#2556=ORIENTED_EDGE('',*,*,#1836,.T.);
#2557=ORIENTED_EDGE('',*,*,#1838,.F.);
#2558=ORIENTED_EDGE('',*,*,#1839,.F.);
#2559=ORIENTED_EDGE('',*,*,#1840,.F.);
#2560=ORIENTED_EDGE('',*,*,#1839,.T.);
#2561=ORIENTED_EDGE('',*,*,#1841,.F.);
#2562=ORIENTED_EDGE('',*,*,#1842,.F.);
#2563=ORIENTED_EDGE('',*,*,#1843,.F.);
#2564=ORIENTED_EDGE('',*,*,#1842,.T.);
#2565=ORIENTED_EDGE('',*,*,#1844,.F.);
#2566=ORIENTED_EDGE('',*,*,#1845,.F.);
#2567=ORIENTED_EDGE('',*,*,#1846,.F.);
#2568=ORIENTED_EDGE('',*,*,#1845,.T.);
#2569=ORIENTED_EDGE('',*,*,#1847,.F.);
#2570=ORIENTED_EDGE('',*,*,#1848,.F.);
#2571=ORIENTED_EDGE('',*,*,#1849,.T.);
#2572=ORIENTED_EDGE('',*,*,#1848,.T.);
#2573=ORIENTED_EDGE('',*,*,#1850,.F.);
#2574=ORIENTED_EDGE('',*,*,#1851,.F.);
#2575=ORIENTED_EDGE('',*,*,#1852,.T.);
#2576=ORIENTED_EDGE('',*,*,#1851,.T.);
#2577=ORIENTED_EDGE('',*,*,#1853,.F.);
#2578=ORIENTED_EDGE('',*,*,#1854,.F.);
#2579=ORIENTED_EDGE('',*,*,#1855,.F.);
#2580=ORIENTED_EDGE('',*,*,#1854,.T.);
#2581=ORIENTED_EDGE('',*,*,#1856,.F.);
#2582=ORIENTED_EDGE('',*,*,#1857,.F.);
#2583=ORIENTED_EDGE('',*,*,#1858,.F.);
#2584=ORIENTED_EDGE('',*,*,#1857,.T.);
#2585=ORIENTED_EDGE('',*,*,#1859,.F.);
#2586=ORIENTED_EDGE('',*,*,#1860,.F.);
#2587=ORIENTED_EDGE('',*,*,#1861,.F.);
#2588=ORIENTED_EDGE('',*,*,#1860,.T.);
#2589=ORIENTED_EDGE('',*,*,#1862,.F.);
#2590=ORIENTED_EDGE('',*,*,#1863,.F.);
#2591=ORIENTED_EDGE('',*,*,#1864,.F.);
#2592=ORIENTED_EDGE('',*,*,#1863,.T.);
#2593=ORIENTED_EDGE('',*,*,#1865,.F.);
#2594=ORIENTED_EDGE('',*,*,#1866,.F.);
#2595=ORIENTED_EDGE('',*,*,#1867,.F.);
#2596=ORIENTED_EDGE('',*,*,#1866,.T.);
#2597=ORIENTED_EDGE('',*,*,#1868,.F.);
#2598=ORIENTED_EDGE('',*,*,#1869,.F.);
#2599=ORIENTED_EDGE('',*,*,#1870,.F.);
#2600=ORIENTED_EDGE('',*,*,#1869,.T.);
#2601=ORIENTED_EDGE('',*,*,#1871,.F.);
#2602=ORIENTED_EDGE('',*,*,#1872,.F.);
#2603=ORIENTED_EDGE('',*,*,#1873,.F.);
#2604=ORIENTED_EDGE('',*,*,#1872,.T.);
#2605=ORIENTED_EDGE('',*,*,#1874,.F.);
#2606=ORIENTED_EDGE('',*,*,#1875,.F.);
#2607=ORIENTED_EDGE('',*,*,#1876,.F.);
#2608=ORIENTED_EDGE('',*,*,#1875,.T.);
#2609=ORIENTED_EDGE('',*,*,#1877,.F.);
#2610=ORIENTED_EDGE('',*,*,#1878,.F.);
#2611=ORIENTED_EDGE('',*,*,#1879,.T.);
#2612=ORIENTED_EDGE('',*,*,#1878,.T.);
#2613=ORIENTED_EDGE('',*,*,#1880,.F.);
#2614=ORIENTED_EDGE('',*,*,#1828,.F.);
#2615=ORIENTED_EDGE('',*,*,#1880,.T.);
#2616=ORIENTED_EDGE('',*,*,#1877,.T.);
#2617=ORIENTED_EDGE('',*,*,#1874,.T.);
#2618=ORIENTED_EDGE('',*,*,#1871,.T.);
#2619=ORIENTED_EDGE('',*,*,#1868,.T.);
#2620=ORIENTED_EDGE('',*,*,#1865,.T.);
#2621=ORIENTED_EDGE('',*,*,#1862,.T.);
#2622=ORIENTED_EDGE('',*,*,#1859,.T.);
#2623=ORIENTED_EDGE('',*,*,#1856,.T.);
#2624=ORIENTED_EDGE('',*,*,#1853,.T.);
#2625=ORIENTED_EDGE('',*,*,#1850,.T.);
#2626=ORIENTED_EDGE('',*,*,#1847,.T.);
#2627=ORIENTED_EDGE('',*,*,#1844,.T.);
#2628=ORIENTED_EDGE('',*,*,#1841,.T.);
#2629=ORIENTED_EDGE('',*,*,#1838,.T.);
#2630=ORIENTED_EDGE('',*,*,#1835,.T.);
#2631=ORIENTED_EDGE('',*,*,#1832,.T.);
#2632=ORIENTED_EDGE('',*,*,#1829,.T.);
#2633=ORIENTED_EDGE('',*,*,#1826,.T.);
#2634=ORIENTED_EDGE('',*,*,#1823,.T.);
#2635=ORIENTED_EDGE('',*,*,#1820,.T.);
#2636=ORIENTED_EDGE('',*,*,#1817,.T.);
#2637=ORIENTED_EDGE('',*,*,#1814,.T.);
#2638=ORIENTED_EDGE('',*,*,#1811,.T.);
#2639=ORIENTED_EDGE('',*,*,#1808,.T.);
#2640=ORIENTED_EDGE('',*,*,#1805,.T.);
#2641=ORIENTED_EDGE('',*,*,#1802,.T.);
#2642=ORIENTED_EDGE('',*,*,#1799,.T.);
#2643=ORIENTED_EDGE('',*,*,#1796,.T.);
#2644=ORIENTED_EDGE('',*,*,#1793,.T.);
#2645=ORIENTED_EDGE('',*,*,#1790,.T.);
#2646=ORIENTED_EDGE('',*,*,#1787,.T.);
#2647=ORIENTED_EDGE('',*,*,#1784,.T.);
#2648=ORIENTED_EDGE('',*,*,#1781,.T.);
#2649=ORIENTED_EDGE('',*,*,#1778,.T.);
#2650=ORIENTED_EDGE('',*,*,#1775,.T.);
#2651=ORIENTED_EDGE('',*,*,#1772,.T.);
#2652=ORIENTED_EDGE('',*,*,#1769,.T.);
#2653=ORIENTED_EDGE('',*,*,#1879,.F.);
#2654=ORIENTED_EDGE('',*,*,#1827,.T.);
#2655=ORIENTED_EDGE('',*,*,#1831,.T.);
#2656=ORIENTED_EDGE('',*,*,#1834,.T.);
#2657=ORIENTED_EDGE('',*,*,#1837,.T.);
#2658=ORIENTED_EDGE('',*,*,#1840,.T.);
#2659=ORIENTED_EDGE('',*,*,#1843,.T.);
#2660=ORIENTED_EDGE('',*,*,#1846,.T.);
#2661=ORIENTED_EDGE('',*,*,#1849,.F.);
#2662=ORIENTED_EDGE('',*,*,#1852,.F.);
#2663=ORIENTED_EDGE('',*,*,#1855,.T.);
#2664=ORIENTED_EDGE('',*,*,#1858,.T.);
#2665=ORIENTED_EDGE('',*,*,#1861,.T.);
#2666=ORIENTED_EDGE('',*,*,#1864,.T.);
#2667=ORIENTED_EDGE('',*,*,#1867,.T.);
#2668=ORIENTED_EDGE('',*,*,#1870,.T.);
#2669=ORIENTED_EDGE('',*,*,#1873,.T.);
#2670=ORIENTED_EDGE('',*,*,#1876,.T.);
#2671=ORIENTED_EDGE('',*,*,#1825,.F.);
#2672=ORIENTED_EDGE('',*,*,#1815,.T.);
#2673=ORIENTED_EDGE('',*,*,#1819,.F.);
#2674=ORIENTED_EDGE('',*,*,#1822,.F.);
#2675=ORIENTED_EDGE('',*,*,#1813,.T.);
#2676=ORIENTED_EDGE('',*,*,#1791,.T.);
#2677=ORIENTED_EDGE('',*,*,#1795,.T.);
#2678=ORIENTED_EDGE('',*,*,#1798,.T.);
#2679=ORIENTED_EDGE('',*,*,#1801,.T.);
#2680=ORIENTED_EDGE('',*,*,#1804,.T.);
#2681=ORIENTED_EDGE('',*,*,#1807,.T.);
#2682=ORIENTED_EDGE('',*,*,#1810,.T.);
#2683=ORIENTED_EDGE('',*,*,#1789,.T.);
#2684=ORIENTED_EDGE('',*,*,#1767,.T.);
#2685=ORIENTED_EDGE('',*,*,#1771,.T.);
#2686=ORIENTED_EDGE('',*,*,#1774,.T.);
#2687=ORIENTED_EDGE('',*,*,#1777,.T.);
#2688=ORIENTED_EDGE('',*,*,#1780,.T.);
#2689=ORIENTED_EDGE('',*,*,#1783,.T.);
#2690=ORIENTED_EDGE('',*,*,#1786,.T.);
#2691=PLANE('',#2964);
#2692=PLANE('',#2965);
#2693=PLANE('',#2966);
#2694=PLANE('',#2967);
#2695=PLANE('',#2968);
#2696=PLANE('',#2969);
#2697=PLANE('',#2970);
#2698=PLANE('',#2971);
#2699=PLANE('',#2972);
#2700=PLANE('',#2973);
#2701=PLANE('',#2974);
#2702=PLANE('',#2975);
#2703=PLANE('',#2976);
#2704=PLANE('',#2977);
#2705=PLANE('',#2978);
#2706=PLANE('',#2979);
#2707=PLANE('',#2980);
#2708=PLANE('',#2981);
#2709=PLANE('',#2982);
#2710=PLANE('',#2983);
#2711=PLANE('',#2984);
#2712=PLANE('',#2985);
#2713=PLANE('',#2986);
#2714=PLANE('',#2987);
#2715=PLANE('',#2988);
#2716=PLANE('',#2989);
#2717=PLANE('',#2990);
#2718=PLANE('',#2991);
#2719=PLANE('',#3034);
#2720=PLANE('',#3035);
#2721=PLANE('',#3036);
#2722=PLANE('',#3037);
#2723=PLANE('',#3038);
#2724=PLANE('',#3039);
#2725=PLANE('',#3040);
#2726=PLANE('',#3041);
#2727=PLANE('',#3042);
#2728=PLANE('',#3043);
#2729=PLANE('',#3044);
#2730=PLANE('',#3045);
#2731=PLANE('',#3046);
#2732=PLANE('',#3047);
#2733=PLANE('',#3048);
#2734=PLANE('',#3049);
#2735=PLANE('',#3050);
#2736=PLANE('',#3051);
#2737=PLANE('',#3052);
#2738=PLANE('',#3053);
#2739=PLANE('',#3054);
#2740=PLANE('',#3055);
#2741=PLANE('',#3056);
#2742=PLANE('',#3057);
#2743=PLANE('',#3061);
#2744=PLANE('',#3062);
#2745=PLANE('',#3067);
#2746=PLANE('',#3070);
#2747=PLANE('',#3071);
#2748=PLANE('',#3072);
#2749=PLANE('',#3073);
#2750=PLANE('',#3074);
#2751=PLANE('',#3075);
#2752=PLANE('',#3078);
#2753=PLANE('',#3079);
#2754=PLANE('',#3080);
#2755=PLANE('',#3083);
#2756=PLANE('',#3084);
#2757=PLANE('',#3085);
#2758=PLANE('',#3086);
#2759=PLANE('',#3087);
#2760=PLANE('',#3088);
#2761=PLANE('',#3091);
#2762=PLANE('',#3092);
#2763=PLANE('',#3093);
#2764=PLANE('',#3094);
#2765=PLANE('',#3098);
#2766=PLANE('',#3099);
#2767=PLANE('',#3103);
#2768=PLANE('',#3107);
#2769=PLANE('',#3108);
#2770=PLANE('',#3109);
#2771=PLANE('',#3110);
#2772=PLANE('',#3111);
#2773=PLANE('',#3112);
#2774=PLANE('',#3113);
#2775=PLANE('',#3114);
#2776=PLANE('',#3115);
#2777=PLANE('',#3116);
#2778=PLANE('',#3117);
#2779=PLANE('',#3118);
#2780=PLANE('',#3119);
#2781=PLANE('',#3120);
#2782=PLANE('',#3121);
#2783=PLANE('',#3122);
#2784=PLANE('',#3123);
#2785=PLANE('',#3124);
#2786=PLANE('',#3128);
#2787=PLANE('',#3129);
#2788=PLANE('',#3130);
#2789=PLANE('',#3131);
#2790=PLANE('',#3132);
#2791=PLANE('',#3133);
#2792=PLANE('',#3134);
#2793=PLANE('',#3135);
#2794=PLANE('',#3136);
#2795=PLANE('',#3137);
#2796=PLANE('',#3138);
#2797=PLANE('',#3142);
#2798=PLANE('',#3143);
#2799=PLANE('',#3144);
#2800=PLANE('',#3145);
#2801=PLANE('',#3146);
#2802=PLANE('',#3147);
#2803=PLANE('',#3148);
#2804=PLANE('',#3149);
#2805=PLANE('',#3153);
#2806=PLANE('',#3154);
#2807=ADVANCED_FACE('',(#154),#2691,.F.);
#2808=ADVANCED_FACE('',(#155),#2692,.F.);
#2809=ADVANCED_FACE('',(#156),#2693,.F.);
#2810=ADVANCED_FACE('',(#157),#2694,.F.);
#2811=ADVANCED_FACE('',(#158),#2695,.F.);
#2812=ADVANCED_FACE('',(#159),#2696,.F.);
#2813=ADVANCED_FACE('',(#160),#2697,.F.);
#2814=ADVANCED_FACE('',(#161),#2698,.F.);
#2815=ADVANCED_FACE('',(#162),#2699,.F.);
#2816=ADVANCED_FACE('',(#163),#2700,.F.);
#2817=ADVANCED_FACE('',(#164),#2701,.F.);
#2818=ADVANCED_FACE('',(#165),#2702,.F.);
#2819=ADVANCED_FACE('',(#166),#2703,.F.);
#2820=ADVANCED_FACE('',(#167),#2704,.F.);
#2821=ADVANCED_FACE('',(#168),#2705,.F.);
#2822=ADVANCED_FACE('',(#169),#2706,.F.);
#2823=ADVANCED_FACE('',(#170),#2707,.F.);
#2824=ADVANCED_FACE('',(#171),#2708,.F.);
#2825=ADVANCED_FACE('',(#172),#2709,.F.);
#2826=ADVANCED_FACE('',(#173),#2710,.F.);
#2827=ADVANCED_FACE('',(#174),#2711,.F.);
#2828=ADVANCED_FACE('',(#175),#2712,.F.);
#2829=ADVANCED_FACE('',(#176),#2713,.F.);
#2830=ADVANCED_FACE('',(#177),#2714,.F.);
#2831=ADVANCED_FACE('',(#178),#2715,.F.);
#2832=ADVANCED_FACE('',(#179),#2716,.F.);
#2833=ADVANCED_FACE('',(#180),#2717,.F.);
#2834=ADVANCED_FACE('',(#181),#2718,.F.);
#2835=ADVANCED_FACE('',(#182),#129,.F.);
#2836=ADVANCED_FACE('',(#183),#130,.F.);
#2837=ADVANCED_FACE('',(#184),#131,.F.);
#2838=ADVANCED_FACE('',(#185),#132,.F.);
#2839=ADVANCED_FACE('',(#186),#133,.F.);
#2840=ADVANCED_FACE('',(#187),#134,.F.);
#2841=ADVANCED_FACE('',(#188),#135,.F.);
#2842=ADVANCED_FACE('',(#189),#136,.F.);
#2843=ADVANCED_FACE('',(#190),#137,.F.);
#2844=ADVANCED_FACE('',(#191),#138,.F.);
#2845=ADVANCED_FACE('',(#192),#139,.F.);
#2846=ADVANCED_FACE('',(#193),#140,.F.);
#2847=ADVANCED_FACE('',(#194),#141,.F.);
#2848=ADVANCED_FACE('',(#195),#142,.F.);
#2849=ADVANCED_FACE('',(#196),#2719,.F.);
#2850=ADVANCED_FACE('',(#197),#2720,.F.);
#2851=ADVANCED_FACE('',(#198),#2721,.F.);
#2852=ADVANCED_FACE('',(#199),#2722,.F.);
#2853=ADVANCED_FACE('',(#200),#2723,.F.);
#2854=ADVANCED_FACE('',(#201),#2724,.F.);
#2855=ADVANCED_FACE('',(#202),#2725,.F.);
#2856=ADVANCED_FACE('',(#203),#2726,.F.);
#2857=ADVANCED_FACE('',(#204),#2727,.F.);
#2858=ADVANCED_FACE('',(#205),#2728,.F.);
#2859=ADVANCED_FACE('',(#206),#2729,.F.);
#2860=ADVANCED_FACE('',(#207),#2730,.F.);
#2861=ADVANCED_FACE('',(#208),#2731,.F.);
#2862=ADVANCED_FACE('',(#209),#2732,.F.);
#2863=ADVANCED_FACE('',(#210),#2733,.F.);
#2864=ADVANCED_FACE('',(#211),#2734,.F.);
#2865=ADVANCED_FACE('',(#212),#2735,.F.);
#2866=ADVANCED_FACE('',(#213),#2736,.F.);
#2867=ADVANCED_FACE('',(#214),#2737,.F.);
#2868=ADVANCED_FACE('',(#215),#2738,.F.);
#2869=ADVANCED_FACE('',(#216),#2739,.F.);
#2870=ADVANCED_FACE('',(#217),#2740,.F.);
#2871=ADVANCED_FACE('',(#218),#2741,.F.);
#2872=ADVANCED_FACE('',(#219),#2742,.F.);
#2873=ADVANCED_FACE('',(#220),#143,.F.);
#2874=ADVANCED_FACE('',(#221),#2743,.T.);
#2875=ADVANCED_FACE('',(#222,#19,#20,#21,#22,#23,#24,#25,#26,#27,#28,#29,
#30,#31,#32,#33,#34,#35,#36,#37,#38,#39,#40,#41,#42,#43,#44,#45),#2744,
 .F.);
#2876=ADVANCED_FACE('',(#223),#2745,.T.);
#2877=ADVANCED_FACE('',(#224),#144,.T.);
#2878=ADVANCED_FACE('',(#225),#2746,.T.);
#2879=ADVANCED_FACE('',(#226),#2747,.T.);
#2880=ADVANCED_FACE('',(#227),#2748,.T.);
#2881=ADVANCED_FACE('',(#228),#2749,.T.);
#2882=ADVANCED_FACE('',(#229),#2750,.T.);
#2883=ADVANCED_FACE('',(#230),#2751,.T.);
#2884=ADVANCED_FACE('',(#231),#145,.T.);
#2885=ADVANCED_FACE('',(#232),#2752,.T.);
#2886=ADVANCED_FACE('',(#233),#2753,.T.);
#2887=ADVANCED_FACE('',(#234),#2754,.T.);
#2888=ADVANCED_FACE('',(#235),#146,.T.);
#2889=ADVANCED_FACE('',(#236),#2755,.T.);
#2890=ADVANCED_FACE('',(#237),#2756,.T.);
#2891=ADVANCED_FACE('',(#238),#2757,.T.);
#2892=ADVANCED_FACE('',(#239),#2758,.T.);
#2893=ADVANCED_FACE('',(#240),#2759,.T.);
#2894=ADVANCED_FACE('',(#241),#2760,.T.);
#2895=ADVANCED_FACE('',(#242),#147,.T.);
#2896=ADVANCED_FACE('',(#243,#46,#47,#48,#49,#50,#51,#52,#53,#54,#55,#56,
#57,#58,#59,#60,#61,#62,#63,#64,#65,#66,#67,#68,#69,#70,#71,#72),#2761,
 .T.);
#2897=ADVANCED_FACE('',(#244),#2762,.T.);
#2898=ADVANCED_FACE('',(#245),#2763,.T.);
#2899=ADVANCED_FACE('',(#246),#2764,.T.);
#2900=ADVANCED_FACE('',(#247),#148,.F.);
#2901=ADVANCED_FACE('',(#248),#2765,.T.);
#2902=ADVANCED_FACE('',(#249),#2766,.T.);
#2903=ADVANCED_FACE('',(#250),#149,.F.);
#2904=ADVANCED_FACE('',(#251),#2767,.T.);
#2905=ADVANCED_FACE('',(#252),#150,.F.);
#2906=ADVANCED_FACE('',(#253),#2768,.T.);
#2907=ADVANCED_FACE('',(#254),#2769,.F.);
#2908=ADVANCED_FACE('',(#255),#2770,.T.);
#2909=ADVANCED_FACE('',(#256),#2771,.T.);
#2910=ADVANCED_FACE('',(#257),#2772,.T.);
#2911=ADVANCED_FACE('',(#258),#2773,.T.);
#2912=ADVANCED_FACE('',(#259),#2774,.T.);
#2913=ADVANCED_FACE('',(#260),#2775,.T.);
#2914=ADVANCED_FACE('',(#261),#2776,.T.);
#2915=ADVANCED_FACE('',(#262),#2777,.T.);
#2916=ADVANCED_FACE('',(#263),#2778,.T.);
#2917=ADVANCED_FACE('',(#264),#2779,.T.);
#2918=ADVANCED_FACE('',(#265),#2780,.T.);
#2919=ADVANCED_FACE('',(#266),#2781,.T.);
#2920=ADVANCED_FACE('',(#267),#2782,.T.);
#2921=ADVANCED_FACE('',(#268),#2783,.T.);
#2922=ADVANCED_FACE('',(#269),#2784,.T.);
#2923=ADVANCED_FACE('',(#270),#2785,.T.);
#2924=ADVANCED_FACE('',(#271),#151,.F.);
#2925=ADVANCED_FACE('',(#272),#2786,.T.);
#2926=ADVANCED_FACE('',(#273),#2787,.T.);
#2927=ADVANCED_FACE('',(#274),#2788,.T.);
#2928=ADVANCED_FACE('',(#275),#2789,.T.);
#2929=ADVANCED_FACE('',(#276),#2790,.T.);
#2930=ADVANCED_FACE('',(#277),#2791,.T.);
#2931=ADVANCED_FACE('',(#278),#2792,.T.);
#2932=ADVANCED_FACE('',(#279),#2793,.T.);
#2933=ADVANCED_FACE('',(#280),#2794,.T.);
#2934=ADVANCED_FACE('',(#281),#2795,.T.);
#2935=ADVANCED_FACE('',(#282),#2796,.T.);
#2936=ADVANCED_FACE('',(#283),#152,.T.);
#2937=ADVANCED_FACE('',(#284),#2797,.T.);
#2938=ADVANCED_FACE('',(#285),#2798,.T.);
#2939=ADVANCED_FACE('',(#286),#2799,.T.);
#2940=ADVANCED_FACE('',(#287),#2800,.T.);
#2941=ADVANCED_FACE('',(#288),#2801,.T.);
#2942=ADVANCED_FACE('',(#289),#2802,.T.);
#2943=ADVANCED_FACE('',(#290),#2803,.T.);
#2944=ADVANCED_FACE('',(#291),#2804,.T.);
#2945=ADVANCED_FACE('',(#292),#153,.T.);
#2946=ADVANCED_FACE('',(#293,#73,#74,#75),#2805,.T.);
#2947=ADVANCED_FACE('',(#294,#76,#77,#78),#2806,.F.);
#2948=CLOSED_SHELL('',(#2807,#2808,#2809,#2810,#2811,#2812,#2813,#2814,
#2815,#2816,#2817,#2818,#2819,#2820,#2821,#2822,#2823,#2824,#2825,#2826,
#2827,#2828,#2829,#2830,#2831,#2832,#2833,#2834,#2835,#2836,#2837,#2838,
#2839,#2840,#2841,#2842,#2843,#2844,#2845,#2846,#2847,#2848,#2849,#2850,
#2851,#2852,#2853,#2854,#2855,#2856,#2857,#2858,#2859,#2860,#2861,#2862,
#2863,#2864,#2865,#2866,#2867,#2868,#2869,#2870,#2871,#2872,#2873,#2874,
#2875,#2876,#2877,#2878,#2879,#2880,#2881,#2882,#2883,#2884,#2885,#2886,
#2887,#2888,#2889,#2890,#2891,#2892,#2893,#2894,#2895,#2896));
#2949=CLOSED_SHELL('',(#2897,#2898,#2899,#2900,#2901,#2902,#2903,#2904,
#2905,#2906,#2907));
#2950=CLOSED_SHELL('',(#2908,#2909,#2910,#2911,#2912,#2913,#2914,#2915,
#2916,#2917,#2918,#2919,#2920,#2921,#2922,#2923,#2924,#2925,#2926,#2927,
#2928,#2929,#2930,#2931,#2932,#2933,#2934,#2935,#2936,#2937,#2938,#2939,
#2940,#2941,#2942,#2943,#2944,#2945,#2946,#2947));
#2951=DERIVED_UNIT_ELEMENT(#2953,1.);
#2952=DERIVED_UNIT_ELEMENT(#4716,-3.);
#2953=(
MASS_UNIT()
NAMED_UNIT(*)
SI_UNIT(.KILO.,.GRAM.)
);
#2954=DERIVED_UNIT((#2951,#2952));
#2955=MEASURE_REPRESENTATION_ITEM('density measure',
POSITIVE_RATIO_MEASURE(7850.),#2954);
#2956=PROPERTY_DEFINITION_REPRESENTATION(#2961,#2958);
#2957=PROPERTY_DEFINITION_REPRESENTATION(#2962,#2959);
#2958=REPRESENTATION('material name',(#2960),#4713);
#2959=REPRESENTATION('density',(#2955),#4713);
#2960=DESCRIPTIVE_REPRESENTATION_ITEM('Steel','Steel');
#2961=PROPERTY_DEFINITION('material property','material name',#4723);
#2962=PROPERTY_DEFINITION('material property','density of part',#4723);
#2963=AXIS2_PLACEMENT_3D('',#3894,#3155,#3156);
#2964=AXIS2_PLACEMENT_3D('',#3895,#3157,#3158);
#2965=AXIS2_PLACEMENT_3D('',#3904,#3163,#3164);
#2966=AXIS2_PLACEMENT_3D('',#3910,#3168,#3169);
#2967=AXIS2_PLACEMENT_3D('',#3916,#3173,#3174);
#2968=AXIS2_PLACEMENT_3D('',#3919,#3177,#3178);
#2969=AXIS2_PLACEMENT_3D('',#3928,#3183,#3184);
#2970=AXIS2_PLACEMENT_3D('',#3934,#3188,#3189);
#2971=AXIS2_PLACEMENT_3D('',#3940,#3193,#3194);
#2972=AXIS2_PLACEMENT_3D('',#3943,#3197,#3198);
#2973=AXIS2_PLACEMENT_3D('',#3952,#3203,#3204);
#2974=AXIS2_PLACEMENT_3D('',#3958,#3208,#3209);
#2975=AXIS2_PLACEMENT_3D('',#3964,#3213,#3214);
#2976=AXIS2_PLACEMENT_3D('',#3967,#3217,#3218);
#2977=AXIS2_PLACEMENT_3D('',#3976,#3223,#3224);
#2978=AXIS2_PLACEMENT_3D('',#3982,#3228,#3229);
#2979=AXIS2_PLACEMENT_3D('',#3988,#3233,#3234);
#2980=AXIS2_PLACEMENT_3D('',#3991,#3237,#3238);
#2981=AXIS2_PLACEMENT_3D('',#4000,#3243,#3244);
#2982=AXIS2_PLACEMENT_3D('',#4006,#3248,#3249);
#2983=AXIS2_PLACEMENT_3D('',#4012,#3253,#3254);
#2984=AXIS2_PLACEMENT_3D('',#4015,#3257,#3258);
#2985=AXIS2_PLACEMENT_3D('',#4024,#3263,#3264);
#2986=AXIS2_PLACEMENT_3D('',#4030,#3268,#3269);
#2987=AXIS2_PLACEMENT_3D('',#4036,#3273,#3274);
#2988=AXIS2_PLACEMENT_3D('',#4039,#3277,#3278);
#2989=AXIS2_PLACEMENT_3D('',#4048,#3283,#3284);
#2990=AXIS2_PLACEMENT_3D('',#4054,#3288,#3289);
#2991=AXIS2_PLACEMENT_3D('',#4060,#3293,#3294);
#2992=AXIS2_PLACEMENT_3D('',#4063,#3297,#3298);
#2993=AXIS2_PLACEMENT_3D('',#4065,#3299,#3300);
#2994=AXIS2_PLACEMENT_3D('',#4068,#3302,#3303);
#2995=AXIS2_PLACEMENT_3D('',#4069,#3304,#3305);
#2996=AXIS2_PLACEMENT_3D('',#4071,#3306,#3307);
#2997=AXIS2_PLACEMENT_3D('',#4074,#3309,#3310);
#2998=AXIS2_PLACEMENT_3D('',#4075,#3311,#3312);
#2999=AXIS2_PLACEMENT_3D('',#4077,#3313,#3314);
#3000=AXIS2_PLACEMENT_3D('',#4080,#3316,#3317);
#3001=AXIS2_PLACEMENT_3D('',#4081,#3318,#3319);
#3002=AXIS2_PLACEMENT_3D('',#4083,#3320,#3321);
#3003=AXIS2_PLACEMENT_3D('',#4086,#3323,#3324);
#3004=AXIS2_PLACEMENT_3D('',#4087,#3325,#3326);
#3005=AXIS2_PLACEMENT_3D('',#4089,#3327,#3328);
#3006=AXIS2_PLACEMENT_3D('',#4092,#3330,#3331);
#3007=AXIS2_PLACEMENT_3D('',#4093,#3332,#3333);
#3008=AXIS2_PLACEMENT_3D('',#4095,#3334,#3335);
#3009=AXIS2_PLACEMENT_3D('',#4098,#3337,#3338);
#3010=AXIS2_PLACEMENT_3D('',#4099,#3339,#3340);
#3011=AXIS2_PLACEMENT_3D('',#4101,#3341,#3342);
#3012=AXIS2_PLACEMENT_3D('',#4104,#3344,#3345);
#3013=AXIS2_PLACEMENT_3D('',#4105,#3346,#3347);
#3014=AXIS2_PLACEMENT_3D('',#4107,#3348,#3349);
#3015=AXIS2_PLACEMENT_3D('',#4110,#3351,#3352);
#3016=AXIS2_PLACEMENT_3D('',#4111,#3353,#3354);
#3017=AXIS2_PLACEMENT_3D('',#4113,#3355,#3356);
#3018=AXIS2_PLACEMENT_3D('',#4116,#3358,#3359);
#3019=AXIS2_PLACEMENT_3D('',#4117,#3360,#3361);
#3020=AXIS2_PLACEMENT_3D('',#4119,#3362,#3363);
#3021=AXIS2_PLACEMENT_3D('',#4122,#3365,#3366);
#3022=AXIS2_PLACEMENT_3D('',#4123,#3367,#3368);
#3023=AXIS2_PLACEMENT_3D('',#4125,#3369,#3370);
#3024=AXIS2_PLACEMENT_3D('',#4128,#3372,#3373);
#3025=AXIS2_PLACEMENT_3D('',#4129,#3374,#3375);
#3026=AXIS2_PLACEMENT_3D('',#4131,#3376,#3377);
#3027=AXIS2_PLACEMENT_3D('',#4134,#3379,#3380);
#3028=AXIS2_PLACEMENT_3D('',#4135,#3381,#3382);
#3029=AXIS2_PLACEMENT_3D('',#4137,#3383,#3384);
#3030=AXIS2_PLACEMENT_3D('',#4140,#3386,#3387);
#3031=AXIS2_PLACEMENT_3D('',#4141,#3388,#3389);
#3032=AXIS2_PLACEMENT_3D('',#4143,#3390,#3391);
#3033=AXIS2_PLACEMENT_3D('',#4146,#3393,#3394);
#3034=AXIS2_PLACEMENT_3D('',#4147,#3395,#3396);
#3035=AXIS2_PLACEMENT_3D('',#4156,#3401,#3402);
#3036=AXIS2_PLACEMENT_3D('',#4162,#3406,#3407);
#3037=AXIS2_PLACEMENT_3D('',#4168,#3411,#3412);
#3038=AXIS2_PLACEMENT_3D('',#4171,#3415,#3416);
#3039=AXIS2_PLACEMENT_3D('',#4180,#3421,#3422);
#3040=AXIS2_PLACEMENT_3D('',#4186,#3426,#3427);
#3041=AXIS2_PLACEMENT_3D('',#4192,#3431,#3432);
#3042=AXIS2_PLACEMENT_3D('',#4195,#3435,#3436);
#3043=AXIS2_PLACEMENT_3D('',#4204,#3441,#3442);
#3044=AXIS2_PLACEMENT_3D('',#4210,#3446,#3447);
#3045=AXIS2_PLACEMENT_3D('',#4216,#3451,#3452);
#3046=AXIS2_PLACEMENT_3D('',#4219,#3455,#3456);
#3047=AXIS2_PLACEMENT_3D('',#4228,#3461,#3462);
#3048=AXIS2_PLACEMENT_3D('',#4234,#3466,#3467);
#3049=AXIS2_PLACEMENT_3D('',#4240,#3471,#3472);
#3050=AXIS2_PLACEMENT_3D('',#4243,#3475,#3476);
#3051=AXIS2_PLACEMENT_3D('',#4252,#3481,#3482);
#3052=AXIS2_PLACEMENT_3D('',#4258,#3486,#3487);
#3053=AXIS2_PLACEMENT_3D('',#4264,#3491,#3492);
#3054=AXIS2_PLACEMENT_3D('',#4267,#3495,#3496);
#3055=AXIS2_PLACEMENT_3D('',#4276,#3501,#3502);
#3056=AXIS2_PLACEMENT_3D('',#4282,#3506,#3507);
#3057=AXIS2_PLACEMENT_3D('',#4288,#3511,#3512);
#3058=AXIS2_PLACEMENT_3D('',#4291,#3515,#3516);
#3059=AXIS2_PLACEMENT_3D('',#4296,#3518,#3519);
#3060=AXIS2_PLACEMENT_3D('',#4299,#3521,#3522);
#3061=AXIS2_PLACEMENT_3D('',#4300,#3523,#3524);
#3062=AXIS2_PLACEMENT_3D('',#4306,#3528,#3529);
#3063=AXIS2_PLACEMENT_3D('',#4310,#3531,#3532);
#3064=AXIS2_PLACEMENT_3D('',#4324,#3539,#3540);
#3065=AXIS2_PLACEMENT_3D('',#4332,#3544,#3545);
#3066=AXIS2_PLACEMENT_3D('',#4345,#3552,#3553);
#3067=AXIS2_PLACEMENT_3D('',#4346,#3554,#3555);
#3068=AXIS2_PLACEMENT_3D('',#4350,#3558,#3559);
#3069=AXIS2_PLACEMENT_3D('',#4352,#3560,#3561);
#3070=AXIS2_PLACEMENT_3D('',#4354,#3563,#3564);
#3071=AXIS2_PLACEMENT_3D('',#4358,#3567,#3568);
#3072=AXIS2_PLACEMENT_3D('',#4362,#3571,#3572);
#3073=AXIS2_PLACEMENT_3D('',#4366,#3575,#3576);
#3074=AXIS2_PLACEMENT_3D('',#4370,#3579,#3580);
#3075=AXIS2_PLACEMENT_3D('',#4374,#3583,#3584);
#3076=AXIS2_PLACEMENT_3D('',#4378,#3587,#3588);
#3077=AXIS2_PLACEMENT_3D('',#4380,#3589,#3590);
#3078=AXIS2_PLACEMENT_3D('',#4382,#3592,#3593);
#3079=AXIS2_PLACEMENT_3D('',#4386,#3596,#3597);
#3080=AXIS2_PLACEMENT_3D('',#4390,#3600,#3601);
#3081=AXIS2_PLACEMENT_3D('',#4394,#3604,#3605);
#3082=AXIS2_PLACEMENT_3D('',#4396,#3606,#3607);
#3083=AXIS2_PLACEMENT_3D('',#4398,#3609,#3610);
#3084=AXIS2_PLACEMENT_3D('',#4402,#3613,#3614);
#3085=AXIS2_PLACEMENT_3D('',#4406,#3617,#3618);
#3086=AXIS2_PLACEMENT_3D('',#4410,#3621,#3622);
#3087=AXIS2_PLACEMENT_3D('',#4414,#3625,#3626);
#3088=AXIS2_PLACEMENT_3D('',#4418,#3629,#3630);
#3089=AXIS2_PLACEMENT_3D('',#4422,#3633,#3634);
#3090=AXIS2_PLACEMENT_3D('',#4423,#3635,#3636);
#3091=AXIS2_PLACEMENT_3D('',#4424,#3637,#3638);
#3092=AXIS2_PLACEMENT_3D('',#4425,#3639,#3640);
#3093=AXIS2_PLACEMENT_3D('',#4434,#3645,#3646);
#3094=AXIS2_PLACEMENT_3D('',#4440,#3650,#3651);
#3095=AXIS2_PLACEMENT_3D('',#4446,#3655,#3656);
#3096=AXIS2_PLACEMENT_3D('',#4448,#3657,#3658);
#3097=AXIS2_PLACEMENT_3D('',#4450,#3659,#3660);
#3098=AXIS2_PLACEMENT_3D('',#4452,#3662,#3663);
#3099=AXIS2_PLACEMENT_3D('',#4458,#3667,#3668);
#3100=AXIS2_PLACEMENT_3D('',#4464,#3672,#3673);
#3101=AXIS2_PLACEMENT_3D('',#4466,#3674,#3675);
#3102=AXIS2_PLACEMENT_3D('',#4468,#3676,#3677);
#3103=AXIS2_PLACEMENT_3D('',#4470,#3679,#3680);
#3104=AXIS2_PLACEMENT_3D('',#4476,#3684,#3685);
#3105=AXIS2_PLACEMENT_3D('',#4477,#3686,#3687);
#3106=AXIS2_PLACEMENT_3D('',#4478,#3688,#3689);
#3107=AXIS2_PLACEMENT_3D('',#4479,#3690,#3691);
#3108=AXIS2_PLACEMENT_3D('',#4480,#3692,#3693);
#3109=AXIS2_PLACEMENT_3D('',#4481,#3694,#3695);
#3110=AXIS2_PLACEMENT_3D('',#4490,#3700,#3701);
#3111=AXIS2_PLACEMENT_3D('',#4496,#3705,#3706);
#3112=AXIS2_PLACEMENT_3D('',#4502,#3710,#3711);
#3113=AXIS2_PLACEMENT_3D('',#4508,#3715,#3716);
#3114=AXIS2_PLACEMENT_3D('',#4514,#3720,#3721);
#3115=AXIS2_PLACEMENT_3D('',#4520,#3725,#3726);
#3116=AXIS2_PLACEMENT_3D('',#4526,#3730,#3731);
#3117=AXIS2_PLACEMENT_3D('',#4529,#3734,#3735);
#3118=AXIS2_PLACEMENT_3D('',#4538,#3740,#3741);
#3119=AXIS2_PLACEMENT_3D('',#4544,#3745,#3746);
#3120=AXIS2_PLACEMENT_3D('',#4550,#3750,#3751);
#3121=AXIS2_PLACEMENT_3D('',#4556,#3755,#3756);
#3122=AXIS2_PLACEMENT_3D('',#4562,#3760,#3761);
#3123=AXIS2_PLACEMENT_3D('',#4568,#3765,#3766);
#3124=AXIS2_PLACEMENT_3D('',#4574,#3770,#3771);
#3125=AXIS2_PLACEMENT_3D('',#4577,#3774,#3775);
#3126=AXIS2_PLACEMENT_3D('',#4580,#3776,#3777);
#3127=AXIS2_PLACEMENT_3D('',#4584,#3779,#3780);
#3128=AXIS2_PLACEMENT_3D('',#4586,#3782,#3783);
#3129=AXIS2_PLACEMENT_3D('',#4592,#3787,#3788);
#3130=AXIS2_PLACEMENT_3D('',#4598,#3792,#3793);
#3131=AXIS2_PLACEMENT_3D('',#4601,#3796,#3797);
#3132=AXIS2_PLACEMENT_3D('',#4610,#3802,#3803);
#3133=AXIS2_PLACEMENT_3D('',#4616,#3807,#3808);
#3134=AXIS2_PLACEMENT_3D('',#4622,#3812,#3813);
#3135=AXIS2_PLACEMENT_3D('',#4628,#3817,#3818);
#3136=AXIS2_PLACEMENT_3D('',#4634,#3822,#3823);
#3137=AXIS2_PLACEMENT_3D('',#4640,#3827,#3828);
#3138=AXIS2_PLACEMENT_3D('',#4646,#3832,#3833);
#3139=AXIS2_PLACEMENT_3D('',#4652,#3837,#3838);
#3140=AXIS2_PLACEMENT_3D('',#4654,#3839,#3840);
#3141=AXIS2_PLACEMENT_3D('',#4656,#3841,#3842);
#3142=AXIS2_PLACEMENT_3D('',#4658,#3844,#3845);
#3143=AXIS2_PLACEMENT_3D('',#4664,#3849,#3850);
#3144=AXIS2_PLACEMENT_3D('',#4670,#3854,#3855);
#3145=AXIS2_PLACEMENT_3D('',#4676,#3859,#3860);
#3146=AXIS2_PLACEMENT_3D('',#4682,#3864,#3865);
#3147=AXIS2_PLACEMENT_3D('',#4688,#3869,#3870);
#3148=AXIS2_PLACEMENT_3D('',#4694,#3874,#3875);
#3149=AXIS2_PLACEMENT_3D('',#4700,#3879,#3880);
#3150=AXIS2_PLACEMENT_3D('',#4706,#3884,#3885);
#3151=AXIS2_PLACEMENT_3D('',#4707,#3886,#3887);
#3152=AXIS2_PLACEMENT_3D('',#4708,#3888,#3889);
#3153=AXIS2_PLACEMENT_3D('',#4709,#3890,#3891);
#3154=AXIS2_PLACEMENT_3D('',#4710,#3892,#3893);
#3155=DIRECTION('axis',(0.,0.,1.));
#3156=DIRECTION('refdir',(1.,0.,0.));
#3157=DIRECTION('center_axis',(1.,0.,0.));
#3158=DIRECTION('ref_axis',(0.,1.,0.));
#3159=DIRECTION('',(0.,-1.,0.));
#3160=DIRECTION('',(0.,0.,1.));
#3161=DIRECTION('',(0.,1.,0.));
#3162=DIRECTION('',(0.,0.,1.));
#3163=DIRECTION('center_axis',(0.,-1.,0.));
#3164=DIRECTION('ref_axis',(1.,0.,0.));
#3165=DIRECTION('',(-1.,0.,0.));
#3166=DIRECTION('',(1.,0.,0.));
#3167=DIRECTION('',(0.,0.,1.));
#3168=DIRECTION('center_axis',(-1.,0.,0.));
#3169=DIRECTION('ref_axis',(0.,-1.,0.));
#3170=DIRECTION('',(0.,1.,0.));
#3171=DIRECTION('',(0.,-1.,0.));
#3172=DIRECTION('',(0.,0.,1.));
#3173=DIRECTION('center_axis',(0.,1.,0.));
#3174=DIRECTION('ref_axis',(-1.,0.,0.));
#3175=DIRECTION('',(1.,0.,0.));
#3176=DIRECTION('',(-1.,0.,0.));
#3177=DIRECTION('center_axis',(0.,-1.,0.));
#3178=DIRECTION('ref_axis',(1.,0.,0.));
#3179=DIRECTION('',(-1.,0.,0.));
#3180=DIRECTION('',(0.,0.,1.));
#3181=DIRECTION('',(1.,0.,0.));
#3182=DIRECTION('',(0.,0.,1.));
#3183=DIRECTION('center_axis',(-1.,0.,0.));
#3184=DIRECTION('ref_axis',(0.,-1.,0.));
#3185=DIRECTION('',(0.,1.,0.));
#3186=DIRECTION('',(0.,-1.,0.));
#3187=DIRECTION('',(0.,0.,1.));
#3188=DIRECTION('center_axis',(0.,1.,0.));
#3189=DIRECTION('ref_axis',(-1.,0.,0.));
#3190=DIRECTION('',(1.,0.,0.));
#3191=DIRECTION('',(-1.,0.,0.));
#3192=DIRECTION('',(0.,0.,1.));
#3193=DIRECTION('center_axis',(1.,0.,0.));
#3194=DIRECTION('ref_axis',(0.,1.,0.));
#3195=DIRECTION('',(0.,-1.,0.));
#3196=DIRECTION('',(0.,1.,0.));
#3197=DIRECTION('center_axis',(-1.,0.,0.));
#3198=DIRECTION('ref_axis',(0.,-1.,0.));
#3199=DIRECTION('',(0.,1.,0.));
#3200=DIRECTION('',(0.,0.,1.));
#3201=DIRECTION('',(0.,-1.,0.));
#3202=DIRECTION('',(0.,0.,1.));
#3203=DIRECTION('center_axis',(0.,1.,0.));
#3204=DIRECTION('ref_axis',(-1.,0.,0.));
#3205=DIRECTION('',(1.,0.,0.));
#3206=DIRECTION('',(-1.,0.,0.));
#3207=DIRECTION('',(0.,0.,1.));
#3208=DIRECTION('center_axis',(1.,0.,0.));
#3209=DIRECTION('ref_axis',(0.,1.,0.));
#3210=DIRECTION('',(0.,-1.,0.));
#3211=DIRECTION('',(0.,1.,0.));
#3212=DIRECTION('',(0.,0.,1.));
#3213=DIRECTION('center_axis',(0.,-1.,0.));
#3214=DIRECTION('ref_axis',(1.,0.,0.));
#3215=DIRECTION('',(-1.,0.,0.));
#3216=DIRECTION('',(1.,0.,0.));
#3217=DIRECTION('center_axis',(-1.,0.,0.));
#3218=DIRECTION('ref_axis',(0.,-1.,0.));
#3219=DIRECTION('',(0.,1.,0.));
#3220=DIRECTION('',(0.,0.,1.));
#3221=DIRECTION('',(0.,-1.,0.));
#3222=DIRECTION('',(0.,0.,1.));
#3223=DIRECTION('center_axis',(0.,1.,0.));
#3224=DIRECTION('ref_axis',(-1.,0.,0.));
#3225=DIRECTION('',(1.,0.,0.));
#3226=DIRECTION('',(-1.,0.,0.));
#3227=DIRECTION('',(0.,0.,1.));
#3228=DIRECTION('center_axis',(1.,0.,0.));
#3229=DIRECTION('ref_axis',(0.,1.,0.));
#3230=DIRECTION('',(0.,-1.,0.));
#3231=DIRECTION('',(0.,1.,0.));
#3232=DIRECTION('',(0.,0.,1.));
#3233=DIRECTION('center_axis',(0.,-1.,0.));
#3234=DIRECTION('ref_axis',(1.,0.,0.));
#3235=DIRECTION('',(-1.,0.,0.));
#3236=DIRECTION('',(1.,0.,0.));
#3237=DIRECTION('center_axis',(1.,0.,0.));
#3238=DIRECTION('ref_axis',(0.,1.,0.));
#3239=DIRECTION('',(0.,-1.,0.));
#3240=DIRECTION('',(0.,0.,1.));
#3241=DIRECTION('',(0.,1.,0.));
#3242=DIRECTION('',(0.,0.,1.));
#3243=DIRECTION('center_axis',(0.,-1.,0.));
#3244=DIRECTION('ref_axis',(1.,0.,0.));
#3245=DIRECTION('',(-1.,0.,0.));
#3246=DIRECTION('',(1.,0.,0.));
#3247=DIRECTION('',(0.,0.,1.));
#3248=DIRECTION('center_axis',(-1.,0.,0.));
#3249=DIRECTION('ref_axis',(0.,-1.,0.));
#3250=DIRECTION('',(0.,1.,0.));
#3251=DIRECTION('',(0.,-1.,0.));
#3252=DIRECTION('',(0.,0.,1.));
#3253=DIRECTION('center_axis',(0.,1.,0.));
#3254=DIRECTION('ref_axis',(-1.,0.,0.));
#3255=DIRECTION('',(1.,0.,0.));
#3256=DIRECTION('',(-1.,0.,0.));
#3257=DIRECTION('center_axis',(1.,0.,0.));
#3258=DIRECTION('ref_axis',(0.,1.,0.));
#3259=DIRECTION('',(0.,-1.,0.));
#3260=DIRECTION('',(0.,0.,1.));
#3261=DIRECTION('',(0.,1.,0.));
#3262=DIRECTION('',(0.,0.,1.));
#3263=DIRECTION('center_axis',(0.,-1.,0.));
#3264=DIRECTION('ref_axis',(1.,0.,0.));
#3265=DIRECTION('',(-1.,0.,0.));
#3266=DIRECTION('',(1.,0.,0.));
#3267=DIRECTION('',(0.,0.,1.));
#3268=DIRECTION('center_axis',(-1.,0.,0.));
#3269=DIRECTION('ref_axis',(0.,-1.,0.));
#3270=DIRECTION('',(0.,1.,0.));
#3271=DIRECTION('',(0.,-1.,0.));
#3272=DIRECTION('',(0.,0.,1.));
#3273=DIRECTION('center_axis',(0.,1.,0.));
#3274=DIRECTION('ref_axis',(-1.,0.,0.));
#3275=DIRECTION('',(1.,0.,0.));
#3276=DIRECTION('',(-1.,0.,0.));
#3277=DIRECTION('center_axis',(1.,0.,0.));
#3278=DIRECTION('ref_axis',(0.,1.,0.));
#3279=DIRECTION('',(0.,-1.,0.));
#3280=DIRECTION('',(0.,0.,1.));
#3281=DIRECTION('',(0.,1.,0.));
#3282=DIRECTION('',(0.,0.,1.));
#3283=DIRECTION('center_axis',(0.,-1.,0.));
#3284=DIRECTION('ref_axis',(1.,0.,0.));
#3285=DIRECTION('',(-1.,0.,0.));
#3286=DIRECTION('',(1.,0.,0.));
#3287=DIRECTION('',(0.,0.,1.));
#3288=DIRECTION('center_axis',(-1.,0.,0.));
#3289=DIRECTION('ref_axis',(0.,-1.,0.));
#3290=DIRECTION('',(0.,1.,0.));
#3291=DIRECTION('',(0.,-1.,0.));
#3292=DIRECTION('',(0.,0.,1.));
#3293=DIRECTION('center_axis',(0.,1.,0.));
#3294=DIRECTION('ref_axis',(-1.,0.,0.));
#3295=DIRECTION('',(1.,0.,0.));
#3296=DIRECTION('',(-1.,0.,0.));
#3297=DIRECTION('center_axis',(0.,0.,1.));
#3298=DIRECTION('ref_axis',(1.,0.,0.));
#3299=DIRECTION('center_axis',(0.,0.,1.));
#3300=DIRECTION('ref_axis',(1.,0.,0.));
#3301=DIRECTION('',(0.,0.,1.));
#3302=DIRECTION('center_axis',(0.,0.,-1.));
#3303=DIRECTION('ref_axis',(1.,0.,0.));
#3304=DIRECTION('center_axis',(0.,0.,1.));
#3305=DIRECTION('ref_axis',(1.,0.,0.));
#3306=DIRECTION('center_axis',(0.,0.,1.));
#3307=DIRECTION('ref_axis',(1.,0.,0.));
#3308=DIRECTION('',(0.,0.,1.));
#3309=DIRECTION('center_axis',(0.,0.,-1.));
#3310=DIRECTION('ref_axis',(1.,0.,0.));
#3311=DIRECTION('center_axis',(0.,0.,1.));
#3312=DIRECTION('ref_axis',(1.,0.,0.));
#3313=DIRECTION('center_axis',(0.,0.,1.));
#3314=DIRECTION('ref_axis',(1.,0.,0.));
#3315=DIRECTION('',(0.,0.,1.));
#3316=DIRECTION('center_axis',(0.,0.,-1.));
#3317=DIRECTION('ref_axis',(1.,0.,0.));
#3318=DIRECTION('center_axis',(0.,0.,1.));
#3319=DIRECTION('ref_axis',(1.,0.,0.));
#3320=DIRECTION('center_axis',(0.,0.,1.));
#3321=DIRECTION('ref_axis',(1.,0.,0.));
#3322=DIRECTION('',(0.,0.,1.));
#3323=DIRECTION('center_axis',(0.,0.,-1.));
#3324=DIRECTION('ref_axis',(1.,0.,0.));
#3325=DIRECTION('center_axis',(0.,0.,1.));
#3326=DIRECTION('ref_axis',(1.,0.,0.));
#3327=DIRECTION('center_axis',(0.,0.,1.));
#3328=DIRECTION('ref_axis',(1.,0.,0.));
#3329=DIRECTION('',(0.,0.,1.));
#3330=DIRECTION('center_axis',(0.,0.,-1.));
#3331=DIRECTION('ref_axis',(1.,0.,0.));
#3332=DIRECTION('center_axis',(0.,0.,1.));
#3333=DIRECTION('ref_axis',(1.,0.,0.));
#3334=DIRECTION('center_axis',(0.,0.,1.));
#3335=DIRECTION('ref_axis',(1.,0.,0.));
#3336=DIRECTION('',(0.,0.,1.));
#3337=DIRECTION('center_axis',(0.,0.,-1.));
#3338=DIRECTION('ref_axis',(1.,0.,0.));
#3339=DIRECTION('center_axis',(0.,0.,1.));
#3340=DIRECTION('ref_axis',(1.,0.,0.));
#3341=DIRECTION('center_axis',(0.,0.,1.));
#3342=DIRECTION('ref_axis',(1.,0.,0.));
#3343=DIRECTION('',(0.,0.,1.));
#3344=DIRECTION('center_axis',(0.,0.,-1.));
#3345=DIRECTION('ref_axis',(1.,0.,0.));
#3346=DIRECTION('center_axis',(0.,0.,1.));
#3347=DIRECTION('ref_axis',(1.,0.,0.));
#3348=DIRECTION('center_axis',(0.,0.,1.));
#3349=DIRECTION('ref_axis',(1.,0.,0.));
#3350=DIRECTION('',(0.,0.,1.));
#3351=DIRECTION('center_axis',(0.,0.,-1.));
#3352=DIRECTION('ref_axis',(1.,0.,0.));
#3353=DIRECTION('center_axis',(0.,0.,1.));
#3354=DIRECTION('ref_axis',(1.,0.,0.));
#3355=DIRECTION('center_axis',(0.,0.,1.));
#3356=DIRECTION('ref_axis',(1.,0.,0.));
#3357=DIRECTION('',(0.,0.,1.));
#3358=DIRECTION('center_axis',(0.,0.,-1.));
#3359=DIRECTION('ref_axis',(1.,0.,0.));
#3360=DIRECTION('center_axis',(0.,0.,1.));
#3361=DIRECTION('ref_axis',(1.,0.,0.));
#3362=DIRECTION('center_axis',(0.,0.,1.));
#3363=DIRECTION('ref_axis',(1.,0.,0.));
#3364=DIRECTION('',(0.,0.,1.));
#3365=DIRECTION('center_axis',(0.,0.,-1.));
#3366=DIRECTION('ref_axis',(1.,0.,0.));
#3367=DIRECTION('center_axis',(0.,0.,1.));
#3368=DIRECTION('ref_axis',(1.,0.,0.));
#3369=DIRECTION('center_axis',(0.,0.,1.));
#3370=DIRECTION('ref_axis',(1.,0.,0.));
#3371=DIRECTION('',(0.,0.,1.));
#3372=DIRECTION('center_axis',(0.,0.,-1.));
#3373=DIRECTION('ref_axis',(1.,0.,0.));
#3374=DIRECTION('center_axis',(0.,0.,1.));
#3375=DIRECTION('ref_axis',(1.,0.,0.));
#3376=DIRECTION('center_axis',(0.,0.,1.));
#3377=DIRECTION('ref_axis',(1.,0.,0.));
#3378=DIRECTION('',(0.,0.,1.));
#3379=DIRECTION('center_axis',(0.,0.,-1.));
#3380=DIRECTION('ref_axis',(1.,0.,0.));
#3381=DIRECTION('center_axis',(0.,0.,1.));
#3382=DIRECTION('ref_axis',(1.,0.,0.));
#3383=DIRECTION('center_axis',(0.,0.,1.));
#3384=DIRECTION('ref_axis',(1.,0.,0.));
#3385=DIRECTION('',(0.,0.,1.));
#3386=DIRECTION('center_axis',(0.,0.,-1.));
#3387=DIRECTION('ref_axis',(1.,0.,0.));
#3388=DIRECTION('center_axis',(0.,0.,1.));
#3389=DIRECTION('ref_axis',(1.,0.,0.));
#3390=DIRECTION('center_axis',(0.,0.,1.));
#3391=DIRECTION('ref_axis',(1.,0.,0.));
#3392=DIRECTION('',(0.,0.,1.));
#3393=DIRECTION('center_axis',(0.,0.,-1.));
#3394=DIRECTION('ref_axis',(1.,0.,0.));
#3395=DIRECTION('center_axis',(1.,0.,0.));
#3396=DIRECTION('ref_axis',(0.,1.,0.));
#3397=DIRECTION('',(0.,-1.,0.));
#3398=DIRECTION('',(0.,0.,1.));
#3399=DIRECTION('',(0.,1.,0.));
#3400=DIRECTION('',(0.,0.,1.));
#3401=DIRECTION('center_axis',(0.,-1.,0.));
#3402=DIRECTION('ref_axis',(1.,0.,0.));
#3403=DIRECTION('',(-1.,0.,0.));
#3404=DIRECTION('',(1.,0.,0.));
#3405=DIRECTION('',(0.,0.,1.));
#3406=DIRECTION('center_axis',(-1.,0.,0.));
#3407=DIRECTION('ref_axis',(0.,-1.,0.));
#3408=DIRECTION('',(0.,1.,0.));
#3409=DIRECTION('',(0.,-1.,0.));
#3410=DIRECTION('',(0.,0.,1.));
#3411=DIRECTION('center_axis',(0.,1.,0.));
#3412=DIRECTION('ref_axis',(-1.,0.,0.));
#3413=DIRECTION('',(1.,0.,0.));
#3414=DIRECTION('',(-1.,0.,0.));
#3415=DIRECTION('center_axis',(1.,0.,0.));
#3416=DIRECTION('ref_axis',(0.,1.,0.));
#3417=DIRECTION('',(0.,-1.,0.));
#3418=DIRECTION('',(0.,0.,1.));
#3419=DIRECTION('',(0.,1.,0.));
#3420=DIRECTION('',(0.,0.,1.));
#3421=DIRECTION('center_axis',(0.,-1.,0.));
#3422=DIRECTION('ref_axis',(1.,0.,0.));
#3423=DIRECTION('',(-1.,0.,0.));
#3424=DIRECTION('',(1.,0.,0.));
#3425=DIRECTION('',(0.,0.,1.));
#3426=DIRECTION('center_axis',(-1.,0.,0.));
#3427=DIRECTION('ref_axis',(0.,-1.,0.));
#3428=DIRECTION('',(0.,1.,0.));
#3429=DIRECTION('',(0.,-1.,0.));
#3430=DIRECTION('',(0.,0.,1.));
#3431=DIRECTION('center_axis',(0.,1.,0.));
#3432=DIRECTION('ref_axis',(-1.,0.,0.));
#3433=DIRECTION('',(1.,0.,0.));
#3434=DIRECTION('',(-1.,0.,0.));
#3435=DIRECTION('center_axis',(1.,0.,0.));
#3436=DIRECTION('ref_axis',(0.,1.,0.));
#3437=DIRECTION('',(0.,-1.,0.));
#3438=DIRECTION('',(0.,0.,1.));
#3439=DIRECTION('',(0.,1.,0.));
#3440=DIRECTION('',(0.,0.,1.));
#3441=DIRECTION('center_axis',(0.,-1.,0.));
#3442=DIRECTION('ref_axis',(1.,0.,0.));
#3443=DIRECTION('',(-1.,0.,0.));
#3444=DIRECTION('',(1.,0.,0.));
#3445=DIRECTION('',(0.,0.,1.));
#3446=DIRECTION('center_axis',(-1.,0.,0.));
#3447=DIRECTION('ref_axis',(0.,-1.,0.));
#3448=DIRECTION('',(0.,1.,0.));
#3449=DIRECTION('',(0.,-1.,0.));
#3450=DIRECTION('',(0.,0.,1.));
#3451=DIRECTION('center_axis',(0.,1.,0.));
#3452=DIRECTION('ref_axis',(-1.,0.,0.));
#3453=DIRECTION('',(1.,0.,0.));
#3454=DIRECTION('',(-1.,0.,0.));
#3455=DIRECTION('center_axis',(0.,-1.,0.));
#3456=DIRECTION('ref_axis',(1.,0.,0.));
#3457=DIRECTION('',(-1.,0.,0.));
#3458=DIRECTION('',(0.,0.,1.));
#3459=DIRECTION('',(1.,0.,0.));
#3460=DIRECTION('',(0.,0.,1.));
#3461=DIRECTION('center_axis',(-1.,0.,0.));
#3462=DIRECTION('ref_axis',(0.,-1.,0.));
#3463=DIRECTION('',(0.,1.,0.));
#3464=DIRECTION('',(0.,-1.,0.));
#3465=DIRECTION('',(0.,0.,1.));
#3466=DIRECTION('center_axis',(0.,1.,0.));
#3467=DIRECTION('ref_axis',(-1.,0.,0.));
#3468=DIRECTION('',(1.,0.,0.));
#3469=DIRECTION('',(-1.,0.,0.));
#3470=DIRECTION('',(0.,0.,1.));
#3471=DIRECTION('center_axis',(1.,0.,0.));
#3472=DIRECTION('ref_axis',(0.,1.,0.));
#3473=DIRECTION('',(0.,-1.,0.));
#3474=DIRECTION('',(0.,1.,0.));
#3475=DIRECTION('center_axis',(0.,-1.,0.));
#3476=DIRECTION('ref_axis',(1.,0.,0.));
#3477=DIRECTION('',(-1.,0.,0.));
#3478=DIRECTION('',(0.,0.,1.));
#3479=DIRECTION('',(1.,0.,0.));
#3480=DIRECTION('',(0.,0.,1.));
#3481=DIRECTION('center_axis',(-1.,0.,0.));
#3482=DIRECTION('ref_axis',(0.,-1.,0.));
#3483=DIRECTION('',(0.,1.,0.));
#3484=DIRECTION('',(0.,-1.,0.));
#3485=DIRECTION('',(0.,0.,1.));
#3486=DIRECTION('center_axis',(0.,1.,0.));
#3487=DIRECTION('ref_axis',(-1.,0.,0.));
#3488=DIRECTION('',(1.,0.,0.));
#3489=DIRECTION('',(-1.,0.,0.));
#3490=DIRECTION('',(0.,0.,1.));
#3491=DIRECTION('center_axis',(1.,0.,0.));
#3492=DIRECTION('ref_axis',(0.,1.,0.));
#3493=DIRECTION('',(0.,-1.,0.));
#3494=DIRECTION('',(0.,1.,0.));
#3495=DIRECTION('center_axis',(0.,-1.,0.));
#3496=DIRECTION('ref_axis',(1.,0.,0.));
#3497=DIRECTION('',(-1.,0.,0.));
#3498=DIRECTION('',(0.,0.,1.));
#3499=DIRECTION('',(1.,0.,0.));
#3500=DIRECTION('',(0.,0.,1.));
#3501=DIRECTION('center_axis',(-1.,0.,0.));
#3502=DIRECTION('ref_axis',(0.,-1.,0.));
#3503=DIRECTION('',(0.,1.,0.));
#3504=DIRECTION('',(0.,-1.,0.));
#3505=DIRECTION('',(0.,0.,1.));
#3506=DIRECTION('center_axis',(0.,1.,0.));
#3507=DIRECTION('ref_axis',(-1.,0.,0.));
#3508=DIRECTION('',(1.,0.,0.));
#3509=DIRECTION('',(-1.,0.,0.));
#3510=DIRECTION('',(0.,0.,1.));
#3511=DIRECTION('center_axis',(1.,0.,0.));
#3512=DIRECTION('ref_axis',(0.,1.,0.));
#3513=DIRECTION('',(0.,-1.,0.));
#3514=DIRECTION('',(0.,1.,0.));
#3515=DIRECTION('center_axis',(0.,0.,1.));
#3516=DIRECTION('ref_axis',(-1.,0.,0.));
#3517=DIRECTION('',(0.,0.,-1.));
#3518=DIRECTION('center_axis',(0.,0.,-1.));
#3519=DIRECTION('ref_axis',(-1.,0.,0.));
#3520=DIRECTION('',(0.,0.,1.));
#3521=DIRECTION('center_axis',(0.,0.,1.));
#3522=DIRECTION('ref_axis',(-1.,0.,0.));
#3523=DIRECTION('center_axis',(0.,1.,0.));
#3524=DIRECTION('ref_axis',(-1.,0.,0.));
#3525=DIRECTION('',(-1.,0.,0.));
#3526=DIRECTION('',(0.,0.,1.));
#3527=DIRECTION('',(-1.,0.,0.));
#3528=DIRECTION('center_axis',(0.,0.,1.));
#3529=DIRECTION('ref_axis',(1.,0.,0.));
#3530=DIRECTION('',(-1.,0.,0.));
#3531=DIRECTION('center_axis',(0.,0.,1.));
#3532=DIRECTION('ref_axis',(1.,0.,0.));
#3533=DIRECTION('',(0.,1.,0.));
#3534=DIRECTION('',(-0.447213536856739,-0.894427220321523,0.));
#3535=DIRECTION('',(0.,-1.,0.));
#3536=DIRECTION('',(0.707106723234625,-0.707106839138466,0.));
#3537=DIRECTION('',(0.,1.,0.));
#3538=DIRECTION('',(0.447213536856741,0.894427220321522,0.));
#3539=DIRECTION('center_axis',(0.,0.,1.));
#3540=DIRECTION('ref_axis',(-0.707106781186547,-0.707106781186548,0.));
#3541=DIRECTION('',(0.707106781186548,-0.707106781186547,0.));
#3542=DIRECTION('',(1.,-3.1720657361933E-17,0.));
#3543=DIRECTION('',(0.707106781077876,0.707106781295219,0.));
#3544=DIRECTION('center_axis',(0.,0.,1.));
#3545=DIRECTION('ref_axis',(-0.894427190999916,-0.447213595499959,0.));
#3546=DIRECTION('',(0.447213595499958,-0.894427190999916,0.));
#3547=DIRECTION('',(4.21603680237401E-17,-1.,0.));
#3548=DIRECTION('',(0.707106781186548,0.707106781186548,0.));
#3549=DIRECTION('',(0.,1.,0.));
#3550=DIRECTION('',(-0.447213595499958,0.894427190999916,0.));
#3551=DIRECTION('',(4.21603680237401E-17,-1.,0.));
#3552=DIRECTION('center_axis',(0.,0.,1.));
#3553=DIRECTION('ref_axis',(0.,1.,0.));
#3554=DIRECTION('center_axis',(0.,1.,0.));
#3555=DIRECTION('ref_axis',(-1.,0.,0.));
#3556=DIRECTION('',(-1.,0.,0.));
#3557=DIRECTION('',(0.,0.,1.));
#3558=DIRECTION('center_axis',(0.,0.,1.));
#3559=DIRECTION('ref_axis',(1.,0.,0.));
#3560=DIRECTION('center_axis',(0.,0.,1.));
#3561=DIRECTION('ref_axis',(1.,0.,0.));
#3562=DIRECTION('',(0.,0.,1.));
#3563=DIRECTION('center_axis',(1.,0.,0.));
#3564=DIRECTION('ref_axis',(0.,1.,0.));
#3565=DIRECTION('',(0.,1.,0.));
#3566=DIRECTION('',(0.,0.,1.));
#3567=DIRECTION('center_axis',(0.894427220321523,-0.447213536856739,0.));
#3568=DIRECTION('ref_axis',(0.447213536856739,0.894427220321523,0.));
#3569=DIRECTION('',(0.447213536856739,0.894427220321523,0.));
#3570=DIRECTION('',(0.,0.,1.));
#3571=DIRECTION('center_axis',(1.,0.,0.));
#3572=DIRECTION('ref_axis',(0.,1.,0.));
#3573=DIRECTION('',(0.,1.,0.));
#3574=DIRECTION('',(0.,0.,1.));
#3575=DIRECTION('center_axis',(0.707106839138466,0.707106723234625,0.));
#3576=DIRECTION('ref_axis',(-0.707106723234625,0.707106839138466,0.));
#3577=DIRECTION('',(-0.707106723234625,0.707106839138466,0.));
#3578=DIRECTION('',(0.,0.,1.));
#3579=DIRECTION('center_axis',(1.,0.,0.));
#3580=DIRECTION('ref_axis',(0.,1.,0.));
#3581=DIRECTION('',(0.,1.,0.));
#3582=DIRECTION('',(0.,0.,1.));
#3583=DIRECTION('center_axis',(0.894427220321522,-0.447213536856741,0.));
#3584=DIRECTION('ref_axis',(0.447213536856741,0.894427220321522,0.));
#3585=DIRECTION('',(0.447213536856741,0.894427220321522,0.));
#3586=DIRECTION('',(0.,0.,1.));
#3587=DIRECTION('center_axis',(0.,0.,1.));
#3588=DIRECTION('ref_axis',(-0.707106781186547,-0.707106781186548,0.));
#3589=DIRECTION('center_axis',(0.,0.,1.));
#3590=DIRECTION('ref_axis',(-0.707106781186547,-0.707106781186548,0.));
#3591=DIRECTION('',(0.,0.,1.));
#3592=DIRECTION('center_axis',(-0.707106781186547,-0.707106781186548,0.));
#3593=DIRECTION('ref_axis',(0.707106781186548,-0.707106781186547,0.));
#3594=DIRECTION('',(0.707106781186548,-0.707106781186547,0.));
#3595=DIRECTION('',(0.,0.,1.));
#3596=DIRECTION('center_axis',(-3.1720657361933E-17,-1.,0.));
#3597=DIRECTION('ref_axis',(1.,-3.1720657361933E-17,0.));
#3598=DIRECTION('',(1.,-3.1720657361933E-17,0.));
#3599=DIRECTION('',(0.,0.,1.));
#3600=DIRECTION('center_axis',(0.707106781295219,-0.707106781077876,0.));
#3601=DIRECTION('ref_axis',(0.707106781077876,0.707106781295219,0.));
#3602=DIRECTION('',(0.707106781077876,0.707106781295219,0.));
#3603=DIRECTION('',(0.,0.,1.));
#3604=DIRECTION('center_axis',(0.,0.,1.));
#3605=DIRECTION('ref_axis',(-0.894427190999916,-0.447213595499959,0.));
#3606=DIRECTION('center_axis',(0.,0.,1.));
#3607=DIRECTION('ref_axis',(-0.894427190999916,-0.447213595499959,0.));
#3608=DIRECTION('',(0.,0.,1.));
#3609=DIRECTION('center_axis',(-0.894427190999916,-0.447213595499958,0.));
#3610=DIRECTION('ref_axis',(0.447213595499958,-0.894427190999916,0.));
#3611=DIRECTION('',(0.447213595499958,-0.894427190999916,0.));
#3612=DIRECTION('',(0.,0.,1.));
#3613=DIRECTION('center_axis',(-1.,-4.21603680237401E-17,0.));
#3614=DIRECTION('ref_axis',(4.21603680237401E-17,-1.,0.));
#3615=DIRECTION('',(4.21603680237401E-17,-1.,0.));
#3616=DIRECTION('',(0.,0.,1.));
#3617=DIRECTION('center_axis',(-0.707106781186548,0.707106781186548,0.));
#3618=DIRECTION('ref_axis',(-0.707106781186548,-0.707106781186548,0.));
#3619=DIRECTION('',(-0.707106781186548,-0.707106781186548,0.));
#3620=DIRECTION('',(0.,0.,1.));
#3621=DIRECTION('center_axis',(-1.,0.,0.));
#3622=DIRECTION('ref_axis',(0.,-1.,0.));
#3623=DIRECTION('',(0.,-1.,0.));
#3624=DIRECTION('',(0.,0.,1.));
#3625=DIRECTION('center_axis',(-0.894427190999916,-0.447213595499958,0.));
#3626=DIRECTION('ref_axis',(0.447213595499958,-0.894427190999916,0.));
#3627=DIRECTION('',(0.447213595499958,-0.894427190999916,0.));
#3628=DIRECTION('',(0.,0.,1.));
#3629=DIRECTION('center_axis',(-1.,-4.21603680237401E-17,0.));
#3630=DIRECTION('ref_axis',(4.21603680237401E-17,-1.,0.));
#3631=DIRECTION('',(4.21603680237401E-17,-1.,0.));
#3632=DIRECTION('',(0.,0.,1.));
#3633=DIRECTION('center_axis',(0.,0.,1.));
#3634=DIRECTION('ref_axis',(0.,1.,0.));
#3635=DIRECTION('center_axis',(0.,0.,1.));
#3636=DIRECTION('ref_axis',(0.,1.,0.));
#3637=DIRECTION('center_axis',(0.,0.,1.));
#3638=DIRECTION('ref_axis',(1.,0.,0.));
#3639=DIRECTION('center_axis',(1.,0.,0.));
#3640=DIRECTION('ref_axis',(0.,1.,0.));
#3641=DIRECTION('',(0.,1.,0.));
#3642=DIRECTION('',(0.,0.,1.));
#3643=DIRECTION('',(0.,1.,0.));
#3644=DIRECTION('',(0.,0.,1.));
#3645=DIRECTION('center_axis',(0.,-1.,0.));
#3646=DIRECTION('ref_axis',(1.,0.,0.));
#3647=DIRECTION('',(1.,0.,0.));
#3648=DIRECTION('',(1.,0.,0.));
#3649=DIRECTION('',(0.,0.,1.));
#3650=DIRECTION('center_axis',(-1.,0.,0.));
#3651=DIRECTION('ref_axis',(0.,-1.,0.));
#3652=DIRECTION('',(0.,-1.,0.));
#3653=DIRECTION('',(0.,-1.,0.));
#3654=DIRECTION('',(0.,0.,1.));
#3655=DIRECTION('center_axis',(0.,0.,1.));
#3656=DIRECTION('ref_axis',(1.,9.25185840067954E-17,0.));
#3657=DIRECTION('center_axis',(0.,0.,1.));
#3658=DIRECTION('ref_axis',(1.,9.25185840067954E-17,0.));
#3659=DIRECTION('center_axis',(0.,0.,-1.));
#3660=DIRECTION('ref_axis',(1.,9.25185840067954E-17,0.));
#3661=DIRECTION('',(0.,0.,1.));
#3662=DIRECTION('center_axis',(0.,-1.,0.));
#3663=DIRECTION('ref_axis',(1.,0.,0.));
#3664=DIRECTION('',(1.,0.,0.));
#3665=DIRECTION('',(1.,0.,0.));
#3666=DIRECTION('',(0.,0.,1.));
#3667=DIRECTION('center_axis',(-1.,0.,0.));
#3668=DIRECTION('ref_axis',(0.,-1.,0.));
#3669=DIRECTION('',(0.,-1.,0.));
#3670=DIRECTION('',(0.,-1.,0.));
#3671=DIRECTION('',(0.,0.,1.));
#3672=DIRECTION('center_axis',(0.,0.,1.));
#3673=DIRECTION('ref_axis',(0.,-1.,0.));
#3674=DIRECTION('center_axis',(0.,0.,1.));
#3675=DIRECTION('ref_axis',(0.,-1.,0.));
#3676=DIRECTION('center_axis',(0.,0.,-1.));
#3677=DIRECTION('ref_axis',(0.,-1.,0.));
#3678=DIRECTION('',(0.,0.,1.));
#3679=DIRECTION('center_axis',(0.,1.,0.));
#3680=DIRECTION('ref_axis',(-1.,0.,0.));
#3681=DIRECTION('',(1.,0.,0.));
#3682=DIRECTION('',(-1.,0.,0.));
#3683=DIRECTION('',(0.,0.,1.));
#3684=DIRECTION('center_axis',(0.,0.,1.));
#3685=DIRECTION('ref_axis',(-0.999995810973495,0.00289448362622807,0.));
#3686=DIRECTION('center_axis',(0.,0.,1.));
#3687=DIRECTION('ref_axis',(-0.999995810973495,0.00289448362622807,0.));
#3688=DIRECTION('center_axis',(0.,0.,-1.));
#3689=DIRECTION('ref_axis',(-0.999995810973495,0.00289448362622807,0.));
#3690=DIRECTION('center_axis',(0.,0.,1.));
#3691=DIRECTION('ref_axis',(1.,0.,0.));
#3692=DIRECTION('center_axis',(0.,0.,1.));
#3693=DIRECTION('ref_axis',(1.,0.,0.));
#3694=DIRECTION('center_axis',(0.922202063279799,0.386708358433693,0.));
#3695=DIRECTION('ref_axis',(-0.386708358433693,0.922202063279799,0.));
#3696=DIRECTION('',(0.386708358433693,-0.922202063279799,0.));
#3697=DIRECTION('',(0.,0.,1.));
#3698=DIRECTION('',(-0.386708358433693,0.922202063279799,0.));
#3699=DIRECTION('',(0.,0.,1.));
#3700=DIRECTION('center_axis',(0.,1.,0.));
#3701=DIRECTION('ref_axis',(-1.,0.,0.));
#3702=DIRECTION('',(1.,0.,0.));
#3703=DIRECTION('',(-1.,0.,0.));
#3704=DIRECTION('',(0.,0.,1.));
#3705=DIRECTION('center_axis',(-0.917926727123693,0.396749951016992,0.));
#3706=DIRECTION('ref_axis',(-0.396749951016992,-0.917926727123693,0.));
#3707=DIRECTION('',(0.396749951016992,0.917926727123693,0.));
#3708=DIRECTION('',(-0.396749951016992,-0.917926727123693,0.));
#3709=DIRECTION('',(0.,0.,1.));
#3710=DIRECTION('center_axis',(-1.,0.,0.));
#3711=DIRECTION('ref_axis',(0.,-1.,0.));
#3712=DIRECTION('',(0.,1.,0.));
#3713=DIRECTION('',(0.,-1.,0.));
#3714=DIRECTION('',(0.,0.,1.));
#3715=DIRECTION('center_axis',(-0.707106781186548,-0.707106781186548,0.));
#3716=DIRECTION('ref_axis',(0.707106781186548,-0.707106781186548,0.));
#3717=DIRECTION('',(-0.707106781186548,0.707106781186548,0.));
#3718=DIRECTION('',(0.707106781186548,-0.707106781186548,0.));
#3719=DIRECTION('',(0.,0.,1.));
#3720=DIRECTION('center_axis',(0.,-1.,0.));
#3721=DIRECTION('ref_axis',(1.,0.,0.));
#3722=DIRECTION('',(-1.,0.,0.));
#3723=DIRECTION('',(1.,0.,0.));
#3724=DIRECTION('',(0.,0.,1.));
#3725=DIRECTION('center_axis',(0.832050294337844,-0.554700196225229,0.));
#3726=DIRECTION('ref_axis',(0.554700196225229,0.832050294337844,0.));
#3727=DIRECTION('',(-0.554700196225229,-0.832050294337844,0.));
#3728=DIRECTION('',(0.554700196225229,0.832050294337844,0.));
#3729=DIRECTION('',(0.,0.,1.));
#3730=DIRECTION('center_axis',(1.,0.,0.));
#3731=DIRECTION('ref_axis',(0.,1.,0.));
#3732=DIRECTION('',(0.,-1.,0.));
#3733=DIRECTION('',(0.,1.,0.));
#3734=DIRECTION('center_axis',(0.576794885490714,0.816889013313164,0.));
#3735=DIRECTION('ref_axis',(-0.816889013313164,0.576794885490714,0.));
#3736=DIRECTION('',(0.816889013313164,-0.576794885490714,0.));
#3737=DIRECTION('',(0.,0.,1.));
#3738=DIRECTION('',(-0.816889013313164,0.576794885490714,0.));
#3739=DIRECTION('',(0.,0.,1.));
#3740=DIRECTION('center_axis',(0.,1.,0.));
#3741=DIRECTION('ref_axis',(-1.,0.,0.));
#3742=DIRECTION('',(1.,0.,0.));
#3743=DIRECTION('',(-1.,0.,0.));
#3744=DIRECTION('',(0.,0.,1.));
#3745=DIRECTION('center_axis',(-0.5929561052671,0.805234783914897,0.));
#3746=DIRECTION('ref_axis',(-0.805234783914897,-0.5929561052671,0.));
#3747=DIRECTION('',(0.805234783914897,0.5929561052671,0.));
#3748=DIRECTION('',(-0.805234783914897,-0.5929561052671,0.));
#3749=DIRECTION('',(0.,0.,1.));
#3750=DIRECTION('center_axis',(-0.99654575824488,-0.0830454798537391,0.));
#3751=DIRECTION('ref_axis',(0.0830454798537391,-0.99654575824488,0.));
#3752=DIRECTION('',(-0.0830454798537391,0.99654575824488,0.));
#3753=DIRECTION('',(0.0830454798537391,-0.99654575824488,0.));
#3754=DIRECTION('',(0.,0.,1.));
#3755=DIRECTION('center_axis',(-0.650261007779447,-0.759710880375988,0.));
#3756=DIRECTION('ref_axis',(0.759710880375988,-0.650261007779447,0.));
#3757=DIRECTION('',(-0.759710880375988,0.650261007779447,0.));
#3758=DIRECTION('',(0.759710880375988,-0.650261007779447,0.));
#3759=DIRECTION('',(0.,0.,1.));
#3760=DIRECTION('center_axis',(0.,-1.,0.));
#3761=DIRECTION('ref_axis',(1.,0.,0.));
#3762=DIRECTION('',(-1.,0.,0.));
#3763=DIRECTION('',(1.,0.,0.));
#3764=DIRECTION('',(0.,0.,1.));
#3765=DIRECTION('center_axis',(0.759710880375988,-0.650261007779447,0.));
#3766=DIRECTION('ref_axis',(0.650261007779447,0.759710880375988,0.));
#3767=DIRECTION('',(-0.650261007779447,-0.759710880375988,0.));
#3768=DIRECTION('',(0.650261007779447,0.759710880375988,0.));
#3769=DIRECTION('',(0.,0.,1.));
#3770=DIRECTION('center_axis',(1.,0.,0.));
#3771=DIRECTION('ref_axis',(0.,1.,0.));
#3772=DIRECTION('',(0.,-1.,0.));
#3773=DIRECTION('',(0.,1.,0.));
#3774=DIRECTION('center_axis',(0.,0.,1.));
#3775=DIRECTION('ref_axis',(-0.829587747619414,-0.558376368589992,0.));
#3776=DIRECTION('center_axis',(0.,0.,1.));
#3777=DIRECTION('ref_axis',(-0.829587747619414,-0.558376368589992,0.));
#3778=DIRECTION('',(0.,0.,1.));
#3779=DIRECTION('center_axis',(0.,0.,-1.));
#3780=DIRECTION('ref_axis',(-0.829587747619414,-0.558376368589992,0.));
#3781=DIRECTION('',(0.,0.,1.));
#3782=DIRECTION('center_axis',(-0.924773813251632,-0.380517272044301,0.));
#3783=DIRECTION('ref_axis',(0.380517272044301,-0.924773813251632,0.));
#3784=DIRECTION('',(0.380517272044301,-0.924773813251632,0.));
#3785=DIRECTION('',(0.380517272044301,-0.924773813251632,0.));
#3786=DIRECTION('',(0.,0.,1.));
#3787=DIRECTION('center_axis',(0.,-1.,0.));
#3788=DIRECTION('ref_axis',(1.,0.,0.));
#3789=DIRECTION('',(1.,0.,0.));
#3790=DIRECTION('',(1.,0.,0.));
#3791=DIRECTION('',(0.,0.,1.));
#3792=DIRECTION('center_axis',(0.911892717512821,-0.410428643916433,0.));
#3793=DIRECTION('ref_axis',(0.410428643916433,0.911892717512821,0.));
#3794=DIRECTION('',(0.410428643916433,0.911892717512821,0.));
#3795=DIRECTION('',(0.410428643916433,0.911892717512821,0.));
#3796=DIRECTION('center_axis',(1.,0.,0.));
#3797=DIRECTION('ref_axis',(0.,1.,0.));
#3798=DIRECTION('',(0.,-1.,0.));
#3799=DIRECTION('',(0.,0.,1.));
#3800=DIRECTION('',(0.,1.,0.));
#3801=DIRECTION('',(0.,0.,1.));
#3802=DIRECTION('center_axis',(0.719131331891695,-0.694874181051272,0.));
#3803=DIRECTION('ref_axis',(0.694874181051272,0.719131331891695,0.));
#3804=DIRECTION('',(-0.694874181051272,-0.719131331891695,0.));
#3805=DIRECTION('',(0.694874181051272,0.719131331891695,0.));
#3806=DIRECTION('',(0.,0.,1.));
#3807=DIRECTION('center_axis',(0.823239169530937,0.567694697658885,0.));
#3808=DIRECTION('ref_axis',(-0.567694697658885,0.823239169530937,0.));
#3809=DIRECTION('',(0.567694697658885,-0.823239169530937,0.));
#3810=DIRECTION('',(-0.567694697658885,0.823239169530937,0.));
#3811=DIRECTION('',(0.,0.,1.));
#3812=DIRECTION('center_axis',(1.,0.,0.));
#3813=DIRECTION('ref_axis',(0.,1.,0.));
#3814=DIRECTION('',(0.,-1.,0.));
#3815=DIRECTION('',(0.,1.,0.));
#3816=DIRECTION('',(0.,0.,1.));
#3817=DIRECTION('center_axis',(0.397929111017568,-0.917416166526821,0.));
#3818=DIRECTION('ref_axis',(0.917416166526821,0.397929111017568,0.));
#3819=DIRECTION('',(-0.917416166526821,-0.397929111017568,0.));
#3820=DIRECTION('',(0.917416166526821,0.397929111017568,0.));
#3821=DIRECTION('',(0.,0.,1.));
#3822=DIRECTION('center_axis',(0.581238193719096,0.813733471206735,0.));
#3823=DIRECTION('ref_axis',(-0.813733471206735,0.581238193719096,0.));
#3824=DIRECTION('',(0.813733471206735,-0.581238193719096,0.));
#3825=DIRECTION('',(-0.813733471206735,0.581238193719096,0.));
#3826=DIRECTION('',(0.,0.,1.));
#3827=DIRECTION('center_axis',(0.999792925406069,0.0203496021576712,0.));
#3828=DIRECTION('ref_axis',(-0.0203496021576712,0.999792925406069,0.));
#3829=DIRECTION('',(0.0203496021576712,-0.999792925406068,0.));
#3830=DIRECTION('',(-0.0203496021576712,0.999792925406068,0.));
#3831=DIRECTION('',(0.,0.,1.));
#3832=DIRECTION('center_axis',(0.,-1.,0.));
#3833=DIRECTION('ref_axis',(1.,0.,0.));
#3834=DIRECTION('',(1.,0.,0.));
#3835=DIRECTION('',(1.,0.,0.));
#3836=DIRECTION('',(0.,0.,1.));
#3837=DIRECTION('center_axis',(0.,0.,1.));
#3838=DIRECTION('ref_axis',(-0.997609648027789,0.0691013036191793,0.));
#3839=DIRECTION('center_axis',(0.,0.,1.));
#3840=DIRECTION('ref_axis',(-0.997609648027789,0.0691013036191793,0.));
#3841=DIRECTION('center_axis',(0.,0.,1.));
#3842=DIRECTION('ref_axis',(-0.997609648027789,0.0691013036191793,0.));
#3843=DIRECTION('',(0.,0.,1.));
#3844=DIRECTION('center_axis',(0.,-1.,0.));
#3845=DIRECTION('ref_axis',(1.,0.,0.));
#3846=DIRECTION('',(-1.,0.,0.));
#3847=DIRECTION('',(1.,0.,0.));
#3848=DIRECTION('',(0.,0.,1.));
#3849=DIRECTION('center_axis',(-1.,0.,0.));
#3850=DIRECTION('ref_axis',(0.,-1.,0.));
#3851=DIRECTION('',(0.,1.,0.));
#3852=DIRECTION('',(0.,-1.,0.));
#3853=DIRECTION('',(0.,0.,1.));
#3854=DIRECTION('center_axis',(-0.734073524872199,0.679069996452283,0.));
#3855=DIRECTION('ref_axis',(-0.679069996452283,-0.734073524872199,0.));
#3856=DIRECTION('',(0.679069996452283,0.734073524872199,0.));
#3857=DIRECTION('',(-0.679069996452283,-0.734073524872199,0.));
#3858=DIRECTION('',(0.,0.,1.));
#3859=DIRECTION('center_axis',(-0.475933140958254,-0.879481463896546,0.));
#3860=DIRECTION('ref_axis',(0.879481463896546,-0.475933140958254,0.));
#3861=DIRECTION('',(-0.879481463896546,0.475933140958254,0.));
#3862=DIRECTION('',(0.879481463896546,-0.475933140958254,0.));
#3863=DIRECTION('',(0.,0.,1.));
#3864=DIRECTION('center_axis',(-1.,0.,0.));
#3865=DIRECTION('ref_axis',(0.,-1.,0.));
#3866=DIRECTION('',(0.,1.,0.));
#3867=DIRECTION('',(0.,-1.,0.));
#3868=DIRECTION('',(0.,0.,1.));
#3869=DIRECTION('center_axis',(-0.698338880645102,0.715767286049974,0.));
#3870=DIRECTION('ref_axis',(-0.715767286049974,-0.698338880645102,0.));
#3871=DIRECTION('',(0.715767286049974,0.698338880645102,0.));
#3872=DIRECTION('',(-0.715767286049974,-0.698338880645102,0.));
#3873=DIRECTION('',(0.,0.,1.));
#3874=DIRECTION('center_axis',(-0.6384778104793,-0.769640231228566,0.));
#3875=DIRECTION('ref_axis',(0.769640231228566,-0.6384778104793,0.));
#3876=DIRECTION('',(-0.769640231228566,0.6384778104793,0.));
#3877=DIRECTION('',(0.769640231228566,-0.6384778104793,0.));
#3878=DIRECTION('',(0.,0.,1.));
#3879=DIRECTION('center_axis',(-0.999887425711862,-0.0150045294263191,0.));
#3880=DIRECTION('ref_axis',(0.0150045294263191,-0.999887425711862,0.));
#3881=DIRECTION('',(-0.0150045294263191,0.999887425711862,0.));
#3882=DIRECTION('',(0.0150045294263191,-0.999887425711862,0.));
#3883=DIRECTION('',(0.,0.,1.));
#3884=DIRECTION('center_axis',(0.,0.,1.));
#3885=DIRECTION('ref_axis',(-0.00318466492611339,0.999994928941796,0.));
#3886=DIRECTION('center_axis',(0.,0.,1.));
#3887=DIRECTION('ref_axis',(0.997054485501582,-0.0766964988847372,0.));
#3888=DIRECTION('center_axis',(0.,0.,1.));
#3889=DIRECTION('ref_axis',(0.997054485501582,-0.0766964988847372,0.));
#3890=DIRECTION('center_axis',(0.,0.,1.));
#3891=DIRECTION('ref_axis',(1.,0.,0.));
#3892=DIRECTION('center_axis',(0.,0.,1.));
#3893=DIRECTION('ref_axis',(1.,0.,0.));
#3894=CARTESIAN_POINT('',(0.,0.,0.));
#3895=CARTESIAN_POINT('Origin',(38.0000005662441,8.00000011920929,0.));
#3896=CARTESIAN_POINT('',(38.0000005662441,11.0000001639128,5.));
#3897=CARTESIAN_POINT('',(38.0000005662441,8.00000011920929,5.));
#3898=CARTESIAN_POINT('',(38.0000005662441,44.0000000596046,5.));
#3899=CARTESIAN_POINT('',(38.0000005662441,11.0000001639128,0.));
#3900=CARTESIAN_POINT('',(38.0000005662441,11.0000001639128,0.));
#3901=CARTESIAN_POINT('',(38.0000005662441,8.00000011920929,0.));
#3902=CARTESIAN_POINT('',(38.0000005662441,44.0000000596046,0.));
#3903=CARTESIAN_POINT('',(38.0000005662441,8.00000011920929,0.));
#3904=CARTESIAN_POINT('Origin',(19.0000002831221,8.00000011920929,0.));
#3905=CARTESIAN_POINT('',(19.0000002831221,8.00000011920929,5.));
#3906=CARTESIAN_POINT('',(23.250000141561,8.00000011920929,5.));
#3907=CARTESIAN_POINT('',(19.0000002831221,8.00000011920929,0.));
#3908=CARTESIAN_POINT('',(23.250000141561,8.00000011920929,0.));
#3909=CARTESIAN_POINT('',(19.0000002831221,8.00000011920929,0.));
#3910=CARTESIAN_POINT('Origin',(19.0000002831221,11.0000001639128,0.));
#3911=CARTESIAN_POINT('',(19.0000002831221,11.0000001639128,5.));
#3912=CARTESIAN_POINT('',(19.0000002831221,45.5000000819564,5.));
#3913=CARTESIAN_POINT('',(19.0000002831221,11.0000001639128,0.));
#3914=CARTESIAN_POINT('',(19.0000002831221,45.5000000819564,0.));
#3915=CARTESIAN_POINT('',(19.0000002831221,11.0000001639128,0.));
#3916=CARTESIAN_POINT('Origin',(38.0000005662441,11.0000001639128,0.));
#3917=CARTESIAN_POINT('',(32.7500002831221,11.0000001639128,5.));
#3918=CARTESIAN_POINT('',(32.7500002831221,11.0000001639128,0.));
#3919=CARTESIAN_POINT('Origin',(11.0000001639128,78.0000011622906,0.));
#3920=CARTESIAN_POINT('',(14.0000002086163,78.0000011622906,5.));
#3921=CARTESIAN_POINT('',(11.0000001639128,78.0000011622906,5.));
#3922=CARTESIAN_POINT('',(19.2500000819564,78.0000011622906,5.));
#3923=CARTESIAN_POINT('',(14.0000002086163,78.0000011622906,0.));
#3924=CARTESIAN_POINT('',(14.0000002086163,78.0000011622906,0.));
#3925=CARTESIAN_POINT('',(11.0000001639128,78.0000011622906,0.));
#3926=CARTESIAN_POINT('',(19.2500000819564,78.0000011622906,0.));
#3927=CARTESIAN_POINT('',(11.0000001639128,78.0000011622906,0.));
#3928=CARTESIAN_POINT('Origin',(11.0000001639128,84.0000012516975,0.));
#3929=CARTESIAN_POINT('',(11.0000001639128,84.0000012516975,5.));
#3930=CARTESIAN_POINT('',(11.0000001639128,82.0000006258488,5.));
#3931=CARTESIAN_POINT('',(11.0000001639128,84.0000012516975,0.));
#3932=CARTESIAN_POINT('',(11.0000001639128,82.0000006258488,0.));
#3933=CARTESIAN_POINT('',(11.0000001639128,84.0000012516975,0.));
#3934=CARTESIAN_POINT('Origin',(14.0000002086163,84.0000012516975,0.));
#3935=CARTESIAN_POINT('',(14.0000002086163,84.0000012516975,5.));
#3936=CARTESIAN_POINT('',(20.7500001043081,84.0000012516975,5.));
#3937=CARTESIAN_POINT('',(14.0000002086163,84.0000012516975,0.));
#3938=CARTESIAN_POINT('',(20.7500001043081,84.0000012516975,0.));
#3939=CARTESIAN_POINT('',(14.0000002086163,84.0000012516975,0.));
#3940=CARTESIAN_POINT('Origin',(14.0000002086163,78.0000011622906,0.));
#3941=CARTESIAN_POINT('',(14.0000002086163,79.0000005811453,5.));
#3942=CARTESIAN_POINT('',(14.0000002086163,79.0000005811453,0.));
#3943=CARTESIAN_POINT('Origin',(11.0000001639128,68.000001013279,0.));
#3944=CARTESIAN_POINT('',(11.0000001639128,62.000000923872,5.));
#3945=CARTESIAN_POINT('',(11.0000001639128,68.000001013279,5.));
#3946=CARTESIAN_POINT('',(11.0000001639128,74.0000005066395,5.));
#3947=CARTESIAN_POINT('',(11.0000001639128,62.000000923872,0.));
#3948=CARTESIAN_POINT('',(11.0000001639128,62.000000923872,0.));
#3949=CARTESIAN_POINT('',(11.0000001639128,68.000001013279,0.));
#3950=CARTESIAN_POINT('',(11.0000001639128,74.0000005066395,0.));
#3951=CARTESIAN_POINT('',(11.0000001639128,68.000001013279,0.));
#3952=CARTESIAN_POINT('Origin',(14.0000002086163,68.000001013279,0.));
#3953=CARTESIAN_POINT('',(14.0000002086163,68.000001013279,5.));
#3954=CARTESIAN_POINT('',(20.7500001043081,68.000001013279,5.));
#3955=CARTESIAN_POINT('',(14.0000002086163,68.000001013279,0.));
#3956=CARTESIAN_POINT('',(20.7500001043081,68.000001013279,0.));
#3957=CARTESIAN_POINT('',(14.0000002086163,68.000001013279,0.));
#3958=CARTESIAN_POINT('Origin',(14.0000002086163,62.000000923872,0.));
#3959=CARTESIAN_POINT('',(14.0000002086163,62.000000923872,5.));
#3960=CARTESIAN_POINT('',(14.0000002086163,71.000000461936,5.));
#3961=CARTESIAN_POINT('',(14.0000002086163,62.000000923872,0.));
#3962=CARTESIAN_POINT('',(14.0000002086163,71.000000461936,0.));
#3963=CARTESIAN_POINT('',(14.0000002086163,62.000000923872,0.));
#3964=CARTESIAN_POINT('Origin',(11.0000001639128,62.000000923872,0.));
#3965=CARTESIAN_POINT('',(19.2500000819564,62.000000923872,5.));
#3966=CARTESIAN_POINT('',(19.2500000819564,62.000000923872,0.));
#3967=CARTESIAN_POINT('Origin',(11.0000001639128,51.0000007599592,0.));
#3968=CARTESIAN_POINT('',(11.0000001639128,45.0000006705523,5.));
#3969=CARTESIAN_POINT('',(11.0000001639128,51.0000007599592,5.));
#3970=CARTESIAN_POINT('',(11.0000001639128,65.5000003799796,5.));
#3971=CARTESIAN_POINT('',(11.0000001639128,45.0000006705523,0.));
#3972=CARTESIAN_POINT('',(11.0000001639128,45.0000006705523,0.));
#3973=CARTESIAN_POINT('',(11.0000001639128,51.0000007599592,0.));
#3974=CARTESIAN_POINT('',(11.0000001639128,65.5000003799796,0.));
#3975=CARTESIAN_POINT('',(11.0000001639128,51.0000007599592,0.));
#3976=CARTESIAN_POINT('Origin',(14.0000002086163,51.0000007599592,0.));
#3977=CARTESIAN_POINT('',(14.0000002086163,51.0000007599592,5.));
#3978=CARTESIAN_POINT('',(20.7500001043081,51.0000007599592,5.));
#3979=CARTESIAN_POINT('',(14.0000002086163,51.0000007599592,0.));
#3980=CARTESIAN_POINT('',(20.7500001043081,51.0000007599592,0.));
#3981=CARTESIAN_POINT('',(14.0000002086163,51.0000007599592,0.));
#3982=CARTESIAN_POINT('Origin',(14.0000002086163,45.0000006705523,0.));
#3983=CARTESIAN_POINT('',(14.0000002086163,45.0000006705523,5.));
#3984=CARTESIAN_POINT('',(14.0000002086163,62.5000003352761,5.));
#3985=CARTESIAN_POINT('',(14.0000002086163,45.0000006705523,0.));
#3986=CARTESIAN_POINT('',(14.0000002086163,62.5000003352761,0.));
#3987=CARTESIAN_POINT('',(14.0000002086163,45.0000006705523,0.));
#3988=CARTESIAN_POINT('Origin',(11.0000001639128,45.0000006705523,0.));
#3989=CARTESIAN_POINT('',(19.2500000819564,45.0000006705523,5.));
#3990=CARTESIAN_POINT('',(19.2500000819564,45.0000006705523,0.));
#3991=CARTESIAN_POINT('Origin',(22.0000003278255,42.0000006258488,0.));
#3992=CARTESIAN_POINT('',(22.0000003278255,44.0000006556511,5.));
#3993=CARTESIAN_POINT('',(22.0000003278255,42.0000006258488,5.));
#3994=CARTESIAN_POINT('',(22.0000003278255,61.0000003129244,5.));
#3995=CARTESIAN_POINT('',(22.0000003278255,44.0000006556511,0.));
#3996=CARTESIAN_POINT('',(22.0000003278255,44.0000006556511,0.));
#3997=CARTESIAN_POINT('',(22.0000003278255,42.0000006258488,0.));
#3998=CARTESIAN_POINT('',(22.0000003278255,61.0000003129244,0.));
#3999=CARTESIAN_POINT('',(22.0000003278255,42.0000006258488,0.));
#4000=CARTESIAN_POINT('Origin',(18.0000002682209,42.0000006258488,0.));
#4001=CARTESIAN_POINT('',(18.0000002682209,42.0000006258488,5.));
#4002=CARTESIAN_POINT('',(22.7500001341105,42.0000006258488,5.));
#4003=CARTESIAN_POINT('',(18.0000002682209,42.0000006258488,0.));
#4004=CARTESIAN_POINT('',(22.7500001341105,42.0000006258488,0.));
#4005=CARTESIAN_POINT('',(18.0000002682209,42.0000006258488,0.));
#4006=CARTESIAN_POINT('Origin',(18.0000002682209,44.0000006556511,0.));
#4007=CARTESIAN_POINT('',(18.0000002682209,44.0000006556511,5.));
#4008=CARTESIAN_POINT('',(18.0000002682209,62.0000003278255,5.));
#4009=CARTESIAN_POINT('',(18.0000002682209,44.0000006556511,0.));
#4010=CARTESIAN_POINT('',(18.0000002682209,62.0000003278255,0.));
#4011=CARTESIAN_POINT('',(18.0000002682209,44.0000006556511,0.));
#4012=CARTESIAN_POINT('Origin',(22.0000003278255,44.0000006556511,0.));
#4013=CARTESIAN_POINT('',(24.7500001639128,44.0000006556511,5.));
#4014=CARTESIAN_POINT('',(24.7500001639128,44.0000006556511,0.));
#4015=CARTESIAN_POINT('Origin',(38.0000005662441,117.000001743436,0.));
#4016=CARTESIAN_POINT('',(38.0000005662441,120.000001788139,5.));
#4017=CARTESIAN_POINT('',(38.0000005662441,117.000001743436,5.));
#4018=CARTESIAN_POINT('',(38.0000005662441,98.5000008717179,5.));
#4019=CARTESIAN_POINT('',(38.0000005662441,120.000001788139,0.));
#4020=CARTESIAN_POINT('',(38.0000005662441,120.000001788139,0.));
#4021=CARTESIAN_POINT('',(38.0000005662441,117.000001743436,0.));
#4022=CARTESIAN_POINT('',(38.0000005662441,98.5000008717179,0.));
#4023=CARTESIAN_POINT('',(38.0000005662441,117.000001743436,0.));
#4024=CARTESIAN_POINT('Origin',(19.0000002831221,117.000001743436,0.));
#4025=CARTESIAN_POINT('',(19.0000002831221,117.000001743436,5.));
#4026=CARTESIAN_POINT('',(23.250000141561,117.000001743436,5.));
#4027=CARTESIAN_POINT('',(19.0000002831221,117.000001743436,0.));
#4028=CARTESIAN_POINT('',(23.250000141561,117.000001743436,0.));
#4029=CARTESIAN_POINT('',(19.0000002831221,117.000001743436,0.));
#4030=CARTESIAN_POINT('Origin',(19.0000002831221,120.000001788139,0.));
#4031=CARTESIAN_POINT('',(19.0000002831221,120.000001788139,5.));
#4032=CARTESIAN_POINT('',(19.0000002831221,100.00000089407,5.));
#4033=CARTESIAN_POINT('',(19.0000002831221,120.000001788139,0.));
#4034=CARTESIAN_POINT('',(19.0000002831221,100.00000089407,0.));
#4035=CARTESIAN_POINT('',(19.0000002831221,120.000001788139,0.));
#4036=CARTESIAN_POINT('Origin',(38.0000005662441,120.000001788139,0.));
#4037=CARTESIAN_POINT('',(32.7500002831221,120.000001788139,5.));
#4038=CARTESIAN_POINT('',(32.7500002831221,120.000001788139,0.));
#4039=CARTESIAN_POINT('Origin',(13.0000001937151,105.000001564622,0.));
#4040=CARTESIAN_POINT('',(13.0000001937151,120.000001788139,5.));
#4041=CARTESIAN_POINT('',(13.0000001937151,105.000001564622,5.));
#4042=CARTESIAN_POINT('',(13.0000001937151,92.500000782311,5.));
#4043=CARTESIAN_POINT('',(13.0000001937151,120.000001788139,0.));
#4044=CARTESIAN_POINT('',(13.0000001937151,120.000001788139,0.));
#4045=CARTESIAN_POINT('',(13.0000001937151,105.000001564622,0.));
#4046=CARTESIAN_POINT('',(13.0000001937151,92.500000782311,0.));
#4047=CARTESIAN_POINT('',(13.0000001937151,105.000001564622,0.));
#4048=CARTESIAN_POINT('Origin',(10.0000001490116,105.000001564622,0.));
#4049=CARTESIAN_POINT('',(10.0000001490116,105.000001564622,5.));
#4050=CARTESIAN_POINT('',(18.7500000745058,105.000001564622,5.));
#4051=CARTESIAN_POINT('',(10.0000001490116,105.000001564622,0.));
#4052=CARTESIAN_POINT('',(18.7500000745058,105.000001564622,0.));
#4053=CARTESIAN_POINT('',(10.0000001490116,105.000001564622,0.));
#4054=CARTESIAN_POINT('Origin',(10.0000001490116,120.000001788139,0.));
#4055=CARTESIAN_POINT('',(10.0000001490116,120.000001788139,5.));
#4056=CARTESIAN_POINT('',(10.0000001490116,100.00000089407,5.));
#4057=CARTESIAN_POINT('',(10.0000001490116,120.000001788139,0.));
#4058=CARTESIAN_POINT('',(10.0000001490116,100.00000089407,0.));
#4059=CARTESIAN_POINT('',(10.0000001490116,120.000001788139,0.));
#4060=CARTESIAN_POINT('Origin',(13.0000001937151,120.000001788139,0.));
#4061=CARTESIAN_POINT('',(20.2500000968575,120.000001788139,5.));
#4062=CARTESIAN_POINT('',(20.2500000968575,120.000001788139,0.));
#4063=CARTESIAN_POINT('Origin',(9.00000013411045,10.0000001490116,0.));
#4064=CARTESIAN_POINT('',(7.25000013411045,10.0000001490116,0.));
#4065=CARTESIAN_POINT('Origin',(9.00000013411045,10.0000001490116,0.));
#4066=CARTESIAN_POINT('',(7.25000013411045,10.0000001490116,5.));
#4067=CARTESIAN_POINT('',(7.25000013411045,10.0000001490116,0.));
#4068=CARTESIAN_POINT('Origin',(9.00000013411045,10.0000001490116,5.));
#4069=CARTESIAN_POINT('Origin',(47.0000007003546,127.000001892447,0.));
#4070=CARTESIAN_POINT('',(44.5000007003546,127.000001892447,0.));
#4071=CARTESIAN_POINT('Origin',(47.0000007003546,127.000001892447,0.));
#4072=CARTESIAN_POINT('',(44.5000007003546,127.000001892447,5.));
#4073=CARTESIAN_POINT('',(44.5000007003546,127.000001892447,0.));
#4074=CARTESIAN_POINT('Origin',(47.0000007003546,127.000001892447,5.));
#4075=CARTESIAN_POINT('Origin',(47.0000007003546,149.000002220273,0.));
#4076=CARTESIAN_POINT('',(45.2500007003546,149.000002220273,0.));
#4077=CARTESIAN_POINT('Origin',(47.0000007003546,149.000002220273,0.));
#4078=CARTESIAN_POINT('',(45.2500007003546,149.000002220273,5.));
#4079=CARTESIAN_POINT('',(45.2500007003546,149.000002220273,0.));
#4080=CARTESIAN_POINT('Origin',(47.0000007003546,149.000002220273,5.));
#4081=CARTESIAN_POINT('Origin',(17.0000002533197,144.000002145767,0.));
#4082=CARTESIAN_POINT('',(15.2500002533197,144.000002145767,0.));
#4083=CARTESIAN_POINT('Origin',(17.0000002533197,144.000002145767,0.));
#4084=CARTESIAN_POINT('',(15.2500002533197,144.000002145767,5.));
#4085=CARTESIAN_POINT('',(15.2500002533197,144.000002145767,0.));
#4086=CARTESIAN_POINT('Origin',(17.0000002533197,144.000002145767,5.));
#4087=CARTESIAN_POINT('Origin',(47.0000007003546,28.0000004172325,0.));
#4088=CARTESIAN_POINT('',(45.2500007003546,28.0000004172325,0.));
#4089=CARTESIAN_POINT('Origin',(47.0000007003546,28.0000004172325,0.));
#4090=CARTESIAN_POINT('',(45.2500007003546,28.0000004172325,5.));
#4091=CARTESIAN_POINT('',(45.2500007003546,28.0000004172325,0.));
#4092=CARTESIAN_POINT('Origin',(47.0000007003546,28.0000004172325,5.));
#4093=CARTESIAN_POINT('Origin',(21.0000003129244,29.0000004321337,0.));
#4094=CARTESIAN_POINT('',(19.2500003129244,29.0000004321337,0.));
#4095=CARTESIAN_POINT('Origin',(21.0000003129244,29.0000004321337,0.));
#4096=CARTESIAN_POINT('',(19.2500003129244,29.0000004321337,5.));
#4097=CARTESIAN_POINT('',(19.2500003129244,29.0000004321337,0.));
#4098=CARTESIAN_POINT('Origin',(21.0000003129244,29.0000004321337,5.));
#4099=CARTESIAN_POINT('Origin',(47.0000007003546,10.0000001490116,0.));
#4100=CARTESIAN_POINT('',(45.2500007003546,10.0000001490116,0.));
#4101=CARTESIAN_POINT('Origin',(47.0000007003546,10.0000001490116,0.));
#4102=CARTESIAN_POINT('',(45.2500007003546,10.0000001490116,5.));
#4103=CARTESIAN_POINT('',(45.2500007003546,10.0000001490116,0.));
#4104=CARTESIAN_POINT('Origin',(47.0000007003546,10.0000001490116,5.));
#4105=CARTESIAN_POINT('Origin',(9.00000013411045,27.0000004023314,0.));
#4106=CARTESIAN_POINT('',(7.25000013411045,27.0000004023314,0.));
#4107=CARTESIAN_POINT('Origin',(9.00000013411045,27.0000004023314,0.));
#4108=CARTESIAN_POINT('',(7.25000013411045,27.0000004023314,5.));
#4109=CARTESIAN_POINT('',(7.25000013411045,27.0000004023314,0.));
#4110=CARTESIAN_POINT('Origin',(9.00000013411045,27.0000004023314,5.));
#4111=CARTESIAN_POINT('Origin',(38.0000005662441,29.0000004321337,0.));
#4112=CARTESIAN_POINT('',(36.2500005662441,29.0000004321337,0.));
#4113=CARTESIAN_POINT('Origin',(38.0000005662441,29.0000004321337,0.));
#4114=CARTESIAN_POINT('',(36.2500005662441,29.0000004321337,5.));
#4115=CARTESIAN_POINT('',(36.2500005662441,29.0000004321337,0.));
#4116=CARTESIAN_POINT('Origin',(38.0000005662441,29.0000004321337,5.));
#4117=CARTESIAN_POINT('Origin',(6.00000008940697,148.000002205372,0.));
#4118=CARTESIAN_POINT('',(4.25000008940696,148.000002205372,0.));
#4119=CARTESIAN_POINT('Origin',(6.00000008940697,148.000002205372,0.));
#4120=CARTESIAN_POINT('',(4.25000008940696,148.000002205372,5.));
#4121=CARTESIAN_POINT('',(4.25000008940696,148.000002205372,0.));
#4122=CARTESIAN_POINT('Origin',(6.00000008940697,148.000002205372,5.));
#4123=CARTESIAN_POINT('Origin',(38.0000005662441,144.000002145767,0.));
#4124=CARTESIAN_POINT('',(36.2500005662441,144.000002145767,0.));
#4125=CARTESIAN_POINT('Origin',(38.0000005662441,144.000002145767,0.));
#4126=CARTESIAN_POINT('',(36.2500005662441,144.000002145767,5.));
#4127=CARTESIAN_POINT('',(36.2500005662441,144.000002145767,0.));
#4128=CARTESIAN_POINT('Origin',(38.0000005662441,144.000002145767,5.));
#4129=CARTESIAN_POINT('Origin',(7.00000010430813,127.000001892447,0.));
#4130=CARTESIAN_POINT('',(4.50000010430813,127.000001892447,0.));
#4131=CARTESIAN_POINT('Origin',(7.00000010430813,127.000001892447,0.));
#4132=CARTESIAN_POINT('',(4.50000010430813,127.000001892447,5.));
#4133=CARTESIAN_POINT('',(4.50000010430813,127.000001892447,0.));
#4134=CARTESIAN_POINT('Origin',(7.00000010430813,127.000001892447,5.));
#4135=CARTESIAN_POINT('Origin',(10.0000001490116,97.0000014454126,0.));
#4136=CARTESIAN_POINT('',(7.50000014901161,97.0000014454126,0.));
#4137=CARTESIAN_POINT('Origin',(10.0000001490116,97.0000014454126,0.));
#4138=CARTESIAN_POINT('',(7.50000014901161,97.0000014454126,5.));
#4139=CARTESIAN_POINT('',(7.50000014901161,97.0000014454126,0.));
#4140=CARTESIAN_POINT('Origin',(10.0000001490116,97.0000014454126,5.));
#4141=CARTESIAN_POINT('Origin',(44.0000006556511,97.0000014454126,0.));
#4142=CARTESIAN_POINT('',(41.5000006556511,97.0000014454126,0.));
#4143=CARTESIAN_POINT('Origin',(44.0000006556511,97.0000014454126,0.));
#4144=CARTESIAN_POINT('',(41.5000006556511,97.0000014454126,5.));
#4145=CARTESIAN_POINT('',(41.5000006556511,97.0000014454126,0.));
#4146=CARTESIAN_POINT('Origin',(44.0000006556511,97.0000014454126,5.));
#4147=CARTESIAN_POINT('Origin',(46.0000006854534,105.000001564622,0.));
#4148=CARTESIAN_POINT('',(46.0000006854534,120.000001788139,5.));
#4149=CARTESIAN_POINT('',(46.0000006854534,105.000001564622,5.));
#4150=CARTESIAN_POINT('',(46.0000006854534,92.500000782311,5.));
#4151=CARTESIAN_POINT('',(46.0000006854534,120.000001788139,0.));
#4152=CARTESIAN_POINT('',(46.0000006854534,120.000001788139,0.));
#4153=CARTESIAN_POINT('',(46.0000006854534,105.000001564622,0.));
#4154=CARTESIAN_POINT('',(46.0000006854534,92.500000782311,0.));
#4155=CARTESIAN_POINT('',(46.0000006854534,105.000001564622,0.));
#4156=CARTESIAN_POINT('Origin',(43.0000006407499,105.000001564622,0.));
#4157=CARTESIAN_POINT('',(43.0000006407499,105.000001564622,5.));
#4158=CARTESIAN_POINT('',(35.250000320375,105.000001564622,5.));
#4159=CARTESIAN_POINT('',(43.0000006407499,105.000001564622,0.));
#4160=CARTESIAN_POINT('',(35.250000320375,105.000001564622,0.));
#4161=CARTESIAN_POINT('',(43.0000006407499,105.000001564622,0.));
#4162=CARTESIAN_POINT('Origin',(43.0000006407499,120.000001788139,0.));
#4163=CARTESIAN_POINT('',(43.0000006407499,120.000001788139,5.));
#4164=CARTESIAN_POINT('',(43.0000006407499,100.00000089407,5.));
#4165=CARTESIAN_POINT('',(43.0000006407499,120.000001788139,0.));
#4166=CARTESIAN_POINT('',(43.0000006407499,100.00000089407,0.));
#4167=CARTESIAN_POINT('',(43.0000006407499,120.000001788139,0.));
#4168=CARTESIAN_POINT('Origin',(46.0000006854534,120.000001788139,0.));
#4169=CARTESIAN_POINT('',(36.7500003427267,120.000001788139,5.));
#4170=CARTESIAN_POINT('',(36.7500003427267,120.000001788139,0.));
#4171=CARTESIAN_POINT('Origin',(38.0000005662441,105.000001564622,0.));
#4172=CARTESIAN_POINT('',(38.0000005662441,108.000001609325,5.));
#4173=CARTESIAN_POINT('',(38.0000005662441,105.000001564622,5.));
#4174=CARTESIAN_POINT('',(38.0000005662441,92.500000782311,5.));
#4175=CARTESIAN_POINT('',(38.0000005662441,108.000001609325,0.));
#4176=CARTESIAN_POINT('',(38.0000005662441,108.000001609325,0.));
#4177=CARTESIAN_POINT('',(38.0000005662441,105.000001564622,0.));
#4178=CARTESIAN_POINT('',(38.0000005662441,92.500000782311,0.));
#4179=CARTESIAN_POINT('',(38.0000005662441,105.000001564622,0.));
#4180=CARTESIAN_POINT('Origin',(19.0000002831221,105.000001564622,0.));
#4181=CARTESIAN_POINT('',(19.0000002831221,105.000001564622,5.));
#4182=CARTESIAN_POINT('',(23.250000141561,105.000001564622,5.));
#4183=CARTESIAN_POINT('',(19.0000002831221,105.000001564622,0.));
#4184=CARTESIAN_POINT('',(23.250000141561,105.000001564622,0.));
#4185=CARTESIAN_POINT('',(19.0000002831221,105.000001564622,0.));
#4186=CARTESIAN_POINT('Origin',(19.0000002831221,108.000001609325,0.));
#4187=CARTESIAN_POINT('',(19.0000002831221,108.000001609325,5.));
#4188=CARTESIAN_POINT('',(19.0000002831221,94.0000008046627,5.));
#4189=CARTESIAN_POINT('',(19.0000002831221,108.000001609325,0.));
#4190=CARTESIAN_POINT('',(19.0000002831221,94.0000008046627,0.));
#4191=CARTESIAN_POINT('',(19.0000002831221,108.000001609325,0.));
#4192=CARTESIAN_POINT('Origin',(38.0000005662441,108.000001609325,0.));
#4193=CARTESIAN_POINT('',(32.7500002831221,108.000001609325,5.));
#4194=CARTESIAN_POINT('',(32.7500002831221,108.000001609325,0.));
#4195=CARTESIAN_POINT('Origin',(39.0000005811453,42.0000006258488,0.));
#4196=CARTESIAN_POINT('',(39.0000005811453,44.0000006556511,5.));
#4197=CARTESIAN_POINT('',(39.0000005811453,42.0000006258488,5.));
#4198=CARTESIAN_POINT('',(39.0000005811453,61.0000003129244,5.));
#4199=CARTESIAN_POINT('',(39.0000005811453,44.0000006556511,0.));
#4200=CARTESIAN_POINT('',(39.0000005811453,44.0000006556511,0.));
#4201=CARTESIAN_POINT('',(39.0000005811453,42.0000006258488,0.));
#4202=CARTESIAN_POINT('',(39.0000005811453,61.0000003129244,0.));
#4203=CARTESIAN_POINT('',(39.0000005811453,42.0000006258488,0.));
#4204=CARTESIAN_POINT('Origin',(35.0000005215406,42.0000006258488,0.));
#4205=CARTESIAN_POINT('',(35.0000005215406,42.0000006258488,5.));
#4206=CARTESIAN_POINT('',(31.2500002607703,42.0000006258488,5.));
#4207=CARTESIAN_POINT('',(35.0000005215406,42.0000006258488,0.));
#4208=CARTESIAN_POINT('',(31.2500002607703,42.0000006258488,0.));
#4209=CARTESIAN_POINT('',(35.0000005215406,42.0000006258488,0.));
#4210=CARTESIAN_POINT('Origin',(35.0000005215406,44.0000006556511,0.));
#4211=CARTESIAN_POINT('',(35.0000005215406,44.0000006556511,5.));
#4212=CARTESIAN_POINT('',(35.0000005215406,62.0000003278255,5.));
#4213=CARTESIAN_POINT('',(35.0000005215406,44.0000006556511,0.));
#4214=CARTESIAN_POINT('',(35.0000005215406,62.0000003278255,0.));
#4215=CARTESIAN_POINT('',(35.0000005215406,44.0000006556511,0.));
#4216=CARTESIAN_POINT('Origin',(39.0000005811453,44.0000006556511,0.));
#4217=CARTESIAN_POINT('',(33.2500002905726,44.0000006556511,5.));
#4218=CARTESIAN_POINT('',(33.2500002905726,44.0000006556511,0.));
#4219=CARTESIAN_POINT('Origin',(43.0000006407499,45.0000006705523,0.));
#4220=CARTESIAN_POINT('',(46.0000006854534,45.0000006705523,5.));
#4221=CARTESIAN_POINT('',(43.0000006407499,45.0000006705523,5.));
#4222=CARTESIAN_POINT('',(35.250000320375,45.0000006705523,5.));
#4223=CARTESIAN_POINT('',(46.0000006854534,45.0000006705523,0.));
#4224=CARTESIAN_POINT('',(46.0000006854534,45.0000006705523,0.));
#4225=CARTESIAN_POINT('',(43.0000006407499,45.0000006705523,0.));
#4226=CARTESIAN_POINT('',(35.250000320375,45.0000006705523,0.));
#4227=CARTESIAN_POINT('',(43.0000006407499,45.0000006705523,0.));
#4228=CARTESIAN_POINT('Origin',(43.0000006407499,51.0000007599592,0.));
#4229=CARTESIAN_POINT('',(43.0000006407499,51.0000007599592,5.));
#4230=CARTESIAN_POINT('',(43.0000006407499,65.5000003799796,5.));
#4231=CARTESIAN_POINT('',(43.0000006407499,51.0000007599592,0.));
#4232=CARTESIAN_POINT('',(43.0000006407499,65.5000003799796,0.));
#4233=CARTESIAN_POINT('',(43.0000006407499,51.0000007599592,0.));
#4234=CARTESIAN_POINT('Origin',(46.0000006854534,51.0000007599592,0.));
#4235=CARTESIAN_POINT('',(46.0000006854534,51.0000007599592,5.));
#4236=CARTESIAN_POINT('',(36.7500003427267,51.0000007599592,5.));
#4237=CARTESIAN_POINT('',(46.0000006854534,51.0000007599592,0.));
#4238=CARTESIAN_POINT('',(36.7500003427267,51.0000007599592,0.));
#4239=CARTESIAN_POINT('',(46.0000006854534,51.0000007599592,0.));
#4240=CARTESIAN_POINT('Origin',(46.0000006854534,45.0000006705523,0.));
#4241=CARTESIAN_POINT('',(46.0000006854534,62.5000003352761,5.));
#4242=CARTESIAN_POINT('',(46.0000006854534,62.5000003352761,0.));
#4243=CARTESIAN_POINT('Origin',(43.0000006407499,62.000000923872,0.));
#4244=CARTESIAN_POINT('',(46.0000006854534,62.000000923872,5.));
#4245=CARTESIAN_POINT('',(43.0000006407499,62.000000923872,5.));
#4246=CARTESIAN_POINT('',(35.250000320375,62.000000923872,5.));
#4247=CARTESIAN_POINT('',(46.0000006854534,62.000000923872,0.));
#4248=CARTESIAN_POINT('',(46.0000006854534,62.000000923872,0.));
#4249=CARTESIAN_POINT('',(43.0000006407499,62.000000923872,0.));
#4250=CARTESIAN_POINT('',(35.250000320375,62.000000923872,0.));
#4251=CARTESIAN_POINT('',(43.0000006407499,62.000000923872,0.));
#4252=CARTESIAN_POINT('Origin',(43.0000006407499,68.000001013279,0.));
#4253=CARTESIAN_POINT('',(43.0000006407499,68.000001013279,5.));
#4254=CARTESIAN_POINT('',(43.0000006407499,74.0000005066395,5.));
#4255=CARTESIAN_POINT('',(43.0000006407499,68.000001013279,0.));
#4256=CARTESIAN_POINT('',(43.0000006407499,74.0000005066395,0.));
#4257=CARTESIAN_POINT('',(43.0000006407499,68.000001013279,0.));
#4258=CARTESIAN_POINT('Origin',(46.0000006854534,68.000001013279,0.));
#4259=CARTESIAN_POINT('',(46.0000006854534,68.000001013279,5.));
#4260=CARTESIAN_POINT('',(36.7500003427267,68.000001013279,5.));
#4261=CARTESIAN_POINT('',(46.0000006854534,68.000001013279,0.));
#4262=CARTESIAN_POINT('',(36.7500003427267,68.000001013279,0.));
#4263=CARTESIAN_POINT('',(46.0000006854534,68.000001013279,0.));
#4264=CARTESIAN_POINT('Origin',(46.0000006854534,62.000000923872,0.));
#4265=CARTESIAN_POINT('',(46.0000006854534,71.000000461936,5.));
#4266=CARTESIAN_POINT('',(46.0000006854534,71.000000461936,0.));
#4267=CARTESIAN_POINT('Origin',(43.0000006407499,78.0000011622906,0.));
#4268=CARTESIAN_POINT('',(46.0000006854534,78.0000011622906,5.));
#4269=CARTESIAN_POINT('',(43.0000006407499,78.0000011622906,5.));
#4270=CARTESIAN_POINT('',(35.250000320375,78.0000011622906,5.));
#4271=CARTESIAN_POINT('',(46.0000006854534,78.0000011622906,0.));
#4272=CARTESIAN_POINT('',(46.0000006854534,78.0000011622906,0.));
#4273=CARTESIAN_POINT('',(43.0000006407499,78.0000011622906,0.));
#4274=CARTESIAN_POINT('',(35.250000320375,78.0000011622906,0.));
#4275=CARTESIAN_POINT('',(43.0000006407499,78.0000011622906,0.));
#4276=CARTESIAN_POINT('Origin',(43.0000006407499,84.0000012516975,0.));
#4277=CARTESIAN_POINT('',(43.0000006407499,84.0000012516975,5.));
#4278=CARTESIAN_POINT('',(43.0000006407499,82.0000006258488,5.));
#4279=CARTESIAN_POINT('',(43.0000006407499,84.0000012516975,0.));
#4280=CARTESIAN_POINT('',(43.0000006407499,82.0000006258488,0.));
#4281=CARTESIAN_POINT('',(43.0000006407499,84.0000012516975,0.));
#4282=CARTESIAN_POINT('Origin',(46.0000006854534,84.0000012516975,0.));
#4283=CARTESIAN_POINT('',(46.0000006854534,84.0000012516975,5.));
#4284=CARTESIAN_POINT('',(36.7500003427267,84.0000012516975,5.));
#4285=CARTESIAN_POINT('',(46.0000006854534,84.0000012516975,0.));
#4286=CARTESIAN_POINT('',(36.7500003427267,84.0000012516975,0.));
#4287=CARTESIAN_POINT('',(46.0000006854534,84.0000012516975,0.));
#4288=CARTESIAN_POINT('Origin',(46.0000006854534,78.0000011622906,0.));
#4289=CARTESIAN_POINT('',(46.0000006854534,79.0000005811453,5.));
#4290=CARTESIAN_POINT('',(46.0000006854534,79.0000005811453,0.));
#4291=CARTESIAN_POINT('Origin',(27.2494233718968,174.422727041467,0.));
#4292=CARTESIAN_POINT('',(8.06648924143902,160.,5.));
#4293=CARTESIAN_POINT('',(8.06648924143902,160.,0.));
#4294=CARTESIAN_POINT('',(8.06648924143902,160.,0.));
#4295=CARTESIAN_POINT('',(46.4323575023546,160.,5.));
#4296=CARTESIAN_POINT('Origin',(27.2494233718968,174.422727041467,5.));
#4297=CARTESIAN_POINT('',(46.4323575023546,160.,0.));
#4298=CARTESIAN_POINT('',(46.4323575023546,160.,0.));
#4299=CARTESIAN_POINT('Origin',(27.2494233718968,174.422727041467,0.));
#4300=CARTESIAN_POINT('Origin',(23.0711836888249,160.,0.));
#4301=CARTESIAN_POINT('',(2.,160.,0.));
#4302=CARTESIAN_POINT('',(53.,160.,0.));
#4303=CARTESIAN_POINT('',(2.,160.,5.));
#4304=CARTESIAN_POINT('',(2.,160.,0.));
#4305=CARTESIAN_POINT('',(53.,160.,5.));
#4306=CARTESIAN_POINT('Origin',(27.5,80.,0.));
#4307=CARTESIAN_POINT('',(53.,160.,0.));
#4308=CARTESIAN_POINT('',(53.,160.,0.));
#4309=CARTESIAN_POINT('',(55.,158.,0.));
#4310=CARTESIAN_POINT('Origin',(53.,158.,0.));
#4311=CARTESIAN_POINT('',(55.,115.000001713634,0.));
#4312=CARTESIAN_POINT('',(55.,0.,0.));
#4313=CARTESIAN_POINT('',(50.0000007450581,105.000001564622,0.));
#4314=CARTESIAN_POINT('',(55.,115.000001713634,0.));
#4315=CARTESIAN_POINT('',(50.0000007450581,45.0000006705523,0.));
#4316=CARTESIAN_POINT('',(50.0000007450581,105.000001564622,0.));
#4317=CARTESIAN_POINT('',(55.,40.0000005960464,0.));
#4318=CARTESIAN_POINT('',(50.0000007450581,45.0000006705523,0.));
#4319=CARTESIAN_POINT('',(55.,10.0000001512508,0.));
#4320=CARTESIAN_POINT('',(55.,0.,0.));
#4321=CARTESIAN_POINT('',(51.2409520542261,2.48190302739088,0.));
#4322=CARTESIAN_POINT('',(51.2409520542261,2.48190302739088,0.));
#4323=CARTESIAN_POINT('',(48.0378841098532,1.9621166560177,0.));
#4324=CARTESIAN_POINT('Origin',(49.4520976722263,3.37633021839081,0.));
#4325=CARTESIAN_POINT('',(45.0000006870157,5.00000007885512,0.));
#4326=CARTESIAN_POINT('',(45.0000006870157,5.00000007885512,0.));
#4327=CARTESIAN_POINT('',(10.0000001524272,5.00000007885512,0.));
#4328=CARTESIAN_POINT('',(10.0000001524272,5.00000007885512,0.));
#4329=CARTESIAN_POINT('',(6.9621165802967,1.96211650579089,0.));
#4330=CARTESIAN_POINT('',(6.9621165802967,1.96211650579089,0.));
#4331=CARTESIAN_POINT('',(3.75904863592377,2.48190287716407,0.));
#4332=CARTESIAN_POINT('Origin',(5.5479030179236,3.37633006816399,0.));
#4333=CARTESIAN_POINT('',(0.,10.0000001490116,0.));
#4334=CARTESIAN_POINT('',(0.,10.0000001490116,0.));
#4335=CARTESIAN_POINT('',(0.,40.0000005960464,0.));
#4336=CARTESIAN_POINT('',(-6.66133814775094E-15,158.,0.));
#4337=CARTESIAN_POINT('',(5.00000007450581,45.0000006705523,0.));
#4338=CARTESIAN_POINT('',(0.,40.0000005960464,0.));
#4339=CARTESIAN_POINT('',(5.00000007450581,105.000001564622,0.));
#4340=CARTESIAN_POINT('',(5.00000007450581,45.0000006705523,0.));
#4341=CARTESIAN_POINT('',(0.,115.000001713634,0.));
#4342=CARTESIAN_POINT('',(5.00000007450581,105.000001564622,0.));
#4343=CARTESIAN_POINT('',(-6.66133814775094E-15,158.,0.));
#4344=CARTESIAN_POINT('',(-6.66133814775094E-15,158.,0.));
#4345=CARTESIAN_POINT('Origin',(2.,158.,0.));
#4346=CARTESIAN_POINT('Origin',(53.,160.,0.));
#4347=CARTESIAN_POINT('',(53.,160.,5.));
#4348=CARTESIAN_POINT('',(53.,160.,5.));
#4349=CARTESIAN_POINT('',(53.,160.,0.));
#4350=CARTESIAN_POINT('Origin',(53.,158.,0.));
#4351=CARTESIAN_POINT('',(55.,158.,5.));
#4352=CARTESIAN_POINT('Origin',(53.,158.,5.));
#4353=CARTESIAN_POINT('',(55.,158.,0.));
#4354=CARTESIAN_POINT('Origin',(55.,115.000001713634,0.));
#4355=CARTESIAN_POINT('',(55.,115.000001713634,5.));
#4356=CARTESIAN_POINT('',(55.,0.,5.));
#4357=CARTESIAN_POINT('',(55.,115.000001713634,0.));
#4358=CARTESIAN_POINT('Origin',(50.0000007450581,105.000001564622,0.));
#4359=CARTESIAN_POINT('',(50.0000007450581,105.000001564622,5.));
#4360=CARTESIAN_POINT('',(55.,115.000001713634,5.));
#4361=CARTESIAN_POINT('',(50.0000007450581,105.000001564622,0.));
#4362=CARTESIAN_POINT('Origin',(50.0000007450581,45.0000006705523,0.));
#4363=CARTESIAN_POINT('',(50.0000007450581,45.0000006705523,5.));
#4364=CARTESIAN_POINT('',(50.0000007450581,105.000001564622,5.));
#4365=CARTESIAN_POINT('',(50.0000007450581,45.0000006705523,0.));
#4366=CARTESIAN_POINT('Origin',(55.,40.0000005960464,0.));
#4367=CARTESIAN_POINT('',(55.,40.0000005960464,5.));
#4368=CARTESIAN_POINT('',(50.0000007450581,45.0000006705523,5.));
#4369=CARTESIAN_POINT('',(55.,40.0000005960464,0.));
#4370=CARTESIAN_POINT('Origin',(55.,10.0000001512508,0.));
#4371=CARTESIAN_POINT('',(55.,10.0000001512508,5.));
#4372=CARTESIAN_POINT('',(55.,0.,5.));
#4373=CARTESIAN_POINT('',(55.,10.0000001512508,0.));
#4374=CARTESIAN_POINT('Origin',(51.2409520542261,2.48190302739088,0.));
#4375=CARTESIAN_POINT('',(51.2409520542261,2.48190302739088,5.));
#4376=CARTESIAN_POINT('',(51.2409520542261,2.48190302739088,5.));
#4377=CARTESIAN_POINT('',(51.2409520542261,2.48190302739088,0.));
#4378=CARTESIAN_POINT('Origin',(49.4520976722263,3.37633021839081,0.));
#4379=CARTESIAN_POINT('',(48.0378841098532,1.96211665601771,5.));
#4380=CARTESIAN_POINT('Origin',(49.4520976722263,3.37633021839081,5.));
#4381=CARTESIAN_POINT('',(48.0378841098532,1.9621166560177,0.));
#4382=CARTESIAN_POINT('Origin',(45.0000006870157,5.00000007885512,0.));
#4383=CARTESIAN_POINT('',(45.0000006870157,5.00000007885511,5.));
#4384=CARTESIAN_POINT('',(45.0000006870157,5.00000007885512,5.));
#4385=CARTESIAN_POINT('',(45.0000006870157,5.00000007885512,0.));
#4386=CARTESIAN_POINT('Origin',(10.0000001524272,5.00000007885512,0.));
#4387=CARTESIAN_POINT('',(10.0000001524272,5.00000007885511,5.));
#4388=CARTESIAN_POINT('',(10.0000001524272,5.00000007885512,5.));
#4389=CARTESIAN_POINT('',(10.0000001524272,5.00000007885512,0.));
#4390=CARTESIAN_POINT('Origin',(6.9621165802967,1.96211650579089,0.));
#4391=CARTESIAN_POINT('',(6.9621165802967,1.96211650579089,5.));
#4392=CARTESIAN_POINT('',(6.9621165802967,1.96211650579089,5.));
#4393=CARTESIAN_POINT('',(6.9621165802967,1.96211650579089,0.));
#4394=CARTESIAN_POINT('Origin',(5.5479030179236,3.37633006816399,0.));
#4395=CARTESIAN_POINT('',(3.75904863592377,2.48190287716406,5.));
#4396=CARTESIAN_POINT('Origin',(5.5479030179236,3.37633006816399,5.));
#4397=CARTESIAN_POINT('',(3.75904863592377,2.48190287716407,0.));
#4398=CARTESIAN_POINT('Origin',(0.,10.0000001490116,0.));
#4399=CARTESIAN_POINT('',(0.,10.0000001490116,5.));
#4400=CARTESIAN_POINT('',(0.,10.0000001490116,5.));
#4401=CARTESIAN_POINT('',(0.,10.0000001490116,0.));
#4402=CARTESIAN_POINT('Origin',(-1.68641474607914E-15,40.0000005960464,
0.));
#4403=CARTESIAN_POINT('',(0.,40.0000005960464,5.));
#4404=CARTESIAN_POINT('',(-6.66133814775094E-15,158.,5.));
#4405=CARTESIAN_POINT('',(0.,40.0000005960464,0.));
#4406=CARTESIAN_POINT('Origin',(5.00000007450581,45.0000006705523,0.));
#4407=CARTESIAN_POINT('',(5.00000007450581,45.0000006705523,5.));
#4408=CARTESIAN_POINT('',(0.,40.0000005960464,5.));
#4409=CARTESIAN_POINT('',(5.00000007450581,45.0000006705523,0.));
#4410=CARTESIAN_POINT('Origin',(5.00000007450581,105.000001564622,0.));
#4411=CARTESIAN_POINT('',(5.00000007450581,105.000001564622,5.));
#4412=CARTESIAN_POINT('',(5.00000007450581,45.0000006705523,5.));
#4413=CARTESIAN_POINT('',(5.00000007450581,105.000001564622,0.));
#4414=CARTESIAN_POINT('Origin',(0.,115.000001713634,0.));
#4415=CARTESIAN_POINT('',(0.,115.000001713634,5.));
#4416=CARTESIAN_POINT('',(5.00000007450581,105.000001564622,5.));
#4417=CARTESIAN_POINT('',(0.,115.000001713634,0.));
#4418=CARTESIAN_POINT('Origin',(-6.66133814775094E-15,158.,0.));
#4419=CARTESIAN_POINT('',(-6.66133814775094E-15,158.,5.));
#4420=CARTESIAN_POINT('',(-6.66133814775094E-15,158.,5.));
#4421=CARTESIAN_POINT('',(-6.66133814775094E-15,158.,0.));
#4422=CARTESIAN_POINT('Origin',(2.,158.,0.));
#4423=CARTESIAN_POINT('Origin',(2.,158.,5.));
#4424=CARTESIAN_POINT('Origin',(27.5,80.,5.));
#4425=CARTESIAN_POINT('Origin',(44.0000006556511,8.00000011920929,0.));
#4426=CARTESIAN_POINT('',(44.0000006556511,8.00000011920929,0.));
#4427=CARTESIAN_POINT('',(44.0000006556511,16.0000002384186,0.));
#4428=CARTESIAN_POINT('',(44.0000006556511,8.00000011920929,0.));
#4429=CARTESIAN_POINT('',(44.0000006556511,16.0000002384186,10.));
#4430=CARTESIAN_POINT('',(44.0000006556511,16.0000002384186,0.));
#4431=CARTESIAN_POINT('',(44.0000006556511,8.00000011920929,10.));
#4432=CARTESIAN_POINT('',(44.0000006556511,8.00000011920929,10.));
#4433=CARTESIAN_POINT('',(44.0000006556511,8.00000011920929,0.));
#4434=CARTESIAN_POINT('Origin',(41.0000006109476,8.00000011920929,0.));
#4435=CARTESIAN_POINT('',(41.0000006109476,8.00000011920929,0.));
#4436=CARTESIAN_POINT('',(41.0000006109476,8.00000011920929,0.));
#4437=CARTESIAN_POINT('',(41.0000006109476,8.00000011920929,10.));
#4438=CARTESIAN_POINT('',(41.0000006109476,8.00000011920929,10.));
#4439=CARTESIAN_POINT('',(41.0000006109476,8.00000011920929,0.));
#4440=CARTESIAN_POINT('Origin',(41.0000006109476,9.00000013411045,0.));
#4441=CARTESIAN_POINT('',(41.0000006109476,9.00000013411045,0.));
#4442=CARTESIAN_POINT('',(41.0000006109476,16.0000002384186,0.));
#4443=CARTESIAN_POINT('',(41.0000006109476,9.00000013411045,10.));
#4444=CARTESIAN_POINT('',(41.0000006109476,16.0000002384186,10.));
#4445=CARTESIAN_POINT('',(41.0000006109476,9.00000013411045,0.));
#4446=CARTESIAN_POINT('Origin',(29.0000004321337,9.00000013411045,0.));
#4447=CARTESIAN_POINT('',(17.0000002533197,9.00000013411045,0.));
#4448=CARTESIAN_POINT('Origin',(29.0000004321337,9.00000013411045,0.));
#4449=CARTESIAN_POINT('',(17.0000002533197,9.00000013411045,10.));
#4450=CARTESIAN_POINT('Origin',(29.0000004321337,9.00000013411045,10.));
#4451=CARTESIAN_POINT('',(17.0000002533197,9.00000013411045,0.));
#4452=CARTESIAN_POINT('Origin',(14.0000002086163,9.00000013411045,0.));
#4453=CARTESIAN_POINT('',(14.0000002086163,9.00000013411045,0.));
#4454=CARTESIAN_POINT('',(14.0000002086163,9.00000013411045,0.));
#4455=CARTESIAN_POINT('',(14.0000002086163,9.00000013411045,10.));
#4456=CARTESIAN_POINT('',(14.0000002086163,9.00000013411045,10.));
#4457=CARTESIAN_POINT('',(14.0000002086163,9.00000013411045,0.));
#4458=CARTESIAN_POINT('Origin',(14.0000002086163,17.0000002533197,0.));
#4459=CARTESIAN_POINT('',(14.0000002086163,17.0000002533197,0.));
#4460=CARTESIAN_POINT('',(14.0000002086163,17.0000002533197,0.));
#4461=CARTESIAN_POINT('',(14.0000002086163,17.0000002533197,10.));
#4462=CARTESIAN_POINT('',(14.0000002086163,17.0000002533197,10.));
#4463=CARTESIAN_POINT('',(14.0000002086163,17.0000002533197,0.));
#4464=CARTESIAN_POINT('Origin',(14.0000002086163,26.0000003874302,0.));
#4465=CARTESIAN_POINT('',(23.0000003427267,26.0000003874302,0.));
#4466=CARTESIAN_POINT('Origin',(14.0000002086163,26.0000003874302,0.));
#4467=CARTESIAN_POINT('',(23.0000003427267,26.0000003874302,10.));
#4468=CARTESIAN_POINT('Origin',(14.0000002086163,26.0000003874302,10.));
#4469=CARTESIAN_POINT('',(23.0000003427267,26.0000003874302,0.));
#4470=CARTESIAN_POINT('Origin',(33.4804202694472,26.0000003874302,0.));
#4471=CARTESIAN_POINT('',(33.4804202694472,26.0000003874302,0.));
#4472=CARTESIAN_POINT('',(23.0000003427267,26.0000003874302,0.));
#4473=CARTESIAN_POINT('',(33.4804202694472,26.0000003874302,10.));
#4474=CARTESIAN_POINT('',(23.0000003427267,26.0000003874302,10.));
#4475=CARTESIAN_POINT('',(33.4804202694472,26.0000003874302,0.));
#4476=CARTESIAN_POINT('Origin',(44.0305817227374,26.565248804437,0.));
#4477=CARTESIAN_POINT('Origin',(44.0305817227374,26.565248804437,0.));
#4478=CARTESIAN_POINT('Origin',(44.0305817227374,26.565248804437,10.));
#4479=CARTESIAN_POINT('Origin',(29.0000004321337,17.0000002533197,10.));
#4480=CARTESIAN_POINT('Origin',(29.0000004321337,17.0000002533197,0.));
#4481=CARTESIAN_POINT('Origin',(24.5684512311978,84.8046946898745,0.));
#4482=CARTESIAN_POINT('',(18.0000002682209,100.468796327461,0.));
#4483=CARTESIAN_POINT('',(24.5684512311978,84.8046946898745,0.));
#4484=CARTESIAN_POINT('',(18.0000002682209,100.468796327461,0.));
#4485=CARTESIAN_POINT('',(18.0000002682209,100.468796327461,10.));
#4486=CARTESIAN_POINT('',(18.0000002682209,100.468796327461,0.));
#4487=CARTESIAN_POINT('',(24.5684512311978,84.8046946898745,10.));
#4488=CARTESIAN_POINT('',(18.0000002682209,100.468796327461,10.));
#4489=CARTESIAN_POINT('',(24.5684512311978,84.8046946898745,0.));
#4490=CARTESIAN_POINT('Origin',(32.0000004768372,84.8046946898745,0.));
#4491=CARTESIAN_POINT('',(32.0000004768372,84.8046946898745,0.));
#4492=CARTESIAN_POINT('',(24.5684512311978,84.8046946898745,0.));
#4493=CARTESIAN_POINT('',(32.0000004768372,84.8046946898745,10.));
#4494=CARTESIAN_POINT('',(24.5684512311978,84.8046946898745,10.));
#4495=CARTESIAN_POINT('',(32.0000004768372,84.8046946898745,0.));
#4496=CARTESIAN_POINT('Origin',(39.0000005811453,101.000001505017,0.));
#4497=CARTESIAN_POINT('',(39.0000005811453,101.000001505017,0.));
#4498=CARTESIAN_POINT('',(32.0000004768372,84.8046946898745,0.));
#4499=CARTESIAN_POINT('',(39.0000005811453,101.000001505017,10.));
#4500=CARTESIAN_POINT('',(32.0000004768372,84.8046946898745,10.));
#4501=CARTESIAN_POINT('',(39.0000005811453,101.000001505017,0.));
#4502=CARTESIAN_POINT('Origin',(39.0000005811453,123.000001832843,0.));
#4503=CARTESIAN_POINT('',(39.0000005811453,123.000001832843,0.));
#4504=CARTESIAN_POINT('',(39.0000005811453,101.000001505017,0.));
#4505=CARTESIAN_POINT('',(39.0000005811453,123.000001832843,10.));
#4506=CARTESIAN_POINT('',(39.0000005811453,101.000001505017,10.));
#4507=CARTESIAN_POINT('',(39.0000005811453,123.000001832843,0.));
#4508=CARTESIAN_POINT('Origin',(32.0000004768372,130.000001937151,0.));
#4509=CARTESIAN_POINT('',(32.0000004768372,130.000001937151,0.));
#4510=CARTESIAN_POINT('',(39.0000005811453,123.000001832843,0.));
#4511=CARTESIAN_POINT('',(32.0000004768372,130.000001937151,10.));
#4512=CARTESIAN_POINT('',(39.0000005811453,123.000001832843,10.));
#4513=CARTESIAN_POINT('',(32.0000004768372,130.000001937151,0.));
#4514=CARTESIAN_POINT('Origin',(24.0000003576279,130.000001937151,0.));
#4515=CARTESIAN_POINT('',(24.0000003576279,130.000001937151,0.));
#4516=CARTESIAN_POINT('',(32.0000004768372,130.000001937151,0.));
#4517=CARTESIAN_POINT('',(24.0000003576279,130.000001937151,10.));
#4518=CARTESIAN_POINT('',(32.0000004768372,130.000001937151,10.));
#4519=CARTESIAN_POINT('',(24.0000003576279,130.000001937151,0.));
#4520=CARTESIAN_POINT('Origin',(18.0000002682209,121.000001803041,0.));
#4521=CARTESIAN_POINT('',(18.0000002682209,121.000001803041,0.));
#4522=CARTESIAN_POINT('',(24.0000003576279,130.000001937151,0.));
#4523=CARTESIAN_POINT('',(18.0000002682209,121.000001803041,10.));
#4524=CARTESIAN_POINT('',(24.0000003576279,130.000001937151,10.));
#4525=CARTESIAN_POINT('',(18.0000002682209,121.000001803041,0.));
#4526=CARTESIAN_POINT('Origin',(18.0000002682209,100.468796327461,0.));
#4527=CARTESIAN_POINT('',(18.0000002682209,121.000001803041,0.));
#4528=CARTESIAN_POINT('',(18.0000002682209,121.000001803041,10.));
#4529=CARTESIAN_POINT('Origin',(24.8327917946941,56.2499350188423,0.));
#4530=CARTESIAN_POINT('',(19.5217398250365,60.0000008940697,0.));
#4531=CARTESIAN_POINT('',(24.8327917946941,56.2499350188423,0.));
#4532=CARTESIAN_POINT('',(19.5217398250365,60.0000008940697,0.));
#4533=CARTESIAN_POINT('',(19.5217398250365,60.0000008940697,10.));
#4534=CARTESIAN_POINT('',(19.5217398250365,60.0000008940697,0.));
#4535=CARTESIAN_POINT('',(24.8327917946941,56.2499350188423,10.));
#4536=CARTESIAN_POINT('',(19.5217398250365,60.0000008940697,10.));
#4537=CARTESIAN_POINT('',(24.8327917946941,56.2499350188423,0.));
#4538=CARTESIAN_POINT('Origin',(30.7857116157388,56.2499350188423,0.));
#4539=CARTESIAN_POINT('',(30.7857116157388,56.2499350188423,0.));
#4540=CARTESIAN_POINT('',(24.8327917946941,56.2499350188423,0.));
#4541=CARTESIAN_POINT('',(30.7857116157388,56.2499350188423,10.));
#4542=CARTESIAN_POINT('',(24.8327917946941,56.2499350188423,10.));
#4543=CARTESIAN_POINT('',(30.7857116157388,56.2499350188423,0.));
#4544=CARTESIAN_POINT('Origin',(36.5098800173282,60.4650790601833,0.));
#4545=CARTESIAN_POINT('',(36.5098800173282,60.4650790601833,0.));
#4546=CARTESIAN_POINT('',(30.7857116157388,56.2499350188423,0.));
#4547=CARTESIAN_POINT('',(36.5098800173282,60.4650790601833,10.));
#4548=CARTESIAN_POINT('',(30.7857116157388,56.2499350188423,10.));
#4549=CARTESIAN_POINT('',(36.5098800173282,60.4650790601833,0.));
#4550=CARTESIAN_POINT('Origin',(36.1681115815438,64.5663002895963,0.));
#4551=CARTESIAN_POINT('',(36.1681115815438,64.5663002895963,0.));
#4552=CARTESIAN_POINT('',(36.5098800173282,60.4650790601833,0.));
#4553=CARTESIAN_POINT('',(36.1681115815438,64.5663002895963,10.));
#4554=CARTESIAN_POINT('',(36.5098800173282,60.4650790601833,10.));
#4555=CARTESIAN_POINT('',(36.1681115815438,64.5663002895963,0.));
#4556=CARTESIAN_POINT('Origin',(29.4466656777837,70.3194022919672,0.));
#4557=CARTESIAN_POINT('',(29.4466656777837,70.3194022919672,0.));
#4558=CARTESIAN_POINT('',(36.1681115815438,64.5663002895963,0.));
#4559=CARTESIAN_POINT('',(29.4466656777837,70.3194022919672,10.));
#4560=CARTESIAN_POINT('',(36.1681115815438,64.5663002895963,10.));
#4561=CARTESIAN_POINT('',(29.4466656777837,70.3194022919672,0.));
#4562=CARTESIAN_POINT('Origin',(25.000000372529,70.3194022919672,0.));
#4563=CARTESIAN_POINT('',(25.000000372529,70.3194022919672,0.));
#4564=CARTESIAN_POINT('',(29.4466656777837,70.3194022919672,0.));
#4565=CARTESIAN_POINT('',(25.000000372529,70.3194022919672,10.));
#4566=CARTESIAN_POINT('',(29.4466656777837,70.3194022919672,10.));
#4567=CARTESIAN_POINT('',(25.000000372529,70.3194022919672,0.));
#4568=CARTESIAN_POINT('Origin',(19.5217398250365,63.9190582859858,0.));
#4569=CARTESIAN_POINT('',(19.5217398250365,63.9190582859858,0.));
#4570=CARTESIAN_POINT('',(25.000000372529,70.3194022919672,0.));
#4571=CARTESIAN_POINT('',(19.5217398250365,63.9190582859858,10.));
#4572=CARTESIAN_POINT('',(25.000000372529,70.3194022919672,10.));
#4573=CARTESIAN_POINT('',(19.5217398250365,63.9190582859858,0.));
#4574=CARTESIAN_POINT('Origin',(19.5217398250365,60.0000008940697,0.));
#4575=CARTESIAN_POINT('',(19.5217398250365,63.9190582859858,0.));
#4576=CARTESIAN_POINT('',(19.5217398250365,63.9190582859858,10.));
#4577=CARTESIAN_POINT('Origin',(28.697816016063,50.4667971154689,0.));
#4578=CARTESIAN_POINT('',(25.4091491010023,48.253271307255,0.));
#4579=CARTESIAN_POINT('',(31.8399505238735,48.0497705709993,0.));
#4580=CARTESIAN_POINT('Origin',(28.697816016063,50.4667971154689,0.));
#4581=CARTESIAN_POINT('',(25.4091491010023,48.253271307255,10.));
#4582=CARTESIAN_POINT('',(25.4091491010023,48.253271307255,0.));
#4583=CARTESIAN_POINT('',(31.8399505238735,48.0497705709993,10.));
#4584=CARTESIAN_POINT('Origin',(28.697816016063,50.4667971154689,10.));
#4585=CARTESIAN_POINT('',(31.8399505238735,48.0497705709993,0.));
#4586=CARTESIAN_POINT('Origin',(29.731472707604,53.1740190967826,0.));
#4587=CARTESIAN_POINT('',(29.731472707604,53.1740190967826,0.));
#4588=CARTESIAN_POINT('',(29.731472707604,53.1740190967826,0.));
#4589=CARTESIAN_POINT('',(29.731472707604,53.1740190967826,10.));
#4590=CARTESIAN_POINT('',(29.731472707604,53.1740190967826,10.));
#4591=CARTESIAN_POINT('',(29.731472707604,53.1740190967826,0.));
#4592=CARTESIAN_POINT('Origin',(27.6239006869335,53.1740190967826,0.));
#4593=CARTESIAN_POINT('',(27.6239006869335,53.1740190967826,0.));
#4594=CARTESIAN_POINT('',(27.6239006869335,53.1740190967826,0.));
#4595=CARTESIAN_POINT('',(27.6239006869335,53.1740190967826,10.));
#4596=CARTESIAN_POINT('',(27.6239006869335,53.1740190967826,10.));
#4597=CARTESIAN_POINT('',(27.6239006869335,53.1740190967826,0.));
#4598=CARTESIAN_POINT('Origin',(25.4091491010023,48.253271307255,0.));
#4599=CARTESIAN_POINT('',(25.4091491010023,48.253271307255,0.));
#4600=CARTESIAN_POINT('',(25.4091491010023,48.253271307255,10.));
#4601=CARTESIAN_POINT('Origin',(40.0061264835141,77.0000011473894,0.));
#4602=CARTESIAN_POINT('',(40.0061264835141,121.076453658997,0.));
#4603=CARTESIAN_POINT('',(40.0061264835141,77.0000011473894,0.));
#4604=CARTESIAN_POINT('',(40.0061264835141,121.076453658997,0.));
#4605=CARTESIAN_POINT('',(40.0061264835141,121.076453658997,10.));
#4606=CARTESIAN_POINT('',(40.0061264835141,121.076453658997,0.));
#4607=CARTESIAN_POINT('',(40.0061264835141,77.0000011473894,10.));
#4608=CARTESIAN_POINT('',(40.0061264835141,121.076453658997,10.));
#4609=CARTESIAN_POINT('',(40.0061264835141,77.0000011473894,0.));
#4610=CARTESIAN_POINT('Origin',(34.4690038528436,71.2695847917011,0.));
#4611=CARTESIAN_POINT('',(34.4690038528436,71.2695847917011,0.));
#4612=CARTESIAN_POINT('',(40.0061264835141,77.0000011473894,0.));
#4613=CARTESIAN_POINT('',(34.4690038528436,71.2695847917011,10.));
#4614=CARTESIAN_POINT('',(40.0061264835141,77.0000011473894,10.));
#4615=CARTESIAN_POINT('',(34.4690038528436,71.2695847917011,0.));
#4616=CARTESIAN_POINT('Origin',(40.0061264835141,63.239958559745,0.));
#4617=CARTESIAN_POINT('',(40.0061264835141,63.239958559745,0.));
#4618=CARTESIAN_POINT('',(34.4690038528436,71.2695847917011,0.));
#4619=CARTESIAN_POINT('',(40.0061264835141,63.239958559745,10.));
#4620=CARTESIAN_POINT('',(34.4690038528436,71.2695847917011,10.));
#4621=CARTESIAN_POINT('',(40.0061264835141,63.239958559745,0.));
#4622=CARTESIAN_POINT('Origin',(40.0061264835141,58.6051569869726,0.));
#4623=CARTESIAN_POINT('',(40.0061264835141,58.6051569869726,0.));
#4624=CARTESIAN_POINT('',(40.0061264835141,63.239958559745,0.));
#4625=CARTESIAN_POINT('',(40.0061264835141,58.6051569869726,10.));
#4626=CARTESIAN_POINT('',(40.0061264835141,63.239958559745,10.));
#4627=CARTESIAN_POINT('',(40.0061264835141,58.6051569869726,0.));
#4628=CARTESIAN_POINT('Origin',(34.0000005066395,56.000000834465,0.));
#4629=CARTESIAN_POINT('',(34.0000005066395,56.000000834465,0.));
#4630=CARTESIAN_POINT('',(40.0061264835141,58.6051569869726,0.));
#4631=CARTESIAN_POINT('',(34.0000005066395,56.000000834465,10.));
#4632=CARTESIAN_POINT('',(40.0061264835141,58.6051569869726,10.));
#4633=CARTESIAN_POINT('',(34.0000005066395,56.000000834465,0.));
#4634=CARTESIAN_POINT('Origin',(41.0000006109476,51.0000007599592,0.));
#4635=CARTESIAN_POINT('',(41.0000006109476,51.0000007599592,0.));
#4636=CARTESIAN_POINT('',(34.0000005066395,56.000000834465,0.));
#4637=CARTESIAN_POINT('',(41.0000006109476,51.0000007599592,10.));
#4638=CARTESIAN_POINT('',(34.0000005066395,56.000000834465,10.));
#4639=CARTESIAN_POINT('',(41.0000006109476,51.0000007599592,0.));
#4640=CARTESIAN_POINT('Origin',(41.0985664067146,46.1573810108719,0.));
#4641=CARTESIAN_POINT('',(41.0985664067146,46.1573810108719,0.));
#4642=CARTESIAN_POINT('',(41.0000006109476,51.0000007599592,0.));
#4643=CARTESIAN_POINT('',(41.0985664067146,46.1573810108719,10.));
#4644=CARTESIAN_POINT('',(41.0000006109476,51.0000007599592,10.));
#4645=CARTESIAN_POINT('',(41.0985664067146,46.1573810108719,0.));
#4646=CARTESIAN_POINT('Origin',(35.0985664067146,46.1573810108719,0.));
#4647=CARTESIAN_POINT('',(35.0985664067146,46.1573810108719,0.));
#4648=CARTESIAN_POINT('',(35.0985664067146,46.1573810108719,0.));
#4649=CARTESIAN_POINT('',(35.0985664067146,46.1573810108719,10.));
#4650=CARTESIAN_POINT('',(35.0985664067146,46.1573810108719,10.));
#4651=CARTESIAN_POINT('',(35.0985664067146,46.1573810108719,0.));
#4652=CARTESIAN_POINT('Origin',(28.697816016063,50.4667971154689,0.));
#4653=CARTESIAN_POINT('',(22.1261987737905,46.4227249663781,0.));
#4654=CARTESIAN_POINT('Origin',(28.697816016063,50.4667971154689,0.));
#4655=CARTESIAN_POINT('',(22.1261987737905,46.4227249663781,10.));
#4656=CARTESIAN_POINT('Origin',(28.697816016063,50.4667971154689,10.));
#4657=CARTESIAN_POINT('',(22.1261987737905,46.4227249663781,0.));
#4658=CARTESIAN_POINT('Origin',(16.1261987737905,46.4227249663781,0.));
#4659=CARTESIAN_POINT('',(16.1261987737905,46.4227249663781,0.));
#4660=CARTESIAN_POINT('',(22.1261987737905,46.4227249663781,0.));
#4661=CARTESIAN_POINT('',(16.1261987737905,46.4227249663781,10.));
#4662=CARTESIAN_POINT('',(22.1261987737905,46.4227249663781,10.));
#4663=CARTESIAN_POINT('',(16.1261987737905,46.4227249663781,0.));
#4664=CARTESIAN_POINT('Origin',(16.1261987737905,49.3916560086222,0.));
#4665=CARTESIAN_POINT('',(16.1261987737905,49.3916560086222,0.));
#4666=CARTESIAN_POINT('',(16.1261987737905,46.4227249663781,0.));
#4667=CARTESIAN_POINT('',(16.1261987737905,49.3916560086222,10.));
#4668=CARTESIAN_POINT('',(16.1261987737905,46.4227249663781,10.));
#4669=CARTESIAN_POINT('',(16.1261987737905,49.3916560086222,0.));
#4670=CARTESIAN_POINT('Origin',(20.9820974845744,54.6408743538153,0.));
#4671=CARTESIAN_POINT('',(20.9820974845744,54.6408743538153,0.));
#4672=CARTESIAN_POINT('',(16.1261987737905,49.3916560086222,0.));
#4673=CARTESIAN_POINT('',(20.9820974845744,54.6408743538153,10.));
#4674=CARTESIAN_POINT('',(16.1261987737905,49.3916560086222,10.));
#4675=CARTESIAN_POINT('',(20.9820974845744,54.6408743538153,0.));
#4676=CARTESIAN_POINT('Origin',(15.247380208168,57.7442279978765,0.));
#4677=CARTESIAN_POINT('',(15.247380208168,57.7442279978765,0.));
#4678=CARTESIAN_POINT('',(20.9820974845744,54.6408743538153,0.));
#4679=CARTESIAN_POINT('',(15.247380208168,57.7442279978765,10.));
#4680=CARTESIAN_POINT('',(20.9820974845744,54.6408743538153,10.));
#4681=CARTESIAN_POINT('',(15.247380208168,57.7442279978765,0.));
#4682=CARTESIAN_POINT('Origin',(15.247380208168,63.4361515047124,0.));
#4683=CARTESIAN_POINT('',(15.247380208168,63.4361515047124,0.));
#4684=CARTESIAN_POINT('',(15.247380208168,57.7442279978765,0.));
#4685=CARTESIAN_POINT('',(15.247380208168,63.4361515047124,10.));
#4686=CARTESIAN_POINT('',(15.247380208168,57.7442279978765,10.));
#4687=CARTESIAN_POINT('',(15.247380208168,63.4361515047124,0.));
#4688=CARTESIAN_POINT('Origin',(23.0000003427267,71.0000010579824,0.));
#4689=CARTESIAN_POINT('',(23.0000003427267,71.0000010579824,0.));
#4690=CARTESIAN_POINT('',(15.247380208168,63.4361515047124,0.));
#4691=CARTESIAN_POINT('',(23.0000003427267,71.0000010579824,10.));
#4692=CARTESIAN_POINT('',(15.247380208168,63.4361515047124,10.));
#4693=CARTESIAN_POINT('',(23.0000003427267,71.0000010579824,0.));
#4694=CARTESIAN_POINT('Origin',(16.6715289803529,76.2499715963981,0.));
#4695=CARTESIAN_POINT('',(16.6715289803529,76.2499715963981,0.));
#4696=CARTESIAN_POINT('',(23.0000003427267,71.0000010579824,0.));
#4697=CARTESIAN_POINT('',(16.6715289803529,76.2499715963981,10.));
#4698=CARTESIAN_POINT('',(23.0000003427267,71.0000010579824,10.));
#4699=CARTESIAN_POINT('',(16.6715289803529,76.2499715963981,0.));
#4700=CARTESIAN_POINT('Origin',(16.0000002384186,121.000001803041,0.));
#4701=CARTESIAN_POINT('',(16.0000002384186,121.000001803041,0.));
#4702=CARTESIAN_POINT('',(16.6715289803529,76.2499715963981,0.));
#4703=CARTESIAN_POINT('',(16.0000002384186,121.000001803041,10.));
#4704=CARTESIAN_POINT('',(16.6715289803529,76.2499715963981,10.));
#4705=CARTESIAN_POINT('',(16.0000002384186,121.000001803041,0.));
#4706=CARTESIAN_POINT('Origin',(28.0000004172325,122.000001817942,0.));
#4707=CARTESIAN_POINT('Origin',(28.0000004172325,122.000001817942,0.));
#4708=CARTESIAN_POINT('Origin',(28.0000004172325,122.000001817942,10.));
#4709=CARTESIAN_POINT('Origin',(28.1729733074413,88.3960667052585,10.));
#4710=CARTESIAN_POINT('Origin',(28.1729733074413,88.3960667052585,0.));
#4711=UNCERTAINTY_MEASURE_WITH_UNIT(LENGTH_MEASURE(0.01),#4715,
'DISTANCE_ACCURACY_VALUE',
'Maximum model space distance between geometric entities at asserted c
onnectivities');
#4712=UNCERTAINTY_MEASURE_WITH_UNIT(LENGTH_MEASURE(0.01),#4715,
'DISTANCE_ACCURACY_VALUE',
'Maximum model space distance between geometric entities at asserted c
onnectivities');
#4713=(
GEOMETRIC_REPRESENTATION_CONTEXT(3)
GLOBAL_UNCERTAINTY_ASSIGNED_CONTEXT((#4711))
GLOBAL_UNIT_ASSIGNED_CONTEXT((#4715,#4717,#4718))
REPRESENTATION_CONTEXT('','3D')
);
#4714=(
GEOMETRIC_REPRESENTATION_CONTEXT(3)
GLOBAL_UNCERTAINTY_ASSIGNED_CONTEXT((#4712))
GLOBAL_UNIT_ASSIGNED_CONTEXT((#4715,#4717,#4718))
REPRESENTATION_CONTEXT('','3D')
);
#4715=(
LENGTH_UNIT()
NAMED_UNIT(*)
SI_UNIT(.MILLI.,.METRE.)
);
#4716=(
LENGTH_UNIT()
NAMED_UNIT(*)
SI_UNIT($,.METRE.)
);
#4717=(
NAMED_UNIT(*)
PLANE_ANGLE_UNIT()
SI_UNIT($,.RADIAN.)
);
#4718=(
NAMED_UNIT(*)
SI_UNIT($,.STERADIAN.)
SOLID_ANGLE_UNIT()
);
#4719=SHAPE_DEFINITION_REPRESENTATION(#4720,#4721);
#4720=PRODUCT_DEFINITION_SHAPE('',$,#4723);
#4721=SHAPE_REPRESENTATION('',(#2963),#4713);
#4722=PRODUCT_DEFINITION_CONTEXT('part definition',#4727,'design');
#4723=PRODUCT_DEFINITION('base','base',#4724,#4722);
#4724=PRODUCT_DEFINITION_FORMATION('',$,#4729);
#4725=PRODUCT_RELATED_PRODUCT_CATEGORY('base','base',(#4729));
#4726=APPLICATION_PROTOCOL_DEFINITION('international standard',
'automotive_design',2009,#4727);
#4727=APPLICATION_CONTEXT(
'Core Data for Automotive Mechanical Design Process');
#4728=PRODUCT_CONTEXT('part definition',#4727,'mechanical');
#4729=PRODUCT('base','base',$,(#4728));
#4730=PRESENTATION_STYLE_ASSIGNMENT((#4731));
#4731=SURFACE_STYLE_USAGE(.BOTH.,#4732);
#4732=SURFACE_SIDE_STYLE('',(#4733));
#4733=SURFACE_STYLE_FILL_AREA(#4734);
#4734=FILL_AREA_STYLE('Steel - Satin',(#4735));
#4735=FILL_AREA_STYLE_COLOUR('Steel - Satin',#4736);
#4736=COLOUR_RGB('Steel - Satin',0.627450980392157,0.627450980392157,0.627450980392157);
ENDSEC;
END-ISO-10303-21;
